video_id,title,published_at,duration,views,likes,comments,url,incident_date,case_number,year,has_transcript,mentions_ghost_gun,ghost_gun_mentions
LZPxKI5YGAk,Hollenbeck Area (Newton) OIS 6/9/2026 (NRF026-26),2026-07-17 19:51:48+00:00,PT19M15S,6517,428,0,https://youtu.be/LZPxKI5YGAk,2026-06-09,NRF026-26,2026,True,False,0
a5c4-ZpEZ1A,Pacific Area OIS 6/5/2026 (NRF025-26),2026-07-17 16:00:37+00:00,PT16M43S,15499,524,0,https://youtu.be/a5c4-ZpEZ1A,2026-06-05,NRF025-26,2026,True,True,3
77RuVw2t9gg,Hollenbeck Area OIS 5/16/2026 (NRF024-26),2026-06-30 15:00:14+00:00,PT17M13S,17313,530,0,https://youtu.be/77RuVw2t9gg,2026-05-16,NRF024-26,2026,True,False,0
6G5qLm-qNv0,Topanga Area OIS 6/13/26 (NRF027-26),2026-06-19 23:53:18+00:00,PT8M5S,126751,830,0,https://youtu.be/6G5qLm-qNv0,2026-06-13,NRF027-26,2026,True,False,0
tnQiPLgZdW8,Mission Area OIS 5/5/2026 (NRF023-26),2026-06-19 15:00:13+00:00,PT13M18S,17544,491,0,https://youtu.be/tnQiPLgZdW8,2026-05-05,NRF023-26,2026,True,False,0
iWx8Vs7s8Wg,77th Street Area OIS 5/1/2026 (NRF021-26),2026-06-15 17:49:14+00:00,PT10M41S,13188,494,0,https://youtu.be/iWx8Vs7s8Wg,2026-05-01,NRF021-26,2026,True,False,0
sq0ZEwwMJHU,Central Area (Outside) OIS 4/8/2026 (NRF019-26),2026-05-23 15:00:57+00:00,PT17M21S,25885,853,0,https://youtu.be/sq0ZEwwMJHU,2026-04-08,NRF019-26,2026,True,False,0
6MpSNVpFI0k,Central Area OIS 3/19/2026 (NRF014-26),2026-05-04 01:02:32+00:00,PT14M8S,14984,578,0,https://youtu.be/6MpSNVpFI0k,2026-03-19,NRF014-26,2026,True,False,0
vnONXekrNbw,Wilshire Area OIS  3/10/2026 (NRF012-26),2026-04-24 15:01:39+00:00,PT18M21S,25150,802,0,https://youtu.be/vnONXekrNbw,2026-03-10,NRF012-26,2026,True,False,0
4vv1CNDkC8o,77th Street Area (Outside) OIS  4/03/2026 (NRF017-26),2026-04-23 23:00:05+00:00,PT12M55S,23280,770,0,https://youtu.be/4vv1CNDkC8o,2026-04-03,NRF017-26,2026,True,True,3
ZlsAg5QKTJo,Southeast Area OIS  3/7/2026 (NRF011-26),2026-04-06 15:00:57+00:00,PT14M5S,27151,789,0,https://youtu.be/ZlsAg5QKTJo,2026-03-07,NRF011-26,2026,True,False,0
l51tsdY1rvA,Southeast Area OIS 4/23/2025 (NRF014-25) Revised,2026-03-19 17:37:06+00:00,PT13M30S,15091,500,0,https://youtu.be/l51tsdY1rvA,2025-04-23,NRF014-25,2025,True,False,0
iPalCDuiN7c,Southwest Area OIS 2/5/2026 (NRF008-26),2026-03-07 16:00:57+00:00,PT18M25S,27553,775,0,https://youtu.be/iPalCDuiN7c,2026-02-05,NRF008-26,2026,True,False,0
oZgYn4aojQc,Harbor Area OIS 12/31/25 (NRF075-25),2026-02-14 16:01:13+00:00,PT15M21S,27201,845,0,https://youtu.be/oZgYn4aojQc,2025-12-31,NRF075-25,2025,True,False,0
gSMVgSCnSNA,Newton Area (Central) OIS 12/19/25 (NRF073-25),2026-02-03 00:00:48+00:00,PT11M47S,23173,736,0,https://youtu.be/gSMVgSCnSNA,2025-12-19,NRF073-25,2025,True,False,0
e02TgTAzvnI,Hollywood Area OIS 12/18/25 (NRF072-25),2026-02-01 16:00:56+00:00,PT11M56S,19775,721,0,https://youtu.be/e02TgTAzvnI,2025-12-18,NRF072-25,2025,False,False,0
ca8qeWbzR-o,Topanga Area OIS 12/16/25 (NRF071-25),2026-01-30 16:00:55+00:00,PT20M43S,27417,696,0,https://youtu.be/ca8qeWbzR-o,2025-12-16,NRF071-25,2025,True,False,0
7XKXvbD8h-Q,West Valley Area OIS 12/8/25 (NRF070-25),2026-01-22 16:00:09+00:00,PT26M10S,31333,901,0,https://youtu.be/7XKXvbD8h-Q,2025-12-08,NRF070-25,2025,True,False,0
bBaB2xYtNyc,West Valley Area OIS 12/3/25 (NRF068-25),2026-01-17 16:00:54+00:00,PT10M37S,20499,667,0,https://youtu.be/bBaB2xYtNyc,2025-12-03,NRF068-25,2025,True,False,0
OwsdM_tHC1I,Rampart Area OIS 12/02/25 (NRF067-25),2026-01-16 16:00:46+00:00,PT7M6S,20630,666,0,https://youtu.be/OwsdM_tHC1I,2025-12-02,NRF067-25,2025,True,False,0
DSz-BipYvCc,Olympic Area OIS 11/28/25 (NRF066-25),2026-01-12 16:00:22+00:00,PT11M25S,8121,296,0,https://youtu.be/DSz-BipYvCc,2025-11-28,NRF066-25,2025,False,False,0
ryjp1h58dMk,77th Area OIS 11/20/25 (NRF063-25),2026-01-04 16:01:30+00:00,PT19M7S,42878,854,0,https://youtu.be/ryjp1h58dMk,2025-11-20,NRF063-25,2025,True,False,0
S0Qjx241s1s,Topanga Area OIS 11/2/25 (NRF061-25),2025-12-31 02:44:22+00:00,PT15M17S,33489,857,0,https://youtu.be/S0Qjx241s1s,2025-11-02,NRF061-25,2025,True,False,0
cs3-LSTv4JU,Devonshire Area OIS 11/2/25 (NRF057-25),2025-12-17 16:01:08+00:00,PT13M18S,23029,624,0,https://youtu.be/cs3-LSTv4JU,2025-11-02,NRF057-25,2025,True,True,3
ZaIYeHbhjgs,Southeast Area OIS 11/11/25 (NRF059-25),2025-12-16 20:00:35+00:00,PT13M46S,18742,636,0,https://youtu.be/ZaIYeHbhjgs,2025-11-11,NRF059-25,2025,True,False,0
IdgMEB2-IIM,Central Area OIS 10/6/25 (NRF053-25),2025-11-21 01:45:39+00:00,PT15M37S,31934,749,0,https://youtu.be/IdgMEB2-IIM,2025-10-06,NRF053-25,2025,True,False,0
PdDaiHg3N38,Hollenbeck Area OIS 9/21/2025 (NRF051-25),2025-11-05 16:00:39+00:00,PT9M18S,28428,597,0,https://youtu.be/PdDaiHg3N38,2025-09-21,NRF051-25,2025,True,False,0
kKw2pjM1EbE,Hollenbeck Area OIS 9/14/2025 (NRF048-25),2025-10-29 15:01:28+00:00,PT9M20S,20561,643,0,https://youtu.be/kKw2pjM1EbE,2025-09-14,NRF048-25,2025,True,False,0
aF0IePvBliU,Mission Area OIS 9/10/2025 (NRF047-25),2025-10-25 15:00:02+00:00,PT18M12S,26934,702,0,https://youtu.be/aF0IePvBliU,2025-09-10,NRF047-25,2025,True,False,0
04m3ffLOJ9w,Southwest Area OIS 8/23/2025 (NRF044-25),2025-10-08 02:13:17+00:00,PT16M13S,26901,721,0,https://youtu.be/04m3ffLOJ9w,2025-08-23,NRF044-25,2025,True,False,0
vqkH2QiYG3E,Hollenbeck Area OIS 8/22/2025 (NRF043-25),2025-10-07 13:45:23+00:00,PT16M47S,15869,487,0,https://youtu.be/vqkH2QiYG3E,2025-08-22,NRF043-25,2025,True,False,0
WowBR_9lJhA,Rampart Area OIS 8/21/2025 (NRF042-25),2025-10-05 15:00:53+00:00,PT16M13S,30012,730,0,https://youtu.be/WowBR_9lJhA,2025-08-21,NRF042-25,2025,False,False,0
9JWwPDOeR_c,Southwest Area OIS 8/31/2025 (NRF045-25),2025-10-01 15:00:26+00:00,PT12M44S,31555,865,0,https://youtu.be/9JWwPDOeR_c,2025-08-31,NRF045-25,2025,False,False,0
Knsnj6oEaKg,Mission (Foothill) Area OIS 8/14/2025 (NRF041-25),2025-09-28 15:00:36+00:00,PT11M23S,19332,568,0,https://youtu.be/Knsnj6oEaKg,2025-08-14,NRF041-25,2025,False,False,0
JC5N-fFPHfg,Devonshire Area OIS 7/20/25 (NRF037-25),2025-09-03 15:00:34+00:00,PT11M45S,24807,697,0,https://youtu.be/JC5N-fFPHfg,2025-07-20,NRF037-25,2025,False,False,0
4CBbKAgYD1Y,Hollenbeck Area OIS 7/14/25 (NRF035-25),2025-08-28 15:00:09+00:00,PT17M19S,29691,780,0,https://youtu.be/4CBbKAgYD1Y,2025-07-14,NRF035-25,2025,False,False,0
kJlULR9BEDI,Central Area OIS 7/13/25 (NRF034-25),2025-08-27 15:01:20+00:00,PT17M15S,59996,1031,0,https://youtu.be/kJlULR9BEDI,2025-07-13,NRF034-25,2025,False,False,0
C2sqJMfVbAg,77th Area OIS 7/10/25 (NRF033-25),2025-08-24 15:00:29+00:00,PT10M46S,31002,823,0,https://youtu.be/C2sqJMfVbAg,2025-07-10,NRF033-25,2025,False,False,0
DcUjbKMlSKw,Newton Area OIS 6/28/25 (NRF029-25),2025-08-12 15:00:21+00:00,PT7M39S,22777,630,0,https://youtu.be/DcUjbKMlSKw,2025-06-28,NRF029-25,2025,False,False,0
_HGOZISRJIk,Southwest Area OIS 7/5/2025 (NRF032-25),2025-08-07 17:00:55+00:00,PT12M34S,34657,926,0,https://youtu.be/_HGOZISRJIk,2025-07-05,NRF032-25,2025,False,False,0
E1qjU2C7u6I,Rampart Area OIS 6/19/25 (NRF028-25),2025-08-03 15:00:21+00:00,PT24M4S,48258,1089,0,https://youtu.be/E1qjU2C7u6I,2025-06-19,NRF028-25,2025,False,False,0
nUqCqZqOYc4,Olympic Area OIS 6/5/25 (NRF024-25),2025-07-20 15:01:14+00:00,PT13M56S,25763,646,0,https://youtu.be/nUqCqZqOYc4,2025-06-05,NRF024-25,2025,False,False,0
wcAngkUeLBY,Olympic Area OIS 6/3/25 (NRF023-25),2025-07-18 15:01:48+00:00,PT11M21S,23382,643,0,https://youtu.be/wcAngkUeLBY,2025-06-03,NRF023-25,2025,False,False,0
ZjybHLhN0B0,Olympic Area OIS 5/28/25 (NRF022-25),2025-07-12 15:00:56+00:00,PT12M39S,24973,679,0,https://youtu.be/ZjybHLhN0B0,2025-05-28,NRF022-25,2025,False,False,0
K9AiFx0i2Xc,Topanga Area (Van Nuys) OIS 5/26/2025 (NRF021-25),2025-07-10 15:00:37+00:00,PT26M28S,43028,914,0,https://youtu.be/K9AiFx0i2Xc,2025-05-26,NRF021-25,2025,False,False,0
6TOcUUfHga0,Foothill Area OIS 5/16/2025 (NRF018-25),2025-06-26 19:00:06+00:00,PT11M38S,26028,653,0,https://youtu.be/6TOcUUfHga0,2025-05-16,NRF018-25,2025,False,False,0
rc_9BnI7ao0,West Valley Area OIS 5/12/2025 (NRF017-25),2025-06-26 15:01:29+00:00,PT14M47S,21718,617,0,https://youtu.be/rc_9BnI7ao0,2025-05-12,NRF017-25,2025,False,False,0
l_M8zKtGXzY,Southeast Area OIS 5/3/2025 (NRF015-25),2025-06-17 15:01:15+00:00,PT10M31S,24394,695,0,https://youtu.be/l_M8zKtGXzY,2025-05-03,NRF015-25,2025,False,False,0
aDLNgWmnR6o,Southeast Area OIS 4/23/2025 (NRF014-25),2025-06-06 00:20:48+00:00,PT13M30S,28534,819,0,https://youtu.be/aDLNgWmnR6o,2025-04-23,NRF014-25,2025,False,False,0
LyuOBAXs3X4,West Valley Area OIS 4/20/2025 (NRF013-25),2025-05-29 21:00:23+00:00,PT14M49S,32431,887,0,https://youtu.be/LyuOBAXs3X4,2025-04-20,NRF013-25,2025,False,False,0
rwNXw3EzCak,77th Area (SWAT) OIS 3/26/2025 (NRF011-25),2025-05-08 15:01:24+00:00,PT14M37S,38119,789,0,https://youtu.be/rwNXw3EzCak,2025-03-26,NRF011-25,2025,False,False,0
fbFL1hPT_A4,Northeast Area OIS 4/8/2025 (NRF012-25),2025-04-25 20:09:27+00:00,PT22M,266055,1232,0,https://youtu.be/fbFL1hPT_A4,2025-04-08,NRF012-25,2025,False,False,0
U8ZE86SEH_c,Southeast Area OIS 3/14/2025 (NRF010-25),2025-04-18 19:00:21+00:00,PT11M19S,34695,759,0,https://youtu.be/U8ZE86SEH_c,2025-03-14,NRF010-25,2025,False,False,0
_Hc5pErY-bQ,Southwest Area OIS 3/11/2025  (NRF009-25),2025-04-18 15:01:02+00:00,PT13M45S,33889,713,0,https://youtu.be/_Hc5pErY-bQ,2025-03-11,NRF009-25,2025,False,False,0
oKgLgJrhBwo,Rampart Area OIS 3/3/2025 (NRF007-25),2025-04-15 03:59:35+00:00,PT20M41S,32152,718,0,https://youtu.be/oKgLgJrhBwo,2025-03-03,NRF007-25,2025,False,False,0
RBS-C4Xkx60,Wilshire Area OIS 2/19/2025 (NRF006-25),2025-04-03 15:00:38+00:00,PT12M47S,41768,1003,0,https://youtu.be/RBS-C4Xkx60,2025-02-19,NRF006-25,2025,False,False,0
x_gq7s57Nx4,Harbor Area (SWAT) OIS 02/11/2025 (NRF005-25),2025-03-24 19:00:48+00:00,PT33M48S,124708,2033,0,https://youtu.be/x_gq7s57Nx4,2025-02-11,NRF005-25,2025,False,False,0
xyJCYtUfadE,Foothill Area OIS 02/7/25 (NRF004-25),2025-03-09 15:01:13+00:00,PT17M10S,72883,927,0,https://youtu.be/xyJCYtUfadE,2025-02-07,NRF004-25,2025,False,False,0
ADQ2eKsQxDQ,Southwest Area OIS 01/20/25 (NRF003-25),2025-03-03 16:00:09+00:00,PT24M48S,40715,861,0,https://youtu.be/ADQ2eKsQxDQ,2025-01-20,NRF003-25,2025,False,False,0
G76lmnBaxpA,Southwest Area OIS 01/11/25 (NRF001-25),2025-02-25 00:00:18+00:00,PT12M6S,35114,894,0,https://youtu.be/G76lmnBaxpA,2025-01-11,NRF001-25,2025,False,False,0
BjlJ9-xegJQ,Topanga Area OIS 12/29/24 (NRF057-24),2025-01-31 16:00:11+00:00,PT20M43S,46977,1127,0,https://youtu.be/BjlJ9-xegJQ,2024-12-29,NRF057-24,2024,False,False,0
8C3rdoT0Jcw,Southeast Area OIS 12/28/24 (NRF056-24),2025-01-31 00:00:12+00:00,PT13M24S,29260,825,0,https://youtu.be/8C3rdoT0Jcw,2024-12-28,NRF056-24,2024,False,False,0
20sA9QIVncc,Southeast Area OIS 12/26/24 (NRF055-24),2025-01-30 00:00:01+00:00,PT13M41S,39687,987,0,https://youtu.be/20sA9QIVncc,2024-12-26,NRF055-24,2024,False,False,0
ddHHB6eZTWk,Southwest Area (HARB/SOE) OIS 11/26/24 (NRF053-24),2025-01-07 16:00:39+00:00,PT23M29S,30802,982,0,https://youtu.be/ddHHB6eZTWk,2024-11-26,NRF053-24,2024,False,False,0
56amt9WdbQc,Northeast Area OIS 11/22/24 (NRF052-24),2025-01-07 00:00:03+00:00,PT22M42S,24718,722,0,https://youtu.be/56amt9WdbQc,2024-11-22,NRF052-24,2024,False,False,0
Dw5mDzniywE,Southeast Area OIS 11/1/24 (NRF051-24),2024-12-03 22:00:08+00:00,PT20M54S,64314,1206,0,https://youtu.be/Dw5mDzniywE,2024-11-01,NRF051-24,2024,False,False,0
rgNvvsJaSbE,Hollywood Area OIS 10/3/2024 {NRF049-24),2024-11-08 16:08:35+00:00,PT21M32S,45500,869,0,https://youtu.be/rgNvvsJaSbE,2024-10-03,,2024,False,False,0
BDgtnbP1jB4,North Hollywood Area OIS 9/16/24 (NRF047-24),2024-10-18 15:00:19+00:00,PT26M38S,60644,1545,0,https://youtu.be/BDgtnbP1jB4,2024-09-16,NRF047-24,2024,False,False,0
7BbYS2PdzwQ,77th St. Area OIS 9/3/24 (NRF045-24),2024-10-03 15:00:08+00:00,PT16M30S,46754,922,0,https://youtu.be/7BbYS2PdzwQ,2024-09-03,NRF045-24,2024,False,False,0
xz5nYCrR8p0,North Hollywood Area OIS 9/2/24 (NRF044-24),2024-10-02 19:00:36+00:00,PT15M32S,78280,1147,0,https://youtu.be/xz5nYCrR8p0,2024-09-02,NRF044-24,2024,False,False,0
XoLrWqa-Ldk,2 - OIS in Hollenbeck with gang suspect,2024-09-12 21:40:02+00:00,PT2M46S,13522,456,0,https://youtu.be/XoLrWqa-Ldk,,,2024,False,False,0
BMkC--Lbry0,WLA Division (SWAT) OIS 7/29/2024 (NRF040-24),2024-08-28 19:00:08+00:00,PT26M32S,59853,1261,0,https://youtu.be/BMkC--Lbry0,2024-07-29,NRF040-24,2024,False,False,0
i_m0mSVJzy4,77th Street Area OIS  7/13/24 (NRF037-24),2024-08-12 23:00:21+00:00,PT14M53S,73568,1249,0,https://youtu.be/i_m0mSVJzy4,2024-07-13,NRF037-24,2024,False,False,0
DkWWOubY2f4,Southeast Area OIS 7/3/2024 (NRF034-24),2024-07-19 21:00:07+00:00,PT11M26S,135434,2197,0,https://youtu.be/DkWWOubY2f4,2024-07-03,NRF034-24,2024,False,False,0
dnzXs0XvpRk,Mission Area OIS 6/15/2024 (NRF031-24),2024-07-15 15:00:42+00:00,PT20M54S,44019,866,0,https://youtu.be/dnzXs0XvpRk,2024-06-15,NRF031-24,2024,False,False,0
xsrkOQ0pygc,Foothill Area OIS (NRF030-24),2024-07-11 15:00:55+00:00,PT10M17S,27210,760,0,https://youtu.be/xsrkOQ0pygc,,NRF030-24,2024,False,False,0
z70-bPYF4_E,Southeast Area OIS (NRF027-24),2024-06-19 17:36:41+00:00,PT12M23S,24788,773,0,https://youtu.be/z70-bPYF4_E,,NRF027-24,2024,False,False,0
BYiihkAr6eo,Central Area OIS 4/18/24 (NRF019-24),2024-05-18 19:00:04+00:00,PT11M32S,41048,887,0,https://youtu.be/BYiihkAr6eo,2024-04-18,NRF019-24,2024,False,False,0
9DfXuwJ2H0s,Torrance OIS 04/18/2024 (NRF018-24),2024-05-18 15:00:14+00:00,PT8M31S,24615,611,0,https://youtu.be/9DfXuwJ2H0s,2024-04-18,NRF018-24,2024,False,False,0
0GTvW4wyYLs,Olympic Area OIS 05/02/2024 (NRF024-24),2024-05-16 21:00:00+00:00,PT24M48S,80199,998,0,https://youtu.be/0GTvW4wyYLs,2024-05-02,NRF024-24,2024,False,False,0
isbUzGtWA4U,Hollenbeck Area OIS 03/31/24 (NRF017-24),2024-04-30 21:00:34+00:00,PT11M11S,30559,763,0,https://youtu.be/isbUzGtWA4U,2024-03-31,NRF017-24,2024,False,False,0
rVJ55FdTnEA,West Valley Area (SWAT) OIS 03/21/2024 (NRF014-24),2024-04-23 17:00:38+00:00,PT19M55S,53573,1170,0,https://youtu.be/rVJ55FdTnEA,2024-03-21,NRF014-24,2024,False,False,0
hPecEs0Cc3o,Mission Area (SWAT) OIS 03/09/24 (NRF011-24),2024-04-10 21:00:23+00:00,PT23M1S,61769,1201,0,https://youtu.be/hPecEs0Cc3o,2024-03-09,NRF011-24,2024,False,False,0
n9SaHRbTqN8,77th Area OIS 03/07/2024 (NRF010-24),2024-04-10 01:30:31+00:00,PT12M6S,31076,771,0,https://youtu.be/n9SaHRbTqN8,2024-03-07,NRF010-24,2024,False,False,0
AbR3-Kpzw6k,Central Area OIS 02/20/2024 (NRF007-24),2024-03-21 18:00:06+00:00,PT10M29S,51928,780,0,https://youtu.be/AbR3-Kpzw6k,2024-02-20,NRF007-24,2024,False,False,0
sK7pPJjayzA,Foothill Area OIS 02/16/2024 (NRF005-24),2024-03-19 15:00:50+00:00,PT16M14S,32487,734,0,https://youtu.be/sK7pPJjayzA,2024-02-16,NRF005-24,2024,False,False,0
r6XXO13UEec,Central Area OIS 02/03/2024 (NRF003-24),2024-02-20 16:00:36+00:00,PT12M17S,91082,844,0,https://youtu.be/r6XXO13UEec,2024-02-03,NRF003-24,2024,False,False,0
Tk-KJMmYqXo,Southwest Area (Newton) OIS 01/19/2024 (NRF002-24),2024-02-18 16:00:16+00:00,PT18M19S,47783,1266,0,https://youtu.be/Tk-KJMmYqXo,2024-01-19,NRF002-24,2024,False,False,0
ltino49pPNg,Rampart Area (Newton) OIS 01/14/2024 (NRF001-24),2024-02-13 23:30:07+00:00,PT20M43S,40088,1283,0,https://youtu.be/ltino49pPNg,2024-01-14,NRF001-24,2024,False,False,0
Aj5vujvJhSY,Devonshire Area OIS 12/01/23 (NRF069-23),2023-12-31 16:00:12+00:00,PT12M14S,50322,1210,0,https://youtu.be/Aj5vujvJhSY,2023-12-01,NRF069-23,2023,False,False,0
KbM6WPRmamg,North Hollywood Area OIS (NRF068-23),2023-12-30 16:00:12+00:00,PT24M33S,67679,1190,0,https://youtu.be/KbM6WPRmamg,,NRF068-23,2023,False,False,0
YlGVxDv4NJI,Olympic Area OIS (NRF067-23),2023-12-30 00:00:39+00:00,PT10M53S,39237,822,0,https://youtu.be/YlGVxDv4NJI,,NRF067-23,2023,False,False,0
8En8ywk0r8E,Topanga Area OIS 06 11/1/2023 (NRF064-23),2023-12-01 16:00:09+00:00,PT20M18S,34387,932,0,https://youtu.be/8En8ywk0r8E,2023-11-01,NRF064-23,2023,False,False,0
zOZfsDdbM5M,Central Area OIS 10/14/2023 (NRF060-23),2023-11-14 00:00:34+00:00,PT12M22S,51819,1092,0,https://youtu.be/zOZfsDdbM5M,2023-10-14,NRF060-23,2023,False,False,0
5dkAuADVJjI,Downey OIS 10/11/2023 (NRF059-23),2023-11-11 00:00:02+00:00,PT8M22S,30786,730,0,https://youtu.be/5dkAuADVJjI,2023-10-11,NRF059-23,2023,False,False,0
v7FpFirMXE0,Topanga Area OIS 10/07/2023 (NRF057-23),2023-11-06 16:00:43+00:00,PT17M4S,39874,1066,0,https://youtu.be/v7FpFirMXE0,2023-10-07,NRF057-23,2023,False,False,0
OMA3ZAK9bE0,Harbor Area OIS 10/01/2023 (NRF054-23),2023-11-02 22:41:48+00:00,PT34M5S,100990,1743,0,https://youtu.be/OMA3ZAK9bE0,2023-10-01,NRF054-23,2023,False,False,0
bv7QPiyFQIo,77th Area OIS 09/27/2023 (NRF053-23),2023-10-29 18:45:01+00:00,PT15M19S,44561,1042,0,https://youtu.be/bv7QPiyFQIo,2023-09-27,NRF053-23,2023,False,False,0
mw1lOmR_2xk,Olympic Area OIS 9/13/2023 (NRF048-23),2023-10-16 18:15:06+00:00,PT17M30S,19447,654,0,https://youtu.be/mw1lOmR_2xk,2023-09-13,NRF048-23,2023,False,False,0
DOVeaMrTtlI,Newton Area OIS 9/15/23 (NRF049-23),2023-10-15 15:00:07+00:00,PT14M11S,28136,817,0,https://youtu.be/DOVeaMrTtlI,2023-09-15,NRF049-23,2023,False,False,0
U7f-eUC97OA,Hollywood Area OIS 9/09/2023 (NRF045-23),2023-10-10 03:00:23+00:00,PT9M21S,36413,762,0,https://youtu.be/U7f-eUC97OA,2023-09-09,NRF045-23,2023,False,False,0
J0-NEWbZLOE,Devonshire Officers shot / OIS (1973),2023-09-28 18:18:55+00:00,PT4M57S,4539,123,0,https://youtu.be/J0-NEWbZLOE,,,2023,False,False,0
6DS8hH2G7kg,Harbor Gang Enforcement Detail (GED) OIS,2023-09-28 18:18:50+00:00,PT5M10S,10756,254,0,https://youtu.be/6DS8hH2G7kg,,,2023,False,False,0
RGupYZ9hJ1w,Devonshire OIS 08/27/2023 (NRF043-23),2023-09-26 15:00:18+00:00,PT10M15S,34728,1015,0,https://youtu.be/RGupYZ9hJ1w,2023-08-27,NRF043-23,2023,False,False,0
Iv09oJc_cMc,Northeast Area OIS 08/26/2023 (NRF042-23),2023-09-25 15:23:09+00:00,PT18M31S,38721,874,0,https://youtu.be/Iv09oJc_cMc,2023-08-26,NRF042-23,2023,False,False,0
KnT85Lh8ou0,Bakersfield OIS 08/24/2023 (NRF041-23),2023-09-23 22:30:02+00:00,PT11M54S,53825,1165,0,https://youtu.be/KnT85Lh8ou0,2023-08-24,NRF041-23,2023,False,False,0
T-lyR3RhVZY,Southeast Area OIS 08/18/2023 (NRF040-23),2023-09-17 15:00:28+00:00,PT20M34S,15684,409,0,https://youtu.be/T-lyR3RhVZY,2023-08-18,NRF040-23,2023,False,False,0
k9fpsS5z1p8,Olympic Area OIS 08/12/23 (NRF037-23),2023-09-15 23:00:19+00:00,PT35M3S,89889,1335,0,https://youtu.be/k9fpsS5z1p8,2023-08-12,NRF037-23,2023,False,False,0
WfMX6Bps1Ts,77th Area OIS 08/13/2023 (NRF038-23),2023-09-13 23:00:14+00:00,PT27M33S,87434,1360,0,https://youtu.be/WfMX6Bps1Ts,2023-08-13,NRF038-23,2023,False,False,0
AkbjDOcyBW4,Foothill Area (Northeast) OIS 08/09/23 (NRF035-23),2023-09-09 21:00:07+00:00,PT31M55S,55356,1291,0,https://youtu.be/AkbjDOcyBW4,2023-08-09,NRF035-23,2023,False,False,0
Pp-QE7N-4LE,Olympic Area OIS 08/06/23 (NRF034-23),2023-09-05 22:00:15+00:00,PT12M47S,52372,974,0,https://youtu.be/Pp-QE7N-4LE,2023-08-06,NRF034-23,2023,False,False,0
zydZUuqQahI,West Valley Area OIS 07/25/2023 (NRF032-23),2023-08-25 23:01:05+00:00,PT20M28S,77553,1590,0,https://youtu.be/zydZUuqQahI,2023-07-25,NRF032-23,2023,False,False,0
Y9h4xA27JKs,Newton Area OIS 07/20/2023 (NRF031-23),2023-08-19 15:00:22+00:00,PT14M59S,15438,407,0,https://youtu.be/Y9h4xA27JKs,2023-07-20,NRF031-23,2023,False,False,0
BnF-W3UNynw,West Valley Area OIS 07/09/23 (NRF029-23),2023-08-08 15:00:09+00:00,PT24M47S,25226,815,0,https://youtu.be/BnF-W3UNynw,2023-07-09,NRF029-23,2023,False,False,0
gK4KZOqWwjk,77th Area OIS 06/28/23 (NRF028-23),2023-07-28 15:00:36+00:00,PT12M40S,75155,1502,0,https://youtu.be/gK4KZOqWwjk,2023-06-28,NRF028-23,2023,False,False,0
Wsio3GyBgbU,Central Area OIS 06/25/23 (NRF027-23),2023-07-25 15:00:21+00:00,PT12M12S,47235,988,0,https://youtu.be/Wsio3GyBgbU,2023-06-25,NRF027-23,2023,False,False,0
hSPrFB9OhcM,77th Area OIS 05/26/23 (NRF022-23),2023-06-25 15:00:33+00:00,PT12M24S,40599,806,0,https://youtu.be/hSPrFB9OhcM,2023-05-26,NRF022-23,2023,False,False,0
-js8TXNzlPM,Southeast Area (Newton Area) OIS 05/05/2023 (NRF018-23),2023-06-04 15:00:01+00:00,PT18M49S,34656,848,0,https://youtu.be/-js8TXNzlPM,2023-05-05,NRF018-23,2023,False,False,0
t9q2WftCmUY,North Hollywood Area OIS 4/22/23 (NRF015-23),2023-05-31 21:00:22+00:00,PT20M41S,19545,458,0,https://youtu.be/t9q2WftCmUY,2023-04-22,NRF015-23,2023,False,False,0
cRbKwEhsed4,Hollenbeck Area OIS 03/08/23 (NRF011-23),2023-04-07 21:00:16+00:00,PT28M42S,49590,0,0,https://youtu.be/cRbKwEhsed4,2023-03-08,NRF011-23,2023,False,False,0
lmx4th6b_Ds,Rampart Area OIS 2/22/23 (NRF010-23),2023-03-27 16:00:24+00:00,PT18M51S,42358,835,0,https://youtu.be/lmx4th6b_Ds,2023-02-22,NRF010-23,2023,False,False,0
SXkMg6Yd8Zo,Van Nuys OIS 2/7/23 (NRF005-23),2023-03-09 16:00:24+00:00,PT12M22S,40271,830,0,https://youtu.be/SXkMg6Yd8Zo,2023-02-07,NRF005-23,2023,False,False,0
7I2_IRWj6Vo,Mission Area OIS 01/21/23 (NRF004-23),2023-02-22 21:30:00+00:00,PT20M39S,108887,1488,0,https://youtu.be/7I2_IRWj6Vo,2023-01-21,NRF004-23,2023,False,False,0
72NVXTRwZ2A,Mission Area OIS (NRF004-23) - Surveillance Footage,2023-01-24 15:35:41+00:00,PT1M46S,9933,184,0,https://youtu.be/72NVXTRwZ2A,,NRF004-23,2023,False,False,0
7G2afA-hu-4,Rampart Area OIS 1/2/23 (NRF001-23),2023-01-11 23:00:06+00:00,PT37M27S,65888,1074,0,https://youtu.be/7G2afA-hu-4,2023-01-02,NRF001-23,2023,False,False,0
4l56UVp9CNM,Newton Area OIS 1/3/23 (NRF003-23),2023-01-11 23:00:04+00:00,PT28M43S,79655,1108,0,https://youtu.be/4l56UVp9CNM,2023-01-03,NRF003-23,2023,False,False,0
rtb37VcR9I0,Newton Area OIS 11/14/22 (NRF055-22),2022-12-14 16:00:33+00:00,PT24M20S,41815,826,0,https://youtu.be/rtb37VcR9I0,2022-11-14,NRF055-22,2022,False,False,0
W12Cm6eUxCs,Harbor Area OIS 10/11/22 (NRF053-22),2022-11-10 16:00:28+00:00,PT14M41S,37559,815,0,https://youtu.be/W12Cm6eUxCs,2022-10-11,NRF053-22,2022,False,False,0
Is1mYScNIwU,Southeast Area OIS 09/29/2022 (NRF052-22),2022-10-29 15:00:14+00:00,PT12M16S,56702,1038,0,https://youtu.be/Is1mYScNIwU,2022-09-29,NRF052-22,2022,False,False,0
RL_30kV6VWM,Southeast Area OIS 09/22/2022 (NRF049-22),2022-10-22 15:00:30+00:00,PT13M52S,30763,712,0,https://youtu.be/RL_30kV6VWM,2022-09-22,NRF049-22,2022,False,False,0
G8pmJDBasv4,Above & Beyond - Purple Heart / Medal of Valor (Mission OIS),2022-10-21 20:24:02+00:00,PT4M53S,9963,301,0,https://youtu.be/G8pmJDBasv4,,,2022,False,False,0
xT9RCElOMN8,Rampart Area OIS 09/11/2022 (NRF046-22),2022-10-11 15:00:46+00:00,PT11M59S,33163,798,0,https://youtu.be/xT9RCElOMN8,2022-09-11,NRF046-22,2022,False,False,0
-vBnn3T3ipU,Southeast Area OIS 9/17/22 (NRF048-22),2022-09-24 21:00:00+00:00,PT17M7S,93106,1294,0,https://youtu.be/-vBnn3T3ipU,2022-09-17,NRF048-22,2022,False,False,0
wvDVvPXvHWg,Harbor Area OIS 08/20/22 (NRF045-22),2022-09-19 15:00:39+00:00,PT18M53S,30577,801,0,https://youtu.be/wvDVvPXvHWg,2022-08-20,NRF045-22,2022,False,False,0
rloE95gOdzU,West Valley Area OIS 08/17/22 (NRF044-22),2022-09-16 15:00:37+00:00,PT15M6S,37314,848,0,https://youtu.be/rloE95gOdzU,2022-08-17,NRF044-22,2022,False,False,0
xsM_gB0w5tY,Hollenbeck Area OIS 7/22/2022 (NRF041-22),2022-09-10 15:00:41+00:00,PT13M11S,27427,688,0,https://youtu.be/xsM_gB0w5tY,2022-07-22,NRF041-22,2022,False,False,0
NALJapb--XU,Hollenbeck Area OIS 07/22/22 (NRF040-22),2022-09-05 15:00:12+00:00,PT10M51S,28636,748,0,https://youtu.be/NALJapb--XU,2022-07-22,NRF040-22,2022,False,False,0
gUccfZfgAiY,Foothill Area OIS 07/21/2022 (NRF039-22),2022-09-02 15:00:20+00:00,PT8M40S,33778,703,0,https://youtu.be/gUccfZfgAiY,2022-07-21,NRF039-22,2022,False,False,0
MA9pXOZ0suY,Southwest Area OIS 07/21/2022 (NRF037-22),2022-09-01 15:00:18+00:00,PT12M18S,71827,654,0,https://youtu.be/MA9pXOZ0suY,2022-07-21,NRF037-22,2022,False,False,0
ewi2M1tNcLg,Wilshire Area OIS 7/14/22 (NRF036-22),2022-08-25 15:00:20+00:00,PT8M27S,39927,744,0,https://youtu.be/ewi2M1tNcLg,2022-07-14,NRF036-22,2022,False,False,0
_RKoBMTnBas,West Los Angeles Area OIS 7/7/22 (NRF034-22),2022-08-20 15:00:32+00:00,PT12M38S,42544,1061,0,https://youtu.be/_RKoBMTnBas,2022-07-07,NRF034-22,2022,False,False,0
zqYypze-kQY,Harbor Area OIS 7/5/22 (NRF031-22),2022-08-18 15:00:44+00:00,PT23M12S,35160,992,0,https://youtu.be/zqYypze-kQY,2022-07-05,NRF031-22,2022,False,False,0
-MRAIeicWMg,Newton Area OIS 7/2/22 (NRF030-22),2022-08-15 18:57:52+00:00,PT16M23S,28017,724,0,https://youtu.be/-MRAIeicWMg,2022-07-02,NRF030-22,2022,False,False,0
lWfyS5YgRw4,Southwest Area OIS 6/23/22 (NRF028-22),2022-07-28 19:00:29+00:00,PT11M49S,56025,967,0,https://youtu.be/lWfyS5YgRw4,2022-06-23,NRF028-22,2022,False,False,0
_Tdo48GMe2k,Foothill Area OIS 6/19/22 (NRF027-22),2022-07-21 15:32:34+00:00,PT19M22S,52047,1417,0,https://youtu.be/_Tdo48GMe2k,2022-06-19,NRF027-22,2022,False,False,0
oW4o3fbO_TI,Wilshire Area OIS 06/17/2022 (NRF026-22),2022-07-20 15:00:24+00:00,PT15M19S,76086,1525,0,https://youtu.be/oW4o3fbO_TI,2022-06-17,NRF026-22,2022,False,False,0
0saMWFtA7fk,Newton Area OIS 6/12/2022 (NRF023-22),2022-07-16 00:00:00+00:00,PT21M50S,31333,920,0,https://youtu.be/0saMWFtA7fk,2022-06-12,NRF023-22,2022,False,False,0
JDkAf5uGFp8,Hollywood Area OIS 6/8/2022 (NRF022-22),2022-07-14 15:00:13+00:00,PT14M56S,30490,945,0,https://youtu.be/JDkAf5uGFp8,2022-06-08,NRF022-22,2022,False,False,0
_r8tUXGWD20,Olympic Area OIS 06/02/22 (NRF020-22),2022-07-06 19:00:11+00:00,PT11M53S,32903,907,0,https://youtu.be/_r8tUXGWD20,2022-06-02,NRF020-22,2022,False,False,0
PBmfgHazzbg,Newton Area OIS 05/31/2022 (NRF019-22),2022-06-30 15:00:12+00:00,PT13M41S,49055,971,0,https://youtu.be/PBmfgHazzbg,2022-05-31,NRF019-22,2022,False,False,0
VzyvsHuKYYA,Rampart Area OIS 05/19/2022 (NRF017-22),2022-06-23 15:00:46+00:00,PT16M19S,39517,1089,0,https://youtu.be/VzyvsHuKYYA,2022-05-19,NRF017-22,2022,False,False,0
fU8JfGuvnUY,Central Area OIS 05/03/2022 (NRF014-22),2022-06-15 15:00:20+00:00,PT14M46S,52487,1074,0,https://youtu.be/fU8JfGuvnUY,2022-05-03,NRF014-22,2022,False,False,0
xfkWc2SnJnk,Mission Area OIS 04/06/2022 (NRF008-22),2022-05-06 15:00:38+00:00,PT11M56S,31959,931,0,https://youtu.be/xfkWc2SnJnk,2022-04-06,NRF008-22,2022,False,False,0
9n0vagkjfGs,Newton Area OIS 03/29/2022 (NRF007-22),2022-04-28 23:12:30+00:00,PT11M26S,38441,882,0,https://youtu.be/9n0vagkjfGs,2022-03-29,NRF007-22,2022,False,False,0
TrUdNPOEqj8,Foothill Area OIS 02/01/2022 (NRF004-22),2022-03-18 15:00:13+00:00,PT15M48S,27127,558,0,https://youtu.be/TrUdNPOEqj8,2022-02-01,NRF004-22,2022,False,False,0
VwUQgdbQxeM,Hollenbeck Area OIS 01/28/2022 (NRF003-22),2022-03-14 15:00:15+00:00,PT10M6S,48854,951,0,https://youtu.be/VwUQgdbQxeM,2022-01-28,NRF003-22,2022,False,False,0
jCTPtbF2bSw,Hollenbeck Area OIS 01/11/2022 (NRF002-22),2022-02-25 16:00:17+00:00,PT13M3S,60829,1174,0,https://youtu.be/jCTPtbF2bSw,2022-01-11,NRF002-22,2022,False,False,0
L19ITDp9Sfw,LASD OIS 01/10/2022 (NRF001-22),2022-02-24 16:00:10+00:00,PT4M27S,25703,479,0,https://youtu.be/L19ITDp9Sfw,2022-01-10,NRF001-22,2022,False,False,0
jPMFkbFyCYw,Northeast Area OIS (NRF067-21),2022-01-16 16:00:23+00:00,PT10M56S,30489,609,0,https://youtu.be/jPMFkbFyCYw,,NRF067-21,2022,False,False,0
BErJwZVT3uQ,West Valley Area OIS (NRF066-21),2022-01-15 16:00:04+00:00,PT15M35S,30445,814,0,https://youtu.be/BErJwZVT3uQ,,NRF066-21,2022,False,False,0
IsQBobo-n9o,Newton Area OIS 12/18/2021 (NRF063-21),2022-01-14 22:00:05+00:00,PT18M53S,41729,896,0,https://youtu.be/IsQBobo-n9o,2021-12-18,NRF063-21,2021,False,False,0
bjcdanUhmSY,North Hollywood Area OIS 12/23/21 (NRF065-21),2021-12-28 00:00:17+00:00,PT35M27S,883989,4548,0,https://youtu.be/bjcdanUhmSY,2021-12-23,NRF065-21,2021,False,False,0
xy_2C1L9be8,Van Nuys Area OIS 10/31/21 (NRF060-21),2021-12-15 16:00:28+00:00,PT20M32S,27792,469,0,https://youtu.be/xy_2C1L9be8,2021-10-31,NRF060-21,2021,False,False,0
36nMXqwG4-E,Mission Area OIS 10/24/21 (NRF059-21),2021-12-08 16:00:04+00:00,PT8M31S,26234,708,0,https://youtu.be/36nMXqwG4-E,2021-10-24,NRF059-21,2021,False,False,0
vPaUSXajooE,Pacific Area OIS 10/13/21 (NRF058-21),2021-11-24 16:00:22+00:00,PT12M16S,47644,1165,0,https://youtu.be/vPaUSXajooE,2021-10-13,NRF058-21,2021,False,False,0
UjMcn8vHixU,Central Area OIS 10/08/21 (NRF056-21),2021-11-18 22:00:21+00:00,PT10M34S,51822,1808,0,https://youtu.be/UjMcn8vHixU,2021-10-08,NRF056-21,2021,False,False,0
CSmzsLZfA-U,Central Area OIS 10/06/21 (NRF055-21),2021-11-17 22:00:07+00:00,PT15M,35059,928,0,https://youtu.be/CSmzsLZfA-U,2021-10-06,NRF055-21,2021,False,False,0
2RfaafDHAms,Newton Area OIS 10/01/2021 (NRF051-21),2021-11-09 16:00:03+00:00,PT15M59S,30866,695,0,https://youtu.be/2RfaafDHAms,2021-10-01,NRF051-21,2021,False,False,0
jMG9uyr0_y8,Hollywood Area OIS 10/02/2021 (NRF053-21),2021-11-04 15:00:18+00:00,PT12M49S,34373,929,0,https://youtu.be/jMG9uyr0_y8,2021-10-02,NRF053-21,2021,False,False,0
CggeLiC34-w,Harbor Area OIS 8/13/2021 (NRF046-21),2021-09-27 15:00:15+00:00,PT11M35S,26277,689,0,https://youtu.be/CggeLiC34-w,2021-08-13,NRF046-21,2021,False,False,0
LGZ3o1ThXws,North Hollywood Area OIS 8/6/2021 (NRF044-21),2021-09-20 15:00:10+00:00,PT7M16S,19550,431,0,https://youtu.be/LGZ3o1ThXws,2021-08-06,NRF044-21,2021,False,False,0
ggWD7ldnkXM,Hollywood Area OIS 7/15/2021 (NRF037-21),2021-08-29 15:00:30+00:00,PT7M26S,40459,946,0,https://youtu.be/ggWD7ldnkXM,2021-07-15,NRF037-21,2021,False,False,0
REAhdKSVyCw,Pacific Area OIS 7/26/21 (NRF041-21),2021-08-25 15:00:10+00:00,PT7M17S,37913,926,0,https://youtu.be/REAhdKSVyCw,2021-07-26,NRF041-21,2021,False,False,0
DYYhjHxJapw,Rampart Area OIS 7/26/21 (NRF042-21),2021-08-25 15:00:05+00:00,PT8M39S,20525,472,0,https://youtu.be/DYYhjHxJapw,2021-07-26,NRF042-21,2021,False,False,0
2PJeuP4MdNA,Hollenbeck Area OIS 7/20/21 (NRF038-21),2021-08-19 15:00:01+00:00,PT11M50S,46438,1050,0,https://youtu.be/2PJeuP4MdNA,2021-07-20,NRF038-21,2021,False,False,0
eNEeH2pZ1K0,Foothill Area OIS 6/28/21 (NRF034-21),2021-08-12 15:00:17+00:00,PT13M46S,41988,1113,0,https://youtu.be/eNEeH2pZ1K0,2021-06-28,NRF034-21,2021,False,False,0
-O4z0ZEARxg,77th Area OIS 6/24/21 (NRF032-21),2021-08-08 15:00:01+00:00,PT10M29S,38611,871,0,https://youtu.be/-O4z0ZEARxg,2021-06-24,NRF032-21,2021,False,False,0
1cdVqS1WqB0,Topanga Area OIS 5/29/21 (NRF029-21),2021-07-13 15:00:01+00:00,PT7M29S,33917,842,0,https://youtu.be/1cdVqS1WqB0,2021-05-29,NRF029-21,2021,False,False,0
QgESIr-MIUg,Van Nuys Area OIS 4/28/21 (NRF026-21),2021-06-12 15:00:10+00:00,PT8M4S,27867,725,0,https://youtu.be/QgESIr-MIUg,2021-04-28,NRF026-21,2021,False,False,0
w8TfSkePlyg,Metropolitan Division OIS 4/27/21 (NRF025-21),2021-06-11 15:00:24+00:00,PT13M53S,128053,2112,0,https://youtu.be/w8TfSkePlyg,2021-04-27,NRF025-21,2021,False,False,0
5iG47dVgsXI,Hollywood Area OIS 4/24/21 (NRF024-21),2021-06-08 15:00:02+00:00,PT10M48S,36249,865,0,https://youtu.be/5iG47dVgsXI,2021-04-24,NRF024-21,2021,False,False,0
toVARITKNE8,North Hollywood Area OIS 4/23/2021 (NRF023-21),2021-06-07 15:00:18+00:00,PT15M1S,38500,822,0,https://youtu.be/toVARITKNE8,2021-04-23,NRF023-21,2021,False,False,0
dQ1_5EPgt3c,Rampart Area OIS 4/02/21 (NRF020-21),2021-05-04 15:00:30+00:00,PT18M42S,49178,912,0,https://youtu.be/dQ1_5EPgt3c,2021-04-02,NRF020-21,2021,False,False,0
sQRu1qE7ofE,Rampart Area OIS 3/29/2021 (NRF019-21),2021-04-16 22:00:13+00:00,PT10M38S,35069,878,0,https://youtu.be/sQRu1qE7ofE,2021-03-29,NRF019-21,2021,False,False,0
cu1rLt3SmAE,Olympic Area OIS 3/23/2021 (NRF018-21),2021-04-12 01:40:36+00:00,PT13M19S,27722,721,0,https://youtu.be/cu1rLt3SmAE,2021-03-23,NRF018-21,2021,False,False,0
obBx5s6qz28,Hollenbeck Area OIS 3/19/2021 (NRF017-21),2021-04-11 21:37:57+00:00,PT13M17S,26398,633,0,https://youtu.be/obBx5s6qz28,2021-03-19,NRF017-21,2021,False,False,0
8-XAupNyswE,Rampart Area OIS 3/19/2021 (NRF016-21),2021-04-05 19:31:53+00:00,PT14M48S,51041,752,0,https://youtu.be/8-XAupNyswE,2021-03-19,NRF016-21,2021,False,False,0
UXWJIX2rL4Y,Hollenbeck Area Off-Duty OIS 3/17/2021 (NRF015-21),2021-04-02 19:00:18+00:00,PT4M28S,22633,382,0,https://youtu.be/UXWJIX2rL4Y,2021-03-17,NRF015-21,2021,False,False,0
2r2UQu6EIt4,Southwest Area OIS 3/16/21 (NRF013-21),2021-03-30 01:27:54+00:00,PT23M1S,141218,2139,0,https://youtu.be/2r2UQu6EIt4,2021-03-16,NRF013-21,2021,False,False,0
7IZJUsoCy9s,Southeast Area OIS 3/16/21 (NRF014-21),2021-03-30 01:09:14+00:00,PT23M54S,36467,896,0,https://youtu.be/7IZJUsoCy9s,2021-03-16,NRF014-21,2021,False,False,0
RQiVUi3d9Y8,West Valley Area OIS 1/29/21 (NRF004-21),2021-03-15 15:00:09+00:00,PT11M28S,26091,598,0,https://youtu.be/RQiVUi3d9Y8,2021-01-29,NRF004-21,2021,False,False,0
lXDvMurPNsQ,Southwest Area OIS 1/27/21 (NRF003-21),2021-03-13 16:00:23+00:00,PT13M4S,31103,882,0,https://youtu.be/lXDvMurPNsQ,2021-01-27,NRF003-21,2021,False,False,0
utrrDxRCvM4,Southeast Area OIS 2/9/21 (NRF007-21),2021-03-12 16:00:18+00:00,PT7M11S,47284,793,0,https://youtu.be/utrrDxRCvM4,2021-02-09,NRF007-21,2021,False,False,0
v5RedvV_gH4,Central Area OIS 1/21/21 (NRF002-21),2021-03-07 16:00:31+00:00,PT14M11S,53462,1008,0,https://youtu.be/v5RedvV_gH4,2021-01-21,NRF002-21,2021,False,False,0
-9ItnUhSiF0,Southeast Area OIS 11/20/20 (NRF054-20),2021-01-04 16:00:01+00:00,PT17M24S,41990,692,0,https://youtu.be/-9ItnUhSiF0,2020-11-20,NRF054-20,2020,False,False,0
BYk1JkUnl-k,Devonshire Area OIS 11/01/2020 (NRF052-20),2020-12-16 16:00:04+00:00,PT18M48S,56920,1116,0,https://youtu.be/BYk1JkUnl-k,2020-11-01,NRF052-20,2020,False,False,0
UDThHbrtQE4,Central Area OIS 10/23/2020 (NRF050-20),2020-12-07 16:00:07+00:00,PT17M12S,48141,977,0,https://youtu.be/UDThHbrtQE4,2020-10-23,NRF050-20,2020,False,False,0
BXBrkeyYDFo,Hollywood Area OIS 10/18/2020 (NRF049-20),2020-12-02 16:00:04+00:00,PT16M24S,32463,742,0,https://youtu.be/BXBrkeyYDFo,2020-10-18,NRF049-20,2020,False,False,0
WT4Ss6ASOrE,Southwest Area OIS 10/17/2020 (NRF048-20),2020-12-01 16:00:09+00:00,PT20M11S,55102,1075,0,https://youtu.be/WT4Ss6ASOrE,2020-10-17,NRF048-20,2020,False,False,0
dDORLOsm2ss,Topanga Area OIS 10/15/2020 (NRF047-20),2020-11-29 16:00:11+00:00,PT18M29S,38204,922,0,https://youtu.be/dDORLOsm2ss,2020-10-15,NRF047-20,2020,False,False,0
J-PvN4V9NIQ,Southeast Area OIS 10/14/2020 (NRF046-20),2020-11-28 16:00:04+00:00,PT19M8S,81260,1761,0,https://youtu.be/J-PvN4V9NIQ,2020-10-14,NRF046-20,2020,False,False,0
fUq0FHN_hng,Southeast Area OIS 8/24/2020 (NRF039-20),2020-10-08 15:00:19+00:00,PT12M33S,28228,567,0,https://youtu.be/fUq0FHN_hng,2020-08-24,NRF039-20,2020,False,False,0
Qq0d9InBYWU,Harbor Area OIS 9/26/2020 (NRF042-20) **Corrected Date**,2020-10-08 13:12:16+00:00,PT21M7S,27689,572,0,https://youtu.be/Qq0d9InBYWU,2020-09-26,NRF042-20,2020,False,False,0
1hcH7tqKrjY,Harbor Area OIS 9/26/2020 (NRF042-20),2020-10-07 15:00:01+00:00,PT21M7S,146843,1387,0,https://youtu.be/1hcH7tqKrjY,2020-09-26,NRF042-20,2020,False,False,0
7O-oNSmp_BY,West Valley Area OIS 8/7/20 (NRF034-20),2020-09-21 15:00:02+00:00,PT9M37S,41612,873,0,https://youtu.be/7O-oNSmp_BY,2020-08-07,NRF034-20,2020,False,False,0
dGdN4Tfs3p0,Hollywood Area OIS 8/5/2020 (NRF033-20),2020-09-19 15:00:07+00:00,PT21M8S,49631,817,0,https://youtu.be/dGdN4Tfs3p0,2020-08-05,NRF033-20,2020,False,False,0
VoOxBcO95JA,North Hollywood Area OIS 6/7/2020 (NRF026-20),2020-07-22 19:23:34+00:00,PT17M1S,61338,1222,0,https://youtu.be/VoOxBcO95JA,2020-06-07,NRF026-20,2020,False,False,0
hwPtumbcmic,Southeast Area OIS 6/3/2020 (NRF025-20),2020-07-19 00:10:29+00:00,PT35M12S,116961,1589,0,https://youtu.be/hwPtumbcmic,2020-06-03,NRF025-20,2020,False,False,0
b1ORYq8OaKQ,Southwest Area OIS 6/1/2020 (NRF024-20),2020-07-16 15:00:10+00:00,PT10M20S,34166,774,0,https://youtu.be/b1ORYq8OaKQ,2020-06-01,NRF024-20,2020,False,False,0
zzpaugVLZ6Q,Olympic Area OIS 5/31/2020 (NRF023-20),2020-07-15 15:00:19+00:00,PT14M,37720,868,0,https://youtu.be/zzpaugVLZ6Q,2020-05-31,NRF023-20,2020,False,False,0
xY7J-g_izn8,Central Area OIS 5/30/2020 (NRF022-20),2020-07-14 15:00:29+00:00,PT5M40S,15984,309,0,https://youtu.be/xY7J-g_izn8,2020-05-30,NRF022-20,2020,False,False,0
pqRACiHxcPQ,North Hollywood Division OIS - 5/27/20 (NRF020-20),2020-07-11 15:00:15+00:00,PT20M38S,90342,1443,0,https://youtu.be/pqRACiHxcPQ,2020-05-27,NRF020-20,2020,False,False,0
dSjUuhD2F0M,Newton Division OIS 5/22/20 (NRF017-20),2020-06-14 15:00:23+00:00,PT20M54S,40069,842,0,https://youtu.be/dSjUuhD2F0M,2020-05-22,NRF017-20,2020,False,False,0
PtSSNn_0GCU,Newton Division OIS - 4/22/20 (NRF014-20),2020-06-06 15:00:19+00:00,PT11M43S,171668,1922,0,https://youtu.be/PtSSNn_0GCU,2020-04-22,NRF014-20,2020,False,False,0
sWBtysoe-Bg,Hollenbeck Division OIS - 4/15/20 (NRF012-20),2020-05-30 15:00:30+00:00,PT21M18S,65812,1076,0,https://youtu.be/sWBtysoe-Bg,2020-04-15,NRF012-20,2020,False,False,0
4VkpJn3VVrE,Metropolitan Division OIS  3-31-20 (NRF011-20),2020-05-15 15:00:02+00:00,PT8M8S,54602,843,0,https://youtu.be/4VkpJn3VVrE,,NRF011-20,2020,False,False,0
x1wLW-4dyg0,Topanga Area OIS 3-30-20 (NRF010-20),2020-05-14 21:38:47+00:00,PT6M12S,35432,543,0,https://youtu.be/x1wLW-4dyg0,,NRF010-20,2020,False,False,0
_zSjVeDdxqk,Newton Area OIS 2-25-2020 (NRF007-20),2020-04-10 15:00:15+00:00,PT16M28S,68556,1067,0,https://youtu.be/_zSjVeDdxqk,,NRF007-20,2020,False,False,0
CmC7G7BxoVY,77th Area OIS 2-21-20 (NRF006-20),2020-04-06 15:00:06+00:00,PT21M1S,45532,967,0,https://youtu.be/CmC7G7BxoVY,,NRF006-20,2020,False,False,0
ZqI7WgcFDig,Northeast Area OIS 1-5-20 (NRF001-20),2020-02-19 16:00:13+00:00,PT16M23S,40252,740,0,https://youtu.be/ZqI7WgcFDig,,NRF001-20,2020,False,False,0
FP_gcGdNp-U,Pacific Area OIS 1-11-20 (NRF003-20),2020-01-27 16:00:02+00:00,PT40M34S,82419,1066,0,https://youtu.be/FP_gcGdNp-U,,NRF003-20,2020,False,False,0
BBbNGoPh5kk,Newton Area OIS 12-1-2019 (NRF056-19),2020-01-15 16:00:05+00:00,PT13M39S,27009,521,0,https://youtu.be/BBbNGoPh5kk,,NRF056-19,2020,False,False,0
UW3rWDzlqUE,Hollenbeck Area OIS 11-29-2019 (NRF055-19),2020-01-13 16:00:10+00:00,PT13M35S,35274,715,0,https://youtu.be/UW3rWDzlqUE,,NRF055-19,2020,False,False,0
eWS9Y5sIwxs,Hollywood Area OIS 11-25-2019 (NRF054-19),2020-01-09 16:00:08+00:00,PT11M14S,65427,963,0,https://youtu.be/eWS9Y5sIwxs,,NRF054-19,2020,False,False,0
uKJ_bb3dZgY,Hollenbeck Area OIS 10-22-2019 (NRF050-19),2019-12-06 16:00:14+00:00,PT11M21S,30027,574,0,https://youtu.be/uKJ_bb3dZgY,,NRF050-19,2019,False,False,0
G7U8y60V2VA,*REVISED*  Van Nuys Area OIS 10-17-2019 (NRF049-19),2019-12-05 00:59:07+00:00,PT10M39S,19806,386,0,https://youtu.be/G7U8y60V2VA,,NRF049-19,2019,False,False,0
Icoi09FwZxs,Newton Area OIS 11-19-2019 (NRF053-19),2019-11-26 07:36:11+00:00,PT7M8S,21449,434,0,https://youtu.be/Icoi09FwZxs,,NRF053-19,2019,False,False,0
0U3Se2zeEM0,Harbor Area OIS 9-23-19 (NRF045-19),2019-11-07 16:00:00+00:00,PT20M40S,25372,390,0,https://youtu.be/0U3Se2zeEM0,,NRF045-19,2019,False,False,0
RSoHBmwRtq8,Mission Area OIS 8-19-19 (NRF042-19),2019-10-03 15:00:09+00:00,PT19M37S,57328,991,0,https://youtu.be/RSoHBmwRtq8,,NRF042-19,2019,False,False,0
8IUc__jEER4,77th Area OIS 8-19-19 (NRF043-19),2019-10-03 15:00:03+00:00,PT13M52S,30206,541,0,https://youtu.be/8IUc__jEER4,,NRF043-19,2019,False,False,0
O-VDC6BO5rQ,Hollenbeck Area OIS 8-18-19 (NRF041-19),2019-10-02 15:00:05+00:00,PT12M21S,73698,938,0,https://youtu.be/O-VDC6BO5rQ,,NRF041-19,2019,False,False,0
GWR-TG1SaMo,Pacific Area OIS 8/14/19 (NRF039-19),2019-09-30 16:32:32+00:00,PT10M20S,22121,520,0,https://youtu.be/GWR-TG1SaMo,2019-08-14,NRF039-19,2019,False,False,0
1kSb_ILMJEs,Off-Duty LAPD OIS - Costco - (NRF028-19),2019-08-06 00:00:00+00:00,PT3M12S,20966,271,0,https://youtu.be/1kSb_ILMJEs,,NRF028-19,2019,False,False,0
d9zxh-hLizU,Critical Incident Video Release F023-19 - Harbor OIS,2019-07-12 15:00:09+00:00,PT11M59S,27407,515,0,https://youtu.be/d9zxh-hLizU,,,2019,False,False,0
xS2xHXzcu_A,Critical Incident Video Release - F021-19 - West Valley OIS,2019-07-11 15:00:12+00:00,PT15M45S,40504,691,0,https://youtu.be/xS2xHXzcu_A,,,2019,False,False,0
