year,month_year,date,day_count
2022,2022-11,2022-11-04,82611
2022,2022-11,2022-11-03,125657
2022,2022-11,2022-11-02,202460
2022,2022-11,2022-11-01,104991
2022,2022-10,2022-10-31,134458
2022,2022-10,2022-10-30,217908
2022,2022-10,2022-10-29,244495
2022,2022-10,2022-10-28,339003
2022,2022-10,2022-10-27,66948
2022,2022-10,2022-10-26,26951
2022,2022-10,2022-10-25,29623
2022,2022-10,2022-10-24,36578
2022,2022-10,2022-10-23,22856
2022,2022-10,2022-10-22,38606
2022,2022-10,2022-10-21,30249
2022,2022-10,2022-10-20,18205
2022,2022-10,2022-10-19,22459
2022,2022-10,2022-10-18,21802
2022,2022-10,2022-10-17,20834
2022,2022-10,2022-10-16,20660
2022,2022-10,2022-10-15,27825
2022,2022-10,2022-10-14,28731
2022,2022-10,2022-10-13,59387
2022,2022-10,2022-10-12,35282
2022,2022-10,2022-10-11,22956
2022,2022-10,2022-10-10,30010
2022,2022-10,2022-10-09,27931
2022,2022-10,2022-10-08,19800
2022,2022-10,2022-10-07,24832
2022,2022-10,2022-10-06,39052
2022,2022-10,2022-10-05,55974
2022,2022-10,2022-10-04,30661
2022,2022-10,2022-10-03,17422
2022,2022-10,2022-10-02,13004
2022,2022-10,2022-10-01,18248
2022,2022-09,2022-09-30,35145
2022,2022-09,2022-09-29,22816
2022,2022-09,2022-09-28,24676
2022,2022-09,2022-09-27,19762
2022,2022-09,2022-09-26,19708
2022,2022-09,2022-09-25,19209
2022,2022-09,2022-09-24,20178
2022,2022-09,2022-09-23,20265
2022,2022-09,2022-09-22,29343
2022,2022-09,2022-09-21,36478
2022,2022-09,2022-09-20,19093
2022,2022-09,2022-09-19,20513
2022,2022-09,2022-09-18,17435
2022,2022-09,2022-09-17,21389
2022,2022-09,2022-09-16,25134
2022,2022-09,2022-09-15,20510
2022,2022-09,2022-09-14,29132
2022,2022-09,2022-09-13,51857
2022,2022-09,2022-09-12,40284
2022,2022-09,2022-09-11,20547
2022,2022-09,2022-09-10,13753
2022,2022-09,2022-09-09,23335
2022,2022-09,2022-09-08,19576
2022,2022-09,2022-09-07,28215
2022,2022-09,2022-09-06,28192
2022,2022-09,2022-09-05,14795
2022,2022-09,2022-09-04,17176
2022,2022-09,2022-09-03,18327
2022,2022-09,2022-09-02,34678
2022,2022-09,2022-09-01,40444
2022,2022-08,2022-08-31,14606
2022,2022-08,2022-08-30,19412
2022,2022-08,2022-08-29,13659
2022,2022-08,2022-08-28,12139
2022,2022-08,2022-08-27,16611
2022,2022-08,2022-08-26,20923
2022,2022-08,2022-08-25,17667
2022,2022-08,2022-08-24,21913
2022,2022-08,2022-08-23,26078
2022,2022-08,2022-08-22,20485
2022,2022-08,2022-08-21,16922
2022,2022-08,2022-08-20,18625
2022,2022-08,2022-08-19,20619
2022,2022-08,2022-08-18,17538
2022,2022-08,2022-08-17,16988
2022,2022-08,2022-08-16,24217
2022,2022-08,2022-08-15,25805
2022,2022-08,2022-08-14,43763
2022,2022-08,2022-08-13,36457
2022,2022-08,2022-08-12,16138
2022,2022-08,2022-08-11,10771
2022,2022-08,2022-08-10,11622
2022,2022-08,2022-08-09,19464
2022,2022-08,2022-08-08,15096
2022,2022-08,2022-08-07,13534
2022,2022-08,2022-08-06,25811
2022,2022-08,2022-08-05,19004
2022,2022-08,2022-08-04,16772
2022,2022-08,2022-08-03,24266
2022,2022-08,2022-08-02,11051
2022,2022-08,2022-08-01,12111
2022,2022-07,2022-07-31,17287
2022,2022-07,2022-07-30,14739
2022,2022-07,2022-07-29,17971
2022,2022-07,2022-07-28,17664
2022,2022-07,2022-07-27,13392
2022,2022-07,2022-07-26,14489
2022,2022-07,2022-07-25,13440
2022,2022-07,2022-07-24,10605
2022,2022-07,2022-07-23,14230
2022,2022-07,2022-07-22,23085
2022,2022-07,2022-07-21,24407
2022,2022-07,2022-07-20,16431
2022,2022-07,2022-07-19,10675
2022,2022-07,2022-07-18,8502
2022,2022-07,2022-07-17,8496
2022,2022-07,2022-07-16,9533
2022,2022-07,2022-07-15,12016
2022,2022-07,2022-07-14,14502
2022,2022-07,2022-07-13,15306
2022,2022-07,2022-07-12,18425
2022,2022-07,2022-07-11,21451
2022,2022-07,2022-07-10,22053
2022,2022-07,2022-07-09,18133
2022,2022-07,2022-07-08,22213
2022,2022-07,2022-07-07,24980
2022,2022-07,2022-07-06,33045
2022,2022-07,2022-07-05,21868
2022,2022-07,2022-07-04,23296
2022,2022-07,2022-07-03,16308
2022,2022-07,2022-07-02,17877
2022,2022-07,2022-07-01,44251
2022,2022-06,2022-06-30,19633
2022,2022-06,2022-06-29,29957
2022,2022-06,2022-06-28,63920
2022,2022-06,2022-06-27,45773
2022,2022-06,2022-06-26,16689
2022,2022-06,2022-06-25,18153
2022,2022-06,2022-06-24,19290
2022,2022-06,2022-06-23,24846
2022,2022-06,2022-06-22,25236
2022,2022-06,2022-06-21,17581
2022,2022-06,2022-06-20,20170
2022,2022-06,2022-06-19,26463
2022,2022-06,2022-06-18,57877
2022,2022-06,2022-06-17,75003
2022,2022-06,2022-06-16,36458
2022,2022-06,2022-06-15,38016
2022,2022-06,2022-06-14,39380
2022,2022-06,2022-06-13,26215
2022,2022-06,2022-06-12,21859
2022,2022-06,2022-06-11,30658
2022,2022-06,2022-06-10,37090
2022,2022-06,2022-06-09,22404
2022,2022-06,2022-06-08,23234
2022,2022-06,2022-06-07,29279
2022,2022-06,2022-06-06,25752
2022,2022-06,2022-06-05,20823
2022,2022-06,2022-06-04,22581
2022,2022-06,2022-06-03,25002
2022,2022-06,2022-06-02,23221
2022,2022-06,2022-06-01,19697
2022,2022-05,2022-05-31,16971
2022,2022-05,2022-05-30,12616
2022,2022-05,2022-05-29,14082
2022,2022-05,2022-05-28,14274
2022,2022-05,2022-05-27,16478
2022,2022-05,2022-05-26,18267
2022,2022-05,2022-05-25,21186
2022,2022-05,2022-05-24,29317
2022,2022-05,2022-05-23,29250
2022,2022-05,2022-05-22,27400
2022,2022-05,2022-05-21,50948
2022,2022-05,2022-05-20,150358
2022,2022-05,2022-05-19,59897
2022,2022-05,2022-05-18,114163
2022,2022-05,2022-05-17,92677
2022,2022-05,2022-05-16,39387
2022,2022-05,2022-05-15,43706
2022,2022-05,2022-05-14,21978
2022,2022-05,2022-05-13,34664
2022,2022-05,2022-05-12,62349
2022,2022-05,2022-05-11,66308
2022,2022-05,2022-05-10,44023
2022,2022-05,2022-05-09,33308
2022,2022-05,2022-05-08,30696
2022,2022-05,2022-05-07,48116
2022,2022-05,2022-05-06,48734
2022,2022-05,2022-05-05,49532
2022,2022-05,2022-05-04,39730
2022,2022-05,2022-05-03,67636
2022,2022-05,2022-05-02,121720
2022,2022-05,2022-05-01,107886
2022,2022-04,2022-04-30,124946
2022,2022-04,2022-04-29,196591
2022,2022-04,2022-04-28,289067
2022,2022-04,2022-04-27,562275
2022,2022-04,2022-04-26,792501
2022,2022-04,2022-04-25,533012
2022,2022-04,2022-04-24,34265
2022,2022-04,2022-04-23,47223
2022,2022-04,2022-04-22,64030
2022,2022-04,2022-04-21,44621
2022,2022-04,2022-04-20,35649
2022,2022-04,2022-04-19,38689
2022,2022-04,2022-04-18,57850
2022,2022-04,2022-04-17,58000
2022,2022-04,2022-04-16,133212
2022,2022-04,2022-04-15,229144
2022,2022-04,2022-04-14,218679
2022,2022-04,2022-04-13,38163
2022,2022-04,2022-04-12,32847
2022,2022-04,2022-04-11,37981
2022,2022-04,2022-04-10,26259
2022,2022-04,2022-04-09,23614
2022,2022-04,2022-04-08,30190
2022,2022-04,2022-04-07,44224
2022,2022-04,2022-04-06,60275
2022,2022-04,2022-04-05,102535
2022,2022-04,2022-04-04,52747
2022,2022-04,2022-04-03,12977
2022,2022-04,2022-04-02,11180
2022,2022-04,2022-04-01,9869
2022,2022-03,2022-03-31,12961
2022,2022-03,2022-03-30,25360
2022,2022-03,2022-03-29,34158
2022,2022-03,2022-03-28,36897
2022,2022-03,2022-03-27,65741
2022,2022-03,2022-03-26,61690
2022,2022-03,2022-03-25,49083
2022,2022-03,2022-03-24,12726
2022,2022-03,2022-03-23,14851
2022,2022-03,2022-03-22,21780
2022,2022-03,2022-03-21,21348
2022,2022-03,2022-03-20,22735
2022,2022-03,2022-03-19,36922
2022,2022-03,2022-03-18,47908
2022,2022-03,2022-03-17,14267
2022,2022-03,2022-03-16,12528
2022,2022-03,2022-03-15,16464
2022,2022-03,2022-03-14,22352
2022,2022-03,2022-03-13,9914
2022,2022-03,2022-03-12,17411
2022,2022-03,2022-03-11,19894
2022,2022-03,2022-03-10,11779
2022,2022-03,2022-03-09,16849
2022,2022-03,2022-03-08,23660
2022,2022-03,2022-03-07,13777
2022,2022-03,2022-03-06,20068
2022,2022-03,2022-03-05,79458
2022,2022-03,2022-03-04,14813
2022,2022-03,2022-03-03,15681
2022,2022-03,2022-03-02,15992
2022,2022-03,2022-03-01,23199
2022,2022-02,2022-02-28,12436
2022,2022-02,2022-02-27,12842
2022,2022-02,2022-02-26,18114
2022,2022-02,2022-02-25,17224
2022,2022-02,2022-02-24,13546
2022,2022-02,2022-02-23,16116
2022,2022-02,2022-02-22,16875
2022,2022-02,2022-02-21,13625
2022,2022-02,2022-02-20,11212
2022,2022-02,2022-02-19,12254
2022,2022-02,2022-02-18,17709
2022,2022-02,2022-02-17,20055
2022,2022-02,2022-02-16,23902
2022,2022-02,2022-02-15,13196
2022,2022-02,2022-02-14,10982
2022,2022-02,2022-02-13,10778
2022,2022-02,2022-02-12,13452
2022,2022-02,2022-02-11,13146
2022,2022-02,2022-02-10,14243
2022,2022-02,2022-02-09,18908
2022,2022-02,2022-02-08,29457
2022,2022-02,2022-02-07,58151
2022,2022-02,2022-02-06,40661
2022,2022-02,2022-02-05,47968
2022,2022-02,2022-02-04,31852
2022,2022-02,2022-02-03,46928
2022,2022-02,2022-02-02,27569
2022,2022-02,2022-02-01,18448
2022,2022-01,2022-01-31,35631
2022,2022-01,2022-01-30,47031
2022,2022-01,2022-01-29,31899
2022,2022-01,2022-01-28,33339
2022,2022-01,2022-01-27,29443
2022,2022-01,2022-01-26,12797
2022,2022-01,2022-01-25,15990
2022,2022-01,2022-01-24,12130
2022,2022-01,2022-01-23,15239
2022,2022-01,2022-01-22,11388
2022,2022-01,2022-01-21,10612
2022,2022-01,2022-01-20,12000
2022,2022-01,2022-01-19,9240
2022,2022-01,2022-01-18,7846
2022,2022-01,2022-01-17,9770
2022,2022-01,2022-01-16,13476
2022,2022-01,2022-01-15,13589
2022,2022-01,2022-01-14,9025
2022,2022-01,2022-01-13,10744
2022,2022-01,2022-01-12,10092
2022,2022-01,2022-01-11,7933
2022,2022-01,2022-01-10,6617
2022,2022-01,2022-01-09,7469
2022,2022-01,2022-01-08,11185
2022,2022-01,2022-01-07,10910
2022,2022-01,2022-01-06,14755
2022,2022-01,2022-01-05,15060
2022,2022-01,2022-01-04,21456
2022,2022-01,2022-01-03,26336
2022,2022-01,2022-01-02,30157
2022,2022-01,2022-01-01,6865
2021,2021-12,2021-12-31,6944
2021,2021-12,2021-12-30,16710
2021,2021-12,2021-12-29,15794
2021,2021-12,2021-12-28,9224
2021,2021-12,2021-12-27,9910
2021,2021-12,2021-12-26,12835
2021,2021-12,2021-12-25,5229
2021,2021-12,2021-12-24,5771
2021,2021-12,2021-12-23,9104
2021,2021-12,2021-12-22,11488
2021,2021-12,2021-12-21,12094
2021,2021-12,2021-12-20,9785
2021,2021-12,2021-12-19,7975
2021,2021-12,2021-12-18,6462
2021,2021-12,2021-12-17,11760
2021,2021-12,2021-12-16,8367
2021,2021-12,2021-12-15,9544
2021,2021-12,2021-12-14,9990
2021,2021-12,2021-12-13,8534
2021,2021-12,2021-12-12,7057
2021,2021-12,2021-12-11,8744
2021,2021-12,2021-12-10,17362
2021,2021-12,2021-12-09,10455
2021,2021-12,2021-12-08,12567
2021,2021-12,2021-12-07,12276
2021,2021-12,2021-12-06,8788
2021,2021-12,2021-12-05,8271
2021,2021-12,2021-12-04,8337
2021,2021-12,2021-12-03,9560
2021,2021-12,2021-12-02,13145
2021,2021-12,2021-12-01,13710
2021,2021-11,2021-11-30,21911
2021,2021-11,2021-11-29,27904
2021,2021-11,2021-11-28,16063
2021,2021-11,2021-11-27,6811
2021,2021-11,2021-11-26,8718
2021,2021-11,2021-11-25,8035
2021,2021-11,2021-11-24,8518
2021,2021-11,2021-11-23,7481
2021,2021-11,2021-11-22,6723
2021,2021-11,2021-11-21,7073
2021,2021-11,2021-11-20,9259
2021,2021-11,2021-11-19,15975
2021,2021-11,2021-11-18,12619
2021,2021-11,2021-11-17,14095
2021,2021-11,2021-11-16,11664
2021,2021-11,2021-11-15,10341
2021,2021-11,2021-11-14,10112
2021,2021-11,2021-11-13,12221
2021,2021-11,2021-11-12,10280
2021,2021-11,2021-11-11,12495
2021,2021-11,2021-11-10,16753
2021,2021-11,2021-11-09,11511
2021,2021-11,2021-11-08,8717
2021,2021-11,2021-11-07,11167
2021,2021-11,2021-11-06,6944
2021,2021-11,2021-11-05,11548
2021,2021-11,2021-11-04,10874
2021,2021-11,2021-11-03,10435
2021,2021-11,2021-11-02,14706
2021,2021-11,2021-11-01,13501
2021,2021-10,2021-10-31,17365
2021,2021-10,2021-10-30,16723
2021,2021-10,2021-10-29,17236
2021,2021-10,2021-10-28,20821
2021,2021-10,2021-10-27,19104
2021,2021-10,2021-10-26,19264
2021,2021-10,2021-10-25,15798
2021,2021-10,2021-10-24,14570
2021,2021-10,2021-10-23,10037
2021,2021-10,2021-10-22,11792
2021,2021-10,2021-10-21,19257
2021,2021-10,2021-10-20,11929
2021,2021-10,2021-10-19,9818
2021,2021-10,2021-10-18,11416
2021,2021-10,2021-10-17,16933
2021,2021-10,2021-10-16,8756
2021,2021-10,2021-10-15,11807
2021,2021-10,2021-10-14,16590
2021,2021-10,2021-10-13,11902
2021,2021-10,2021-10-12,12767
2021,2021-10,2021-10-11,10973
2021,2021-10,2021-10-10,13724
2021,2021-10,2021-10-09,11134
2021,2021-10,2021-10-08,12738
2021,2021-10,2021-10-07,12846
2021,2021-10,2021-10-06,17389
2021,2021-10,2021-10-05,27444
2021,2021-10,2021-10-04,12077
2021,2021-10,2021-10-03,8003
2021,2021-10,2021-10-02,8249
2021,2021-10,2021-10-01,12138
2021,2021-09,2021-09-30,12328
2021,2021-09,2021-09-29,13928
2021,2021-09,2021-09-28,8001
2021,2021-09,2021-09-27,6933
2021,2021-09,2021-09-26,7949
2021,2021-09,2021-09-25,7460
2021,2021-09,2021-09-24,8536
2021,2021-09,2021-09-23,10464
2021,2021-09,2021-09-22,10221
2021,2021-09,2021-09-21,8921
2021,2021-09,2021-09-20,7678
2021,2021-09,2021-09-19,7675
2021,2021-09,2021-09-18,6840
2021,2021-09,2021-09-17,8926
2021,2021-09,2021-09-16,9869
2021,2021-09,2021-09-15,7183
2021,2021-09,2021-09-14,8447
2021,2021-09,2021-09-13,10723
2021,2021-09,2021-09-12,8344
2021,2021-09,2021-09-11,6360
2021,2021-09,2021-09-10,9279
2021,2021-09,2021-09-09,12933
2021,2021-09,2021-09-08,18368
2021,2021-09,2021-09-07,16617
2021,2021-09,2021-09-06,8307
2021,2021-09,2021-09-05,10815
2021,2021-09,2021-09-04,9640
2021,2021-09,2021-09-03,8418
2021,2021-09,2021-09-02,12876
2021,2021-09,2021-09-01,14009
2021,2021-08,2021-08-31,11914
2021,2021-08,2021-08-30,11403
2021,2021-08,2021-08-29,8324
2021,2021-08,2021-08-28,7705
2021,2021-08,2021-08-27,7007
2021,2021-08,2021-08-26,6518
2021,2021-08,2021-08-25,7753
2021,2021-08,2021-08-24,11430
2021,2021-08,2021-08-23,6692
2021,2021-08,2021-08-22,7624
2021,2021-08,2021-08-21,10035
2021,2021-08,2021-08-20,8460
2021,2021-08,2021-08-19,11965
2021,2021-08,2021-08-18,11346
2021,2021-08,2021-08-17,13266
2021,2021-08,2021-08-16,6950
2021,2021-08,2021-08-15,7286
2021,2021-08,2021-08-14,9260
2021,2021-08,2021-08-13,11641
2021,2021-08,2021-08-12,15120
2021,2021-08,2021-08-11,15053
2021,2021-08,2021-08-10,12487
2021,2021-08,2021-08-09,7822
2021,2021-08,2021-08-08,10838
2021,2021-08,2021-08-07,12709
2021,2021-08,2021-08-06,8897
2021,2021-08,2021-08-05,9892
2021,2021-08,2021-08-04,11571
2021,2021-08,2021-08-03,12536
2021,2021-08,2021-08-02,10351
2021,2021-08,2021-08-01,10775
2021,2021-07,2021-07-31,12072
2021,2021-07,2021-07-30,14216
2021,2021-07,2021-07-29,14215
2021,2021-07,2021-07-28,11719
2021,2021-07,2021-07-27,12763
2021,2021-07,2021-07-26,13252
2021,2021-07,2021-07-25,13685
2021,2021-07,2021-07-24,13545
2021,2021-07,2021-07-23,11835
2021,2021-07,2021-07-22,17738
2021,2021-07,2021-07-21,26401
2021,2021-07,2021-07-20,20257
2021,2021-07,2021-07-19,19484
2021,2021-07,2021-07-18,32266
2021,2021-07,2021-07-17,42035
2021,2021-07,2021-07-16,41849
2021,2021-07,2021-07-15,25664
2021,2021-07,2021-07-14,13975
2021,2021-07,2021-07-13,18857
2021,2021-07,2021-07-12,18466
2021,2021-07,2021-07-11,10191
2021,2021-07,2021-07-10,13811
2021,2021-07,2021-07-09,14965
2021,2021-07,2021-07-08,16791
2021,2021-07,2021-07-07,22591
2021,2021-07,2021-07-06,15097
2021,2021-07,2021-07-05,11821
2021,2021-07,2021-07-04,12192
2021,2021-07,2021-07-03,12493
2021,2021-07,2021-07-02,11140
2021,2021-07,2021-07-01,15911
2021,2021-06,2021-06-30,14106
2021,2021-06,2021-06-29,15538
2021,2021-06,2021-06-28,18209
2021,2021-06,2021-06-27,17641
2021,2021-06,2021-06-26,16451
2021,2021-06,2021-06-25,26974
2021,2021-06,2021-06-24,27552
2021,2021-06,2021-06-23,30502
2021,2021-06,2021-06-22,16025
2021,2021-06,2021-06-21,12401
2021,2021-06,2021-06-20,12975
2021,2021-06,2021-06-19,13151
2021,2021-06,2021-06-18,15750
2021,2021-06,2021-06-17,29089
2021,2021-06,2021-06-16,24865
2021,2021-06,2021-06-15,18645
2021,2021-06,2021-06-14,15327
2021,2021-06,2021-06-13,13258
2021,2021-06,2021-06-12,29764
2021,2021-06,2021-06-11,15501
2021,2021-06,2021-06-10,15064
2021,2021-06,2021-06-09,21744
2021,2021-06,2021-06-08,16632
2021,2021-06,2021-06-07,24419
2021,2021-06,2021-06-06,22649
2021,2021-06,2021-06-05,42153
2021,2021-06,2021-06-04,25183
2021,2021-06,2021-06-03,18602
2021,2021-06,2021-06-02,11913
2021,2021-06,2021-06-01,12443
2021,2021-05,2021-05-31,11825
2021,2021-05,2021-05-30,9542
2021,2021-05,2021-05-29,8797
2021,2021-05,2021-05-28,17051
2021,2021-05,2021-05-27,20739
2021,2021-05,2021-05-26,11672
2021,2021-05,2021-05-25,16387
2021,2021-05,2021-05-24,12574
2021,2021-05,2021-05-23,9047
2021,2021-05,2021-05-22,10001
2021,2021-05,2021-05-21,14466
2021,2021-05,2021-05-20,13621
2021,2021-05,2021-05-19,12832
2021,2021-05,2021-05-18,19654
2021,2021-05,2021-05-17,18913
2021,2021-05,2021-05-16,13691
2021,2021-05,2021-05-15,18802
2021,2021-05,2021-05-14,13984
2021,2021-05,2021-05-13,18258
2021,2021-05,2021-05-12,23227
2021,2021-05,2021-05-11,19117
2021,2021-05,2021-05-10,13068
2021,2021-05,2021-05-09,10050
2021,2021-05,2021-05-08,13513
2021,2021-05,2021-05-07,21433
2021,2021-05,2021-05-06,44193
2021,2021-05,2021-05-05,43728
2021,2021-05,2021-05-04,14345
2021,2021-05,2021-05-03,15844
2021,2021-05,2021-05-02,8767
2021,2021-05,2021-05-01,14446
2021,2021-04,2021-04-30,16775
2021,2021-04,2021-04-29,18485
2021,2021-04,2021-04-28,20660
2021,2021-04,2021-04-27,22927
2021,2021-04,2021-04-26,13951
2021,2021-04,2021-04-25,9033
2021,2021-04,2021-04-24,9138
2021,2021-04,2021-04-23,13974
2021,2021-04,2021-04-22,16127
2021,2021-04,2021-04-21,10648
2021,2021-04,2021-04-20,13925
2021,2021-04,2021-04-19,16506
2021,2021-04,2021-04-18,10888
2021,2021-04,2021-04-17,13096
2021,2021-04,2021-04-16,17772
2021,2021-04,2021-04-15,15191
2021,2021-04,2021-04-14,11078
2021,2021-04,2021-04-13,21907
2021,2021-04,2021-04-12,12307
2021,2021-04,2021-04-11,8025
2021,2021-04,2021-04-10,7709
2021,2021-04,2021-04-09,12890
2021,2021-04,2021-04-08,15831
2021,2021-04,2021-04-07,17758
2021,2021-04,2021-04-06,18486
2021,2021-04,2021-04-05,18674
2021,2021-04,2021-04-04,14993
2021,2021-04,2021-04-03,17502
2021,2021-04,2021-04-02,15422
2021,2021-04,2021-04-01,14072
2021,2021-03,2021-03-31,11327
2021,2021-03,2021-03-30,12746
2021,2021-03,2021-03-29,12741
2021,2021-03,2021-03-28,15859
2021,2021-03,2021-03-27,16088
2021,2021-03,2021-03-26,19011
2021,2021-03,2021-03-25,14055
2021,2021-03,2021-03-24,11099
2021,2021-03,2021-03-23,10252
2021,2021-03,2021-03-22,8922
2021,2021-03,2021-03-21,15199
2021,2021-03,2021-03-20,14240
2021,2021-03,2021-03-19,16479
2021,2021-03,2021-03-18,16083
2021,2021-03,2021-03-17,17013
2021,2021-03,2021-03-16,22035
2021,2021-03,2021-03-15,16664
2021,2021-03,2021-03-14,25692
2021,2021-03,2021-03-13,27561
2021,2021-03,2021-03-12,35567
2021,2021-03,2021-03-11,30082
2021,2021-03,2021-03-10,43229
2021,2021-03,2021-03-09,19510
2021,2021-03,2021-03-08,11476
2021,2021-03,2021-03-07,10842
2021,2021-03,2021-03-06,15558
2021,2021-03,2021-03-05,22522
2021,2021-03,2021-03-04,18812
2021,2021-03,2021-03-03,16027
2021,2021-03,2021-03-02,19200
2021,2021-03,2021-03-01,21279
2021,2021-02,2021-02-28,16097
2021,2021-02,2021-02-27,17171
2021,2021-02,2021-02-26,24904
2021,2021-02,2021-02-25,15221
2021,2021-02,2021-02-24,22115
2021,2021-02,2021-02-23,18814
2021,2021-02,2021-02-22,18148
2021,2021-02,2021-02-21,16505
2021,2021-02,2021-02-20,21082
2021,2021-02,2021-02-19,25786
2021,2021-02,2021-02-18,21394
2021,2021-02,2021-02-17,41504
2021,2021-02,2021-02-16,57840
2021,2021-02,2021-02-15,32586
2021,2021-02,2021-02-14,29014
2021,2021-02,2021-02-13,26405
2021,2021-02,2021-02-12,95611
2021,2021-02,2021-02-11,42529
2021,2021-02,2021-02-10,36579
2021,2021-02,2021-02-09,21857
2021,2021-02,2021-02-08,26290
2021,2021-02,2021-02-07,24793
2021,2021-02,2021-02-06,26144
2021,2021-02,2021-02-05,34064
2021,2021-02,2021-02-04,27433
2021,2021-02,2021-02-03,34768
2021,2021-02,2021-02-02,27779
2021,2021-02,2021-02-01,43894
2021,2021-01,2021-01-31,92927
2021,2021-01,2021-01-30,31487
2021,2021-01,2021-01-29,58693
2021,2021-01,2021-01-28,46575
2021,2021-01,2021-01-27,48173
2021,2021-01,2021-01-26,30566
2021,2021-01,2021-01-25,33954
2021,2021-01,2021-01-24,24960
2021,2021-01,2021-01-23,24881
2021,2021-01,2021-01-22,25093
2021,2021-01,2021-01-21,29015
2021,2021-01,2021-01-20,40302
2021,2021-01,2021-01-19,47944
2021,2021-01,2021-01-18,44418
2021,2021-01,2021-01-17,48985
2021,2021-01,2021-01-16,55241
2021,2021-01,2021-01-15,55519
2021,2021-01,2021-01-14,83394
2021,2021-01,2021-01-13,99671
2021,2021-01,2021-01-12,129954
2021,2021-01,2021-01-11,173316
2021,2021-01,2021-01-10,218770
2021,2021-01,2021-01-09,519219
2021,2021-01,2021-01-08,81558
2021,2021-01,2021-01-07,46276
2021,2021-01,2021-01-06,25019
2021,2021-01,2021-01-05,20720
2021,2021-01,2021-01-04,18110
2021,2021-01,2021-01-03,11090
2021,2021-01,2021-01-02,10766
2021,2021-01,2021-01-01,8797
2020,2020-12,2020-12-31,10118
2020,2020-12,2020-12-30,9574
2020,2020-12,2020-12-29,10875
2020,2020-12,2020-12-28,8806
2020,2020-12,2020-12-27,9445
2020,2020-12,2020-12-26,11946
2020,2020-12,2020-12-25,8991
2020,2020-12,2020-12-24,8432
2020,2020-12,2020-12-23,9763
2020,2020-12,2020-12-22,8731
2020,2020-12,2020-12-21,8211
2020,2020-12,2020-12-20,7842
2020,2020-12,2020-12-19,20208
2020,2020-12,2020-12-18,27887
2020,2020-12,2020-12-17,10139
2020,2020-12,2020-12-16,9192
2020,2020-12,2020-12-15,9784
2020,2020-12,2020-12-14,8870
2020,2020-12,2020-12-13,8914
2020,2020-12,2020-12-12,10992
2020,2020-12,2020-12-11,9314
2020,2020-12,2020-12-10,14414
2020,2020-12,2020-12-09,22445
2020,2020-12,2020-12-08,7482
2020,2020-12,2020-12-07,9860
2020,2020-12,2020-12-06,8829
2020,2020-12,2020-12-05,11256
2020,2020-12,2020-12-04,11648
2020,2020-12,2020-12-03,11965
2020,2020-12,2020-12-02,28611
2020,2020-12,2020-12-01,9290
2020,2020-11,2020-11-30,8317
2020,2020-11,2020-11-29,8551
2020,2020-11,2020-11-28,10589
2020,2020-11,2020-11-27,14204
2020,2020-11,2020-11-26,15304
2020,2020-11,2020-11-25,14047
2020,2020-11,2020-11-24,12396
2020,2020-11,2020-11-23,14619
2020,2020-11,2020-11-22,15748
2020,2020-11,2020-11-21,10669
2020,2020-11,2020-11-20,13703
2020,2020-11,2020-11-19,18310
2020,2020-11,2020-11-18,24085
2020,2020-11,2020-11-17,22269
2020,2020-11,2020-11-16,17126
2020,2020-11,2020-11-15,18497
2020,2020-11,2020-11-14,18515
2020,2020-11,2020-11-13,26966
2020,2020-11,2020-11-12,16165
2020,2020-11,2020-11-11,17934
2020,2020-11,2020-11-10,19987
2020,2020-11,2020-11-09,23677
2020,2020-11,2020-11-08,17873
2020,2020-11,2020-11-07,20437
2020,2020-11,2020-11-06,25583
2020,2020-11,2020-11-05,15051
2020,2020-11,2020-11-04,53763
2020,2020-11,2020-11-03,32273
2020,2020-11,2020-11-02,22056
2020,2020-11,2020-11-01,29281
2020,2020-10,2020-10-31,31856
2020,2020-10,2020-10-30,29117
2020,2020-10,2020-10-29,48514
2020,2020-10,2020-10-28,51715
2020,2020-10,2020-10-27,14714
2020,2020-10,2020-10-26,18652
2020,2020-10,2020-10-25,18846
2020,2020-10,2020-10-24,16793
2020,2020-10,2020-10-23,13893
2020,2020-10,2020-10-22,20077
2020,2020-10,2020-10-21,30623
2020,2020-10,2020-10-20,37751
2020,2020-10,2020-10-19,24398
2020,2020-10,2020-10-18,31256
2020,2020-10,2020-10-17,24780
2020,2020-10,2020-10-16,32361
2020,2020-10,2020-10-15,63467
2020,2020-10,2020-10-14,15847
2020,2020-10,2020-10-13,37554
2020,2020-10,2020-10-12,26485
2020,2020-10,2020-10-11,8111
2020,2020-10,2020-10-10,15935
2020,2020-10,2020-10-09,23888
2020,2020-10,2020-10-08,13759
2020,2020-10,2020-10-07,15820
2020,2020-10,2020-10-06,18750
2020,2020-10,2020-10-05,7234
2020,2020-10,2020-10-04,8128
2020,2020-10,2020-10-03,10852
2020,2020-10,2020-10-02,9092
2020,2020-10,2020-10-01,9507
2020,2020-09,2020-09-30,7909
2020,2020-09,2020-09-29,9329
2020,2020-09,2020-09-28,10976
2020,2020-09,2020-09-27,10423
2020,2020-09,2020-09-26,12834
2020,2020-09,2020-09-25,15500
2020,2020-09,2020-09-24,16623
2020,2020-09,2020-09-23,18398
2020,2020-09,2020-09-22,16284
2020,2020-09,2020-09-21,11683
2020,2020-09,2020-09-20,13799
2020,2020-09,2020-09-19,8414
2020,2020-09,2020-09-18,13171
2020,2020-09,2020-09-17,16281
2020,2020-09,2020-09-16,10458
2020,2020-09,2020-09-15,13308
2020,2020-09,2020-09-14,23096
2020,2020-09,2020-09-13,10692
2020,2020-09,2020-09-12,11776
2020,2020-09,2020-09-11,24233
2020,2020-09,2020-09-10,14416
2020,2020-09,2020-09-09,9868
2020,2020-09,2020-09-08,9435
2020,2020-09,2020-09-07,13388
2020,2020-09,2020-09-06,29962
2020,2020-09,2020-09-05,26202
2020,2020-09,2020-09-04,17296
2020,2020-09,2020-09-03,10913
2020,2020-09,2020-09-02,19819
2020,2020-09,2020-09-01,20724
2020,2020-08,2020-08-31,11537
2020,2020-08,2020-08-30,16327
2020,2020-08,2020-08-29,16541
2020,2020-08,2020-08-28,16162
2020,2020-08,2020-08-27,15092
2020,2020-08,2020-08-26,10982
2020,2020-08,2020-08-25,16151
2020,2020-08,2020-08-24,15365
2020,2020-08,2020-08-23,34415
2020,2020-08,2020-08-22,45300
2020,2020-08,2020-08-21,16826
2020,2020-08,2020-08-20,20492
2020,2020-08,2020-08-19,15172
2020,2020-08,2020-08-18,9550
2020,2020-08,2020-08-17,15342
2020,2020-08,2020-08-16,15636
2020,2020-08,2020-08-15,16648
2020,2020-08,2020-08-14,14404
2020,2020-08,2020-08-13,14137
2020,2020-08,2020-08-12,17620
2020,2020-08,2020-08-11,19068
2020,2020-08,2020-08-10,32038
2020,2020-08,2020-08-09,8130
2020,2020-08,2020-08-08,8928
2020,2020-08,2020-08-07,16347
2020,2020-08,2020-08-06,12871
2020,2020-08,2020-08-05,10760
2020,2020-08,2020-08-04,12271
2020,2020-08,2020-08-03,12422
2020,2020-08,2020-08-02,15916
2020,2020-08,2020-08-01,18558
2020,2020-07,2020-07-31,14761
2020,2020-07,2020-07-30,26579
2020,2020-07,2020-07-29,25794
2020,2020-07,2020-07-28,24348
2020,2020-07,2020-07-27,17418
2020,2020-07,2020-07-26,19331
2020,2020-07,2020-07-25,20784
2020,2020-07,2020-07-24,32088
2020,2020-07,2020-07-23,32531
2020,2020-07,2020-07-22,21065
2020,2020-07,2020-07-21,15359
2020,2020-07,2020-07-20,20796
2020,2020-07,2020-07-19,39389
2020,2020-07,2020-07-18,18711
2020,2020-07,2020-07-17,22338
2020,2020-07,2020-07-16,26851
2020,2020-07,2020-07-15,59224
2020,2020-07,2020-07-14,25818
2020,2020-07,2020-07-13,22502
2020,2020-07,2020-07-12,31712
2020,2020-07,2020-07-11,82210
2020,2020-07,2020-07-10,54002
2020,2020-07,2020-07-09,42529
2020,2020-07,2020-07-08,70617
2020,2020-07,2020-07-07,31229
2020,2020-07,2020-07-06,15812
2020,2020-07,2020-07-05,16935
2020,2020-07,2020-07-04,24321
2020,2020-07,2020-07-03,30329
2020,2020-07,2020-07-02,25098
2020,2020-07,2020-07-01,19688
2020,2020-06,2020-06-30,26265
2020,2020-06,2020-06-29,19598
2020,2020-06,2020-06-28,19902
2020,2020-06,2020-06-27,21912
2020,2020-06,2020-06-26,26442
2020,2020-06,2020-06-25,51085
2020,2020-06,2020-06-24,27275
2020,2020-06,2020-06-23,18644
2020,2020-06,2020-06-22,21582
2020,2020-06,2020-06-21,34265
2020,2020-06,2020-06-20,36919
2020,2020-06,2020-06-19,37443
2020,2020-06,2020-06-18,20666
2020,2020-06,2020-06-17,27560
2020,2020-06,2020-06-16,30642
2020,2020-06,2020-06-15,20142
2020,2020-06,2020-06-14,16091
2020,2020-06,2020-06-13,24553
2020,2020-06,2020-06-12,37645
2020,2020-06,2020-06-11,46958
2020,2020-06,2020-06-10,34110
2020,2020-06,2020-06-09,31820
2020,2020-06,2020-06-08,29174
2020,2020-06,2020-06-07,26974
2020,2020-06,2020-06-06,33927
2020,2020-06,2020-06-05,35684
2020,2020-06,2020-06-04,41795
2020,2020-06,2020-06-03,39756
2020,2020-06,2020-06-02,63741
2020,2020-06,2020-06-01,42777
2020,2020-05,2020-05-31,28033
2020,2020-05,2020-05-30,128970
2020,2020-05,2020-05-29,124675
2020,2020-05,2020-05-28,94588
2020,2020-05,2020-05-27,125227
2020,2020-05,2020-05-26,18510
2020,2020-05,2020-05-25,8247
2020,2020-05,2020-05-24,5397
2020,2020-05,2020-05-23,10147
2020,2020-05,2020-05-22,8656
2020,2020-05,2020-05-21,11702
2020,2020-05,2020-05-20,8648
2020,2020-05,2020-05-19,8251
2020,2020-05,2020-05-18,12194
2020,2020-05,2020-05-17,5575
2020,2020-05,2020-05-16,6352
2020,2020-05,2020-05-15,6660
2020,2020-05,2020-05-14,6239
2020,2020-05,2020-05-13,11161
2020,2020-05,2020-05-12,9339
2020,2020-05,2020-05-11,6409
2020,2020-05,2020-05-10,7978
2020,2020-05,2020-05-09,30502
2020,2020-05,2020-05-08,22454
2020,2020-05,2020-05-07,13666
2020,2020-05,2020-05-06,12475
2020,2020-05,2020-05-05,12519
2020,2020-05,2020-05-04,10687
2020,2020-05,2020-05-03,16294
2020,2020-05,2020-05-02,14422
2020,2020-05,2020-05-01,14150
2020,2020-04,2020-04-30,7883
2020,2020-04,2020-04-29,10027
2020,2020-04,2020-04-28,8648
2020,2020-04,2020-04-27,10355
2020,2020-04,2020-04-26,13324
2020,2020-04,2020-04-25,14866
2020,2020-04,2020-04-24,9891
2020,2020-04,2020-04-23,20296
2020,2020-04,2020-04-22,14065
2020,2020-04,2020-04-21,8681
2020,2020-04,2020-04-20,15310
2020,2020-04,2020-04-19,6623
2020,2020-04,2020-04-18,8355
2020,2020-04,2020-04-17,6813
2020,2020-04,2020-04-16,7208
2020,2020-04,2020-04-15,6711
2020,2020-04,2020-04-14,8237
2020,2020-04,2020-04-13,5377
2020,2020-04,2020-04-12,5003
2020,2020-04,2020-04-11,5454
2020,2020-04,2020-04-10,6607
2020,2020-04,2020-04-09,5691
2020,2020-04,2020-04-08,8506
2020,2020-04,2020-04-07,10888
2020,2020-04,2020-04-06,8821
2020,2020-04,2020-04-05,15897
2020,2020-04,2020-04-04,9530
2020,2020-04,2020-04-03,6572
2020,2020-04,2020-04-02,9210
2020,2020-04,2020-04-01,6151
2020,2020-03,2020-03-31,6733
2020,2020-03,2020-03-30,3540
2020,2020-03,2020-03-29,3359
2020,2020-03,2020-03-28,6101
2020,2020-03,2020-03-27,4642
2020,2020-03,2020-03-26,11181
2020,2020-03,2020-03-25,7867
2020,2020-03,2020-03-24,4652
2020,2020-03,2020-03-23,4254
2020,2020-03,2020-03-22,7822
2020,2020-03,2020-03-21,3067
2020,2020-03,2020-03-20,5374
2020,2020-03,2020-03-19,6760
2020,2020-03,2020-03-18,4625
2020,2020-03,2020-03-17,5929
2020,2020-03,2020-03-16,3635
2020,2020-03,2020-03-15,5963
2020,2020-03,2020-03-14,4391
2020,2020-03,2020-03-13,5476
2020,2020-03,2020-03-12,5499
2020,2020-03,2020-03-11,5678
2020,2020-03,2020-03-10,9226
2020,2020-03,2020-03-09,11367
2020,2020-03,2020-03-08,7828
2020,2020-03,2020-03-07,15958
2020,2020-03,2020-03-06,17052
2020,2020-03,2020-03-05,13446
2020,2020-03,2020-03-04,8290
2020,2020-03,2020-03-03,7530
2020,2020-03,2020-03-02,9289
2020,2020-03,2020-03-01,10477
2020,2020-02,2020-02-29,10686
2020,2020-02,2020-02-28,14224
2020,2020-02,2020-02-27,16093
2020,2020-02,2020-02-26,18706
2020,2020-02,2020-02-25,13523
2020,2020-02,2020-02-24,13778
2020,2020-02,2020-02-23,10570
2020,2020-02,2020-02-22,8069
2020,2020-02,2020-02-21,9539
2020,2020-02,2020-02-20,12969
2020,2020-02,2020-02-19,12495
2020,2020-02,2020-02-18,18361
2020,2020-02,2020-02-17,12892
2020,2020-02,2020-02-16,17565
2020,2020-02,2020-02-15,10663
2020,2020-02,2020-02-14,14089
2020,2020-02,2020-02-13,14071
2020,2020-02,2020-02-12,10187
2020,2020-02,2020-02-11,11405
2020,2020-02,2020-02-10,17043
2020,2020-02,2020-02-09,11502
2020,2020-02,2020-02-08,10530
2020,2020-02,2020-02-07,12446
2020,2020-02,2020-02-06,9610
2020,2020-02,2020-02-05,11518
2020,2020-02,2020-02-04,10216
2020,2020-02,2020-02-03,17785
2020,2020-02,2020-02-02,9248
2020,2020-02,2020-02-01,13388
2020,2020-01,2020-01-31,17878
2020,2020-01,2020-01-30,16468
2020,2020-01,2020-01-29,10957
2020,2020-01,2020-01-28,11291
2020,2020-01,2020-01-27,8840
2020,2020-01,2020-01-26,9030
2020,2020-01,2020-01-25,10073
2020,2020-01,2020-01-24,13652
2020,2020-01,2020-01-23,9818
2020,2020-01,2020-01-22,14157
2020,2020-01,2020-01-21,8990
2020,2020-01,2020-01-20,10047
2020,2020-01,2020-01-19,8470
2020,2020-01,2020-01-18,10178
2020,2020-01,2020-01-17,8948
2020,2020-01,2020-01-16,9358
2020,2020-01,2020-01-15,15404
2020,2020-01,2020-01-14,27196
2020,2020-01,2020-01-13,9683
2020,2020-01,2020-01-12,19244
2020,2020-01,2020-01-11,46261
2020,2020-01,2020-01-10,12129
2020,2020-01,2020-01-09,5946
2020,2020-01,2020-01-08,5976
2020,2020-01,2020-01-07,9565
2020,2020-01,2020-01-06,8334
2020,2020-01,2020-01-05,5474
2020,2020-01,2020-01-04,7119
2020,2020-01,2020-01-03,7495
2020,2020-01,2020-01-02,9231
2020,2020-01,2020-01-01,8542
2019,2019-12,2019-12-31,8006
2019,2019-12,2019-12-30,8482
2019,2019-12,2019-12-29,18547
2019,2019-12,2019-12-28,25730
2019,2019-12,2019-12-27,5093
2019,2019-12,2019-12-26,6224
2019,2019-12,2019-12-25,6241
2019,2019-12,2019-12-24,13992
2019,2019-12,2019-12-23,10830
2019,2019-12,2019-12-22,6352
2019,2019-12,2019-12-21,7456
2019,2019-12,2019-12-20,12705
2019,2019-12,2019-12-19,12192
2019,2019-12,2019-12-18,9093
2019,2019-12,2019-12-17,12276
2019,2019-12,2019-12-16,10163
2019,2019-12,2019-12-15,9904
2019,2019-12,2019-12-14,9908
2019,2019-12,2019-12-13,7857
2019,2019-12,2019-12-12,15550
2019,2019-12,2019-12-11,21355
2019,2019-12,2019-12-10,9236
2019,2019-12,2019-12-09,11646
2019,2019-12,2019-12-08,14153
2019,2019-12,2019-12-07,13076
2019,2019-12,2019-12-06,12603
2019,2019-12,2019-12-05,7441
2019,2019-12,2019-12-04,6926
2019,2019-12,2019-12-03,9601
2019,2019-12,2019-12-02,11891
2019,2019-12,2019-12-01,9785
2019,2019-11,2019-11-30,11413
2019,2019-11,2019-11-29,15793
2019,2019-11,2019-11-28,7657
2019,2019-11,2019-11-27,7863
2019,2019-11,2019-11-26,8268
2019,2019-11,2019-11-25,9075
2019,2019-11,2019-11-24,13112
2019,2019-11,2019-11-23,30649
2019,2019-11,2019-11-22,26818
2019,2019-11,2019-11-21,11131
2019,2019-11,2019-11-20,7658
2019,2019-11,2019-11-19,9040
2019,2019-11,2019-11-18,10071
2019,2019-11,2019-11-17,8496
2019,2019-11,2019-11-16,14039
2019,2019-11,2019-11-15,11806
2019,2019-11,2019-11-14,8732
2019,2019-11,2019-11-13,10955
2019,2019-11,2019-11-12,20408
2019,2019-11,2019-11-11,13752
2019,2019-11,2019-11-10,7842
2019,2019-11,2019-11-09,11817
2019,2019-11,2019-11-08,11293
2019,2019-11,2019-11-07,15096
2019,2019-11,2019-11-06,15437
2019,2019-11,2019-11-05,9056
2019,2019-11,2019-11-04,10325
2019,2019-11,2019-11-03,9586
2019,2019-11,2019-11-02,15797
2019,2019-11,2019-11-01,20921
2019,2019-10,2019-10-31,32654
2019,2019-10,2019-10-30,20258
2019,2019-10,2019-10-29,12745
2019,2019-10,2019-10-28,16358
2019,2019-10,2019-10-27,8530
2019,2019-10,2019-10-26,11542
2019,2019-10,2019-10-25,18620
2019,2019-10,2019-10-24,20445
2019,2019-10,2019-10-23,32524
2019,2019-10,2019-10-22,13700
2019,2019-10,2019-10-21,17118
2019,2019-10,2019-10-20,14854
2019,2019-10,2019-10-19,21051
2019,2019-10,2019-10-18,48402
2019,2019-10,2019-10-17,28607
2019,2019-10,2019-10-16,21427
2019,2019-10,2019-10-15,45999
2019,2019-10,2019-10-14,36450
2019,2019-10,2019-10-13,12189
2019,2019-10,2019-10-12,14230
2019,2019-10,2019-10-11,16686
2019,2019-10,2019-10-10,24472
2019,2019-10,2019-10-09,25613
2019,2019-10,2019-10-08,37540
2019,2019-10,2019-10-07,21805
2019,2019-10,2019-10-06,8512
2019,2019-10,2019-10-05,18189
2019,2019-10,2019-10-04,13536
2019,2019-10,2019-10-03,8680
2019,2019-10,2019-10-02,14461
2019,2019-10,2019-10-01,17002
2019,2019-09,2019-09-30,12522
2019,2019-09,2019-09-29,10638
2019,2019-09,2019-09-28,9318
2019,2019-09,2019-09-27,11098
2019,2019-09,2019-09-26,11625
2019,2019-09,2019-09-25,8995
2019,2019-09,2019-09-24,7210
2019,2019-09,2019-09-23,5491
2019,2019-09,2019-09-22,4999
2019,2019-09,2019-09-21,6242
2019,2019-09,2019-09-20,7003
2019,2019-09,2019-09-19,7882
2019,2019-09,2019-09-18,10857
2019,2019-09,2019-09-17,9129
2019,2019-09,2019-09-16,8079
2019,2019-09,2019-09-15,5325
2019,2019-09,2019-09-14,5909
2019,2019-09,2019-09-13,6736
2019,2019-09,2019-09-12,5913
2019,2019-09,2019-09-11,5888
2019,2019-09,2019-09-10,6644
2019,2019-09,2019-09-09,7131
2019,2019-09,2019-09-08,5870
2019,2019-09,2019-09-07,8447
2019,2019-09,2019-09-06,11072
2019,2019-09,2019-09-05,7702
2019,2019-09,2019-09-04,9748
2019,2019-09,2019-09-03,7221
2019,2019-09,2019-09-02,8554
2019,2019-09,2019-09-01,8371
2019,2019-08,2019-08-31,7920
2019,2019-08,2019-08-30,7605
2019,2019-08,2019-08-29,6221
2019,2019-08,2019-08-28,9307
2019,2019-08,2019-08-27,19177
2019,2019-08,2019-08-26,8013
2019,2019-08,2019-08-25,6220
2019,2019-08,2019-08-24,8818
2019,2019-08,2019-08-23,8037
2019,2019-08,2019-08-22,9081
2019,2019-08,2019-08-21,9734
2019,2019-08,2019-08-20,9321
2019,2019-08,2019-08-19,10662
2019,2019-08,2019-08-18,15014
2019,2019-08,2019-08-17,13849
2019,2019-08,2019-08-16,13641
2019,2019-08,2019-08-15,11010
2019,2019-08,2019-08-14,9476
2019,2019-08,2019-08-13,10482
2019,2019-08,2019-08-12,8372
2019,2019-08,2019-08-11,5582
2019,2019-08,2019-08-10,10577
2019,2019-08,2019-08-09,13658
2019,2019-08,2019-08-08,10585
2019,2019-08,2019-08-07,19297
2019,2019-08,2019-08-06,15521
2019,2019-08,2019-08-05,12085
2019,2019-08,2019-08-04,8170
2019,2019-08,2019-08-03,7294
2019,2019-08,2019-08-02,7277
2019,2019-08,2019-08-01,6733
2019,2019-07,2019-07-31,7279
2019,2019-07,2019-07-30,8766
2019,2019-07,2019-07-29,7434
2019,2019-07,2019-07-28,8641
2019,2019-07,2019-07-27,7388
2019,2019-07,2019-07-26,8730
2019,2019-07,2019-07-25,7906
2019,2019-07,2019-07-24,9180
2019,2019-07,2019-07-23,8656
2019,2019-07,2019-07-22,10919
2019,2019-07,2019-07-21,7602
2019,2019-07,2019-07-20,7653
2019,2019-07,2019-07-19,13915
2019,2019-07,2019-07-18,13970
2019,2019-07,2019-07-17,17030
2019,2019-07,2019-07-16,19714
2019,2019-07,2019-07-15,9381
2019,2019-07,2019-07-14,8175
2019,2019-07,2019-07-13,10975
2019,2019-07,2019-07-12,16518
2019,2019-07,2019-07-11,14627
2019,2019-07,2019-07-10,15003
2019,2019-07,2019-07-09,10468
2019,2019-07,2019-07-08,15245
2019,2019-07,2019-07-07,28228
2019,2019-07,2019-07-06,23351
2019,2019-07,2019-07-05,20142
2019,2019-07,2019-07-04,15456
2019,2019-07,2019-07-03,21045
2019,2019-07,2019-07-02,20928
2019,2019-07,2019-07-01,14109
2019,2019-06,2019-06-30,16433
2019,2019-06,2019-06-29,13421
2019,2019-06,2019-06-28,14802
2019,2019-06,2019-06-27,20188
2019,2019-06,2019-06-26,15057
2019,2019-06,2019-06-25,19767
2019,2019-06,2019-06-24,10736
2019,2019-06,2019-06-23,6218
2019,2019-06,2019-06-22,5962
2019,2019-06,2019-06-21,12431
2019,2019-06,2019-06-20,10493
2019,2019-06,2019-06-19,9006
2019,2019-06,2019-06-18,12421
2019,2019-06,2019-06-17,11455
2019,2019-06,2019-06-16,10611
2019,2019-06,2019-06-15,16187
2019,2019-06,2019-06-14,18842
2019,2019-06,2019-06-13,22007
2019,2019-06,2019-06-12,19691
2019,2019-06,2019-06-11,17651
2019,2019-06,2019-06-10,22390
2019,2019-06,2019-06-09,16348
2019,2019-06,2019-06-08,12127
2019,2019-06,2019-06-07,18292
2019,2019-06,2019-06-06,22815
2019,2019-06,2019-06-05,16291
2019,2019-06,2019-06-04,9097
2019,2019-06,2019-06-03,9003
2019,2019-06,2019-06-02,9771
2019,2019-06,2019-06-01,10778
2019,2019-05,2019-05-31,10536
2019,2019-05,2019-05-30,12067
2019,2019-05,2019-05-29,9976
2019,2019-05,2019-05-28,8602
2019,2019-05,2019-05-27,7298
2019,2019-05,2019-05-26,9146
2019,2019-05,2019-05-25,8063
2019,2019-05,2019-05-24,10054
2019,2019-05,2019-05-23,7339
2019,2019-05,2019-05-22,7104
2019,2019-05,2019-05-21,8273
2019,2019-05,2019-05-20,8104
2019,2019-05,2019-05-19,7852
2019,2019-05,2019-05-18,8475
2019,2019-05,2019-05-17,11363
2019,2019-05,2019-05-16,21265
2019,2019-05,2019-05-15,19609
2019,2019-05,2019-05-14,9919
2019,2019-05,2019-05-13,11495
2019,2019-05,2019-05-12,14454
2019,2019-05,2019-05-11,22342
2019,2019-05,2019-05-10,15014
2019,2019-05,2019-05-09,10515
2019,2019-05,2019-05-08,15117
2019,2019-05,2019-05-07,30123
2019,2019-05,2019-05-06,21130
2019,2019-05,2019-05-05,41374
2019,2019-05,2019-05-04,32241
2019,2019-05,2019-05-03,20910
2019,2019-05,2019-05-02,8758
2019,2019-05,2019-05-01,7614
2019,2019-04,2019-04-30,7408
2019,2019-04,2019-04-29,8506
2019,2019-04,2019-04-28,7057
2019,2019-04,2019-04-27,9251
2019,2019-04,2019-04-26,17483
2019,2019-04,2019-04-25,10744
2019,2019-04,2019-04-24,7338
2019,2019-04,2019-04-23,8301
2019,2019-04,2019-04-22,5084
2019,2019-04,2019-04-21,5209
2019,2019-04,2019-04-20,5772
2019,2019-04,2019-04-19,6760
2019,2019-04,2019-04-18,10431
2019,2019-04,2019-04-17,10979
2019,2019-04,2019-04-16,9194
2019,2019-04,2019-04-15,11359
2019,2019-04,2019-04-14,10170
2019,2019-04,2019-04-13,11754
2019,2019-04,2019-04-12,14726
2019,2019-04,2019-04-11,16481
2019,2019-04,2019-04-10,10006
2019,2019-04,2019-04-09,14832
2019,2019-04,2019-04-08,9615
2019,2019-04,2019-04-07,6205
2019,2019-04,2019-04-06,9442
2019,2019-04,2019-04-05,9954
2019,2019-04,2019-04-04,7343
2019,2019-04,2019-04-03,13586
2019,2019-04,2019-04-02,10073
2019,2019-04,2019-04-01,5862
2019,2019-03,2019-03-31,6792
2019,2019-03,2019-03-30,8474
2019,2019-03,2019-03-29,8681
2019,2019-03,2019-03-28,10259
2019,2019-03,2019-03-27,7578
2019,2019-03,2019-03-26,11792
2019,2019-03,2019-03-25,10347
2019,2019-03,2019-03-24,12786
2019,2019-03,2019-03-23,18771
2019,2019-03,2019-03-22,48243
2019,2019-03,2019-03-21,47614
2019,2019-03,2019-03-20,25427
2019,2019-03,2019-03-19,38165
2019,2019-03,2019-03-18,23239
2019,2019-03,2019-03-17,13718
2019,2019-03,2019-03-16,13784
2019,2019-03,2019-03-15,32948
2019,2019-03,2019-03-14,22066
2019,2019-03,2019-03-13,14267
2019,2019-03,2019-03-12,22877
2019,2019-03,2019-03-11,14453
2019,2019-03,2019-03-10,10854
2019,2019-03,2019-03-09,14981
2019,2019-03,2019-03-08,11507
2019,2019-03,2019-03-07,17758
2019,2019-03,2019-03-06,18754
2019,2019-03,2019-03-05,16445
2019,2019-03,2019-03-04,17524
2019,2019-03,2019-03-03,37163
2019,2019-03,2019-03-02,27475
2019,2019-03,2019-03-01,7385
2019,2019-02,2019-02-28,14737
2019,2019-02,2019-02-27,24908
2019,2019-02,2019-02-26,14307
2019,2019-02,2019-02-25,6397
2019,2019-02,2019-02-24,6358
2019,2019-02,2019-02-23,5914
2019,2019-02,2019-02-22,9876
2019,2019-02,2019-02-21,7931
2019,2019-02,2019-02-20,7814
2019,2019-02,2019-02-19,7852
2019,2019-02,2019-02-18,12047
2019,2019-02,2019-02-17,11081
2019,2019-02,2019-02-16,7342
2019,2019-02,2019-02-15,8028
2019,2019-02,2019-02-14,6985
2019,2019-02,2019-02-13,12202
2019,2019-02,2019-02-12,14667
2019,2019-02,2019-02-11,13759
2019,2019-02,2019-02-10,9092
2019,2019-02,2019-02-09,5841
2019,2019-02,2019-02-08,5450
2019,2019-02,2019-02-07,6486
2019,2019-02,2019-02-06,9685
2019,2019-02,2019-02-05,7888
2019,2019-02,2019-02-04,10085
2019,2019-02,2019-02-03,11315
2019,2019-02,2019-02-02,6158
2019,2019-02,2019-02-01,8198
2019,2019-01,2019-01-31,6028
2019,2019-01,2019-01-30,5788
2019,2019-01,2019-01-29,6777
2019,2019-01,2019-01-28,6881
2019,2019-01,2019-01-27,6106
2019,2019-01,2019-01-26,5072
2019,2019-01,2019-01-25,7470
2019,2019-01,2019-01-24,8249
2019,2019-01,2019-01-23,9993
2019,2019-01,2019-01-22,8629
2019,2019-01,2019-01-21,8879
2019,2019-01,2019-01-20,7583
2019,2019-01,2019-01-19,10010
2019,2019-01,2019-01-18,6432
2019,2019-01,2019-01-17,8821
2019,2019-01,2019-01-16,7171
2019,2019-01,2019-01-15,6336
2019,2019-01,2019-01-14,5191
2019,2019-01,2019-01-13,6314
2019,2019-01,2019-01-12,6125
2019,2019-01,2019-01-11,7651
2019,2019-01,2019-01-10,11870
2019,2019-01,2019-01-09,20785
2019,2019-01,2019-01-08,23227
2019,2019-01,2019-01-07,13842
2019,2019-01,2019-01-06,6062
2019,2019-01,2019-01-05,7518
2019,2019-01,2019-01-04,7737
2019,2019-01,2019-01-03,5641
2019,2019-01,2019-01-02,5077
2019,2019-01,2019-01-01,8288
2018,2018-12,2018-12-31,11743
2018,2018-12,2018-12-30,5818
2018,2018-12,2018-12-29,6056
2018,2018-12,2018-12-28,4359
2018,2018-12,2018-12-27,3639
2018,2018-12,2018-12-26,3139
2018,2018-12,2018-12-25,3496
2018,2018-12,2018-12-24,4663
2018,2018-12,2018-12-23,5032
2018,2018-12,2018-12-22,4653
2018,2018-12,2018-12-21,8365
2018,2018-12,2018-12-20,12291
2018,2018-12,2018-12-19,14843
2018,2018-12,2018-12-18,18489
2018,2018-12,2018-12-17,11827
2018,2018-12,2018-12-16,7122
2018,2018-12,2018-12-15,8330
2018,2018-12,2018-12-14,8541
2018,2018-12,2018-12-13,9527
2018,2018-12,2018-12-12,12756
2018,2018-12,2018-12-11,7696
2018,2018-12,2018-12-10,9298
2018,2018-12,2018-12-09,6912
2018,2018-12,2018-12-08,5674
2018,2018-12,2018-12-07,6911
2018,2018-12,2018-12-06,7431
2018,2018-12,2018-12-05,9865
2018,2018-12,2018-12-04,12231
2018,2018-12,2018-12-03,13604
2018,2018-12,2018-12-02,15329
2018,2018-12,2018-12-01,18356
2018,2018-11,2018-11-30,23017
2018,2018-11,2018-11-29,14692
2018,2018-11,2018-11-28,9701
2018,2018-11,2018-11-27,10913
2018,2018-11,2018-11-26,13732
2018,2018-11,2018-11-25,12723
2018,2018-11,2018-11-24,11111
2018,2018-11,2018-11-23,8290
2018,2018-11,2018-11-22,9641
2018,2018-11,2018-11-21,6419
2018,2018-11,2018-11-20,6666
2018,2018-11,2018-11-19,14753
2018,2018-11,2018-11-18,8744
2018,2018-11,2018-11-17,8495
2018,2018-11,2018-11-16,9777
2018,2018-11,2018-11-15,10685
2018,2018-11,2018-11-14,8368
2018,2018-11,2018-11-13,8094
2018,2018-11,2018-11-12,5172
2018,2018-11,2018-11-11,5176
2018,2018-11,2018-11-10,7350
2018,2018-11,2018-11-09,15716
2018,2018-11,2018-11-08,21020
2018,2018-11,2018-11-07,6959
2018,2018-11,2018-11-06,9214
2018,2018-11,2018-11-05,7888
2018,2018-11,2018-11-04,9854
2018,2018-11,2018-11-03,11786
2018,2018-11,2018-11-02,9569
2018,2018-11,2018-11-01,9714
2018,2018-10,2018-10-31,10704
2018,2018-10,2018-10-30,20316
2018,2018-10,2018-10-29,27874
2018,2018-10,2018-10-28,23408
2018,2018-10,2018-10-27,18351
2018,2018-10,2018-10-26,22070
2018,2018-10,2018-10-25,16095
2018,2018-10,2018-10-24,12082
2018,2018-10,2018-10-23,11499
2018,2018-10,2018-10-22,8137
2018,2018-10,2018-10-21,10308
2018,2018-10,2018-10-20,14459
2018,2018-10,2018-10-19,11991
2018,2018-10,2018-10-18,16001
2018,2018-10,2018-10-17,13959
2018,2018-10,2018-10-16,8033
2018,2018-10,2018-10-15,12590
2018,2018-10,2018-10-14,10891
2018,2018-10,2018-10-13,13251
2018,2018-10,2018-10-12,19216
2018,2018-10,2018-10-11,17532
2018,2018-10,2018-10-10,24487
2018,2018-10,2018-10-09,11814
2018,2018-10,2018-10-08,8232
2018,2018-10,2018-10-07,6343
2018,2018-10,2018-10-06,6326
2018,2018-10,2018-10-05,7663
2018,2018-10,2018-10-04,7160
2018,2018-10,2018-10-03,8777
2018,2018-10,2018-10-02,8632
2018,2018-10,2018-10-01,11381
2018,2018-09,2018-09-30,17122
2018,2018-09,2018-09-29,6016
2018,2018-09,2018-09-28,7452
2018,2018-09,2018-09-27,5848
2018,2018-09,2018-09-26,8261
2018,2018-09,2018-09-25,13566
2018,2018-09,2018-09-24,13710
2018,2018-09,2018-09-23,12089
2018,2018-09,2018-09-22,18035
2018,2018-09,2018-09-21,14450
2018,2018-09,2018-09-20,11720
2018,2018-09,2018-09-19,9957
2018,2018-09,2018-09-18,6665
2018,2018-09,2018-09-17,9046
2018,2018-09,2018-09-16,6603
2018,2018-09,2018-09-15,6154
2018,2018-09,2018-09-14,8882
2018,2018-09,2018-09-13,10837
2018,2018-09,2018-09-12,13671
2018,2018-09,2018-09-11,17121
2018,2018-09,2018-09-10,16735
2018,2018-09,2018-09-09,8447
2018,2018-09,2018-09-08,10239
2018,2018-09,2018-09-07,16549
2018,2018-09,2018-09-06,17295
2018,2018-09,2018-09-05,25644
2018,2018-09,2018-09-04,31195
2018,2018-09,2018-09-03,10244
2018,2018-09,2018-09-02,6122
2018,2018-09,2018-09-01,9585
2018,2018-08,2018-08-31,15233
2018,2018-08,2018-08-30,13678
2018,2018-08,2018-08-29,14271
2018,2018-08,2018-08-28,16029
2018,2018-08,2018-08-27,5969
2018,2018-08,2018-08-26,6382
2018,2018-08,2018-08-25,7017
2018,2018-08,2018-08-24,10557
2018,2018-08,2018-08-23,11009
2018,2018-08,2018-08-22,7895
2018,2018-08,2018-08-21,11275
2018,2018-08,2018-08-20,15336
2018,2018-08,2018-08-19,19303
2018,2018-08,2018-08-18,27747
2018,2018-08,2018-08-17,42367
2018,2018-08,2018-08-16,35724
2018,2018-08,2018-08-15,19730
2018,2018-08,2018-08-14,10982
2018,2018-08,2018-08-13,16674
2018,2018-08,2018-08-12,21516
2018,2018-08,2018-08-11,26896
2018,2018-08,2018-08-10,28075
2018,2018-08,2018-08-09,25316
2018,2018-08,2018-08-08,36879
2018,2018-08,2018-08-07,59941
2018,2018-08,2018-08-06,46241
2018,2018-08,2018-08-05,16324
2018,2018-08,2018-08-04,17234
2018,2018-08,2018-08-03,17971
2018,2018-08,2018-08-02,14093
2018,2018-08,2018-08-01,13953
2018,2018-07,2018-07-31,10078
2018,2018-07,2018-07-30,18416
2018,2018-07,2018-07-29,17717
2018,2018-07,2018-07-28,18731
2018,2018-07,2018-07-27,13102
2018,2018-07,2018-07-26,17062
2018,2018-07,2018-07-25,20113
2018,2018-07,2018-07-24,13651
2018,2018-07,2018-07-23,13859
2018,2018-07,2018-07-22,9788
2018,2018-07,2018-07-21,10950
2018,2018-07,2018-07-20,13070
2018,2018-07,2018-07-19,10738
2018,2018-07,2018-07-18,12949
2018,2018-07,2018-07-17,10257
2018,2018-07,2018-07-16,14074
2018,2018-07,2018-07-15,18443
2018,2018-07,2018-07-14,23234
2018,2018-07,2018-07-13,14907
2018,2018-07,2018-07-12,11145
2018,2018-07,2018-07-11,11287
2018,2018-07,2018-07-10,11122
2018,2018-07,2018-07-09,6888
2018,2018-07,2018-07-08,7108
2018,2018-07,2018-07-07,10002
2018,2018-07,2018-07-06,22373
2018,2018-07,2018-07-05,15395
2018,2018-07,2018-07-04,10077
2018,2018-07,2018-07-03,27966
2018,2018-07,2018-07-02,34984
2018,2018-07,2018-07-01,12707
2018,2018-06,2018-06-30,14412
2018,2018-06,2018-06-29,12470
2018,2018-06,2018-06-28,13420
2018,2018-06,2018-06-27,19689
2018,2018-06,2018-06-26,15974
2018,2018-06,2018-06-25,12276
2018,2018-06,2018-06-24,9071
2018,2018-06,2018-06-23,9211
2018,2018-06,2018-06-22,8107
2018,2018-06,2018-06-21,8639
2018,2018-06,2018-06-20,6968
2018,2018-06,2018-06-19,10005
2018,2018-06,2018-06-18,8237
2018,2018-06,2018-06-17,5847
2018,2018-06,2018-06-16,10371
2018,2018-06,2018-06-15,16614
2018,2018-06,2018-06-14,10790
2018,2018-06,2018-06-13,14418
2018,2018-06,2018-06-12,8091
2018,2018-06,2018-06-11,12801
2018,2018-06,2018-06-10,10035
2018,2018-06,2018-06-09,8604
2018,2018-06,2018-06-08,9313
2018,2018-06,2018-06-07,11577
2018,2018-06,2018-06-06,20531
2018,2018-06,2018-06-05,22715
2018,2018-06,2018-06-04,8219
2018,2018-06,2018-06-03,7275
2018,2018-06,2018-06-02,8168
2018,2018-06,2018-06-01,17807
2018,2018-05,2018-05-31,20994
2018,2018-05,2018-05-30,42568
2018,2018-05,2018-05-29,53610
2018,2018-05,2018-05-28,16174
2018,2018-05,2018-05-27,17172
2018,2018-05,2018-05-26,24574
2018,2018-05,2018-05-25,46239
2018,2018-05,2018-05-24,64302
2018,2018-05,2018-05-23,35576
2018,2018-05,2018-05-22,7684
2018,2018-05,2018-05-21,6033
2018,2018-05,2018-05-20,9222
2018,2018-05,2018-05-19,7224
2018,2018-05,2018-05-18,8574
2018,2018-05,2018-05-17,9451
2018,2018-05,2018-05-16,15142
2018,2018-05,2018-05-15,29713
2018,2018-05,2018-05-14,7986
2018,2018-05,2018-05-13,6583
2018,2018-05,2018-05-12,7732
2018,2018-05,2018-05-11,9480
2018,2018-05,2018-05-10,8120
2018,2018-05,2018-05-09,12240
2018,2018-05,2018-05-08,10480
2018,2018-05,2018-05-07,10416
2018,2018-05,2018-05-06,9469
2018,2018-05,2018-05-05,6438
2018,2018-05,2018-05-04,12736
2018,2018-05,2018-05-03,13617
2018,2018-05,2018-05-02,9057
2018,2018-05,2018-05-01,11027
2018,2018-04,2018-04-30,15357
2018,2018-04,2018-04-29,21164
2018,2018-04,2018-04-28,13838
2018,2018-04,2018-04-27,17303
2018,2018-04,2018-04-26,29472
2018,2018-04,2018-04-25,18345
2018,2018-04,2018-04-24,10489
2018,2018-04,2018-04-23,12103
2018,2018-04,2018-04-22,9705
2018,2018-04,2018-04-21,7943
2018,2018-04,2018-04-20,10252
2018,2018-04,2018-04-19,12358
2018,2018-04,2018-04-18,10460
2018,2018-04,2018-04-17,8626
2018,2018-04,2018-04-16,7951
2018,2018-04,2018-04-15,10034
2018,2018-04,2018-04-14,8878
2018,2018-04,2018-04-13,12286
2018,2018-04,2018-04-12,11844
2018,2018-04,2018-04-11,10071
2018,2018-04,2018-04-10,15896
2018,2018-04,2018-04-09,10449
2018,2018-04,2018-04-08,9876
2018,2018-04,2018-04-07,9307
2018,2018-04,2018-04-06,9230
2018,2018-04,2018-04-05,11841
2018,2018-04,2018-04-04,11829
2018,2018-04,2018-04-03,11214
2018,2018-04,2018-04-02,13141
2018,2018-04,2018-04-01,11102
2018,2018-03,2018-03-31,13635
2018,2018-03,2018-03-30,17369
2018,2018-03,2018-03-29,18457
2018,2018-03,2018-03-28,15589
2018,2018-03,2018-03-27,11190
2018,2018-03,2018-03-26,10779
2018,2018-03,2018-03-25,17548
2018,2018-03,2018-03-24,11394
2018,2018-03,2018-03-23,15443
2018,2018-03,2018-03-22,14492
2018,2018-03,2018-03-21,18007
2018,2018-03,2018-03-20,23586
2018,2018-03,2018-03-19,15100
2018,2018-03,2018-03-18,20120
2018,2018-03,2018-03-17,8169
2018,2018-03,2018-03-16,15238
2018,2018-03,2018-03-15,15732
2018,2018-03,2018-03-14,21277
2018,2018-03,2018-03-13,22742
2018,2018-03,2018-03-12,17362
2018,2018-03,2018-03-11,15166
2018,2018-03,2018-03-10,12191
2018,2018-03,2018-03-09,9935
2018,2018-03,2018-03-08,13926
2018,2018-03,2018-03-07,24159
2018,2018-03,2018-03-06,18940
2018,2018-03,2018-03-05,23447
2018,2018-03,2018-03-04,19117
2018,2018-03,2018-03-03,13663
2018,2018-03,2018-03-02,11319
2018,2018-03,2018-03-01,11220
2018,2018-02,2018-02-28,10600
2018,2018-02,2018-02-27,23835
2018,2018-02,2018-02-26,28758
2018,2018-02,2018-02-25,19867
2018,2018-02,2018-02-24,15108
2018,2018-02,2018-02-23,14092
2018,2018-02,2018-02-22,14590
2018,2018-02,2018-02-21,15513
2018,2018-02,2018-02-20,19271
2018,2018-02,2018-02-19,6119
2018,2018-02,2018-02-18,10032
2018,2018-02,2018-02-17,9807
2018,2018-02,2018-02-16,6612
2018,2018-02,2018-02-15,7835
2018,2018-02,2018-02-14,10369
2018,2018-02,2018-02-13,7008
2018,2018-02,2018-02-12,9100
2018,2018-02,2018-02-11,7014
2018,2018-02,2018-02-10,5967
2018,2018-02,2018-02-09,7015
2018,2018-02,2018-02-08,6362
2018,2018-02,2018-02-07,8309
2018,2018-02,2018-02-06,10356
2018,2018-02,2018-02-05,8442
2018,2018-02,2018-02-04,10836
2018,2018-02,2018-02-03,15094
2018,2018-02,2018-02-02,10684
2018,2018-02,2018-02-01,6847
2018,2018-01,2018-01-31,8656
2018,2018-01,2018-01-30,8099
2018,2018-01,2018-01-29,7600
2018,2018-01,2018-01-28,7451
2018,2018-01,2018-01-27,9790
2018,2018-01,2018-01-26,5898
2018,2018-01,2018-01-25,7020
2018,2018-01,2018-01-24,6826
2018,2018-01,2018-01-23,8674
2018,2018-01,2018-01-22,5840
2018,2018-01,2018-01-21,5520
2018,2018-01,2018-01-20,5120
2018,2018-01,2018-01-19,6260
2018,2018-01,2018-01-18,17553
2018,2018-01,2018-01-17,18599
2018,2018-01,2018-01-16,8178
2018,2018-01,2018-01-15,6968
2018,2018-01,2018-01-14,4934
2018,2018-01,2018-01-13,5425
2018,2018-01,2018-01-12,7361
2018,2018-01,2018-01-11,8197
2018,2018-01,2018-01-10,8890
2018,2018-01,2018-01-09,10308
2018,2018-01,2018-01-08,6126
2018,2018-01,2018-01-07,7300
2018,2018-01,2018-01-06,5423
2018,2018-01,2018-01-05,9270
2018,2018-01,2018-01-04,11109
2018,2018-01,2018-01-03,8011
2018,2018-01,2018-01-02,8233
2018,2018-01,2018-01-01,4266
2017,2017-12,2017-12-31,4254
2017,2017-12,2017-12-30,5100
2017,2017-12,2017-12-29,4675
2017,2017-12,2017-12-28,7610
2017,2017-12,2017-12-27,8671
2017,2017-12,2017-12-26,8141
2017,2017-12,2017-12-25,4031
2017,2017-12,2017-12-24,2748
2017,2017-12,2017-12-23,4726
2017,2017-12,2017-12-22,4701
2017,2017-12,2017-12-21,5611
2017,2017-12,2017-12-20,6439
2017,2017-12,2017-12-19,8233
2017,2017-12,2017-12-18,8220
2017,2017-12,2017-12-17,8779
2017,2017-12,2017-12-16,13990
2017,2017-12,2017-12-15,23363
2017,2017-12,2017-12-14,65466
2017,2017-12,2017-12-13,7560
2017,2017-12,2017-12-12,12069
2017,2017-12,2017-12-11,6072
2017,2017-12,2017-12-10,6437
2017,2017-12,2017-12-09,11049
2017,2017-12,2017-12-08,8457
2017,2017-12,2017-12-07,12007
2017,2017-12,2017-12-06,8654
2017,2017-12,2017-12-05,9005
2017,2017-12,2017-12-04,6867
2017,2017-12,2017-12-03,4368
2017,2017-12,2017-12-02,5666
2017,2017-12,2017-12-01,6346
2017,2017-11,2017-11-30,7491
2017,2017-11,2017-11-29,7953
2017,2017-11,2017-11-28,8625
2017,2017-11,2017-11-27,10069
2017,2017-11,2017-11-26,11253
2017,2017-11,2017-11-25,7424
2017,2017-11,2017-11-24,9922
2017,2017-11,2017-11-23,13865
2017,2017-11,2017-11-22,33652
2017,2017-11,2017-11-21,32158
2017,2017-11,2017-11-20,10364
2017,2017-11,2017-11-19,5781
2017,2017-11,2017-11-18,7289
2017,2017-11,2017-11-17,10225
2017,2017-11,2017-11-16,12001
2017,2017-11,2017-11-15,7673
2017,2017-11,2017-11-14,7590
2017,2017-11,2017-11-13,8236
2017,2017-11,2017-11-12,5102
2017,2017-11,2017-11-11,4793
2017,2017-11,2017-11-10,5908
2017,2017-11,2017-11-09,7342
2017,2017-11,2017-11-08,5419
2017,2017-11,2017-11-07,5383
2017,2017-11,2017-11-06,7436
2017,2017-11,2017-11-05,3696
2017,2017-11,2017-11-04,4820
2017,2017-11,2017-11-03,10451
2017,2017-11,2017-11-02,7520
2017,2017-11,2017-11-01,6204
2017,2017-10,2017-10-31,8383
2017,2017-10,2017-10-30,6014
2017,2017-10,2017-10-29,6835
2017,2017-10,2017-10-28,6196
2017,2017-10,2017-10-27,7398
2017,2017-10,2017-10-26,7930
2017,2017-10,2017-10-25,7357
2017,2017-10,2017-10-24,7853
2017,2017-10,2017-10-23,9286
2017,2017-10,2017-10-22,14706
2017,2017-10,2017-10-21,8516
2017,2017-10,2017-10-20,8893
2017,2017-10,2017-10-19,18070
2017,2017-10,2017-10-18,13622
2017,2017-10,2017-10-17,6781
2017,2017-10,2017-10-16,7672
2017,2017-10,2017-10-15,6368
2017,2017-10,2017-10-14,12580
2017,2017-10,2017-10-13,17808
2017,2017-10,2017-10-12,32740
2017,2017-10,2017-10-11,21460
2017,2017-10,2017-10-10,11300
2017,2017-10,2017-10-09,16507
2017,2017-10,2017-10-08,15395
2017,2017-10,2017-10-07,6009
2017,2017-10,2017-10-06,8685
2017,2017-10,2017-10-05,10188
2017,2017-10,2017-10-04,8239
2017,2017-10,2017-10-03,7086
2017,2017-10,2017-10-02,13065
2017,2017-10,2017-10-01,15105
2017,2017-09,2017-09-30,6727
2017,2017-09,2017-09-29,11210
2017,2017-09,2017-09-28,28908
2017,2017-09,2017-09-27,38937
2017,2017-09,2017-09-26,75456
2017,2017-09,2017-09-25,92815
2017,2017-09,2017-09-24,103774
2017,2017-09,2017-09-23,49256
2017,2017-09,2017-09-22,13927
2017,2017-09,2017-09-21,7757
2017,2017-09,2017-09-20,10724
2017,2017-09,2017-09-19,13627
2017,2017-09,2017-09-18,10280
2017,2017-09,2017-09-17,8363
2017,2017-09,2017-09-16,14370
2017,2017-09,2017-09-15,44474
2017,2017-09,2017-09-14,93579
2017,2017-09,2017-09-13,33131
2017,2017-09,2017-09-12,10206
2017,2017-09,2017-09-11,6257
2017,2017-09,2017-09-10,6068
2017,2017-09,2017-09-09,5960
2017,2017-09,2017-09-08,8739
2017,2017-09,2017-09-07,13081
2017,2017-09,2017-09-06,7692
2017,2017-09,2017-09-05,7194
2017,2017-09,2017-09-04,6171
2017,2017-09,2017-09-03,10040
2017,2017-09,2017-09-02,10015
2017,2017-09,2017-09-01,9413
2017,2017-08,2017-08-31,13460
2017,2017-08,2017-08-30,10504
2017,2017-08,2017-08-29,15290
2017,2017-08,2017-08-28,17420
2017,2017-08,2017-08-27,15362
2017,2017-08,2017-08-26,10399
2017,2017-08,2017-08-25,14486
2017,2017-08,2017-08-24,18443
2017,2017-08,2017-08-23,15611
2017,2017-08,2017-08-22,15342
2017,2017-08,2017-08-21,24598
2017,2017-08,2017-08-20,83034
2017,2017-08,2017-08-19,130252
2017,2017-08,2017-08-18,24043
2017,2017-08,2017-08-17,30812
2017,2017-08,2017-08-16,28261
2017,2017-08,2017-08-15,29368
2017,2017-08,2017-08-14,30282
2017,2017-08,2017-08-13,71819
2017,2017-08,2017-08-12,99202
2017,2017-08,2017-08-11,8223
2017,2017-08,2017-08-10,8816
2017,2017-08,2017-08-09,9649
2017,2017-08,2017-08-08,13706
2017,2017-08,2017-08-07,6146
2017,2017-08,2017-08-06,5791
2017,2017-08,2017-08-05,6233
2017,2017-08,2017-08-04,5747
2017,2017-08,2017-08-03,4255
2017,2017-08,2017-08-02,4711
2017,2017-08,2017-08-01,5153
2017,2017-07,2017-07-31,6548
2017,2017-07,2017-07-30,5080
2017,2017-07,2017-07-29,4167
2017,2017-07,2017-07-28,4180
2017,2017-07,2017-07-27,7097
2017,2017-07,2017-07-26,5524
2017,2017-07,2017-07-25,6369
2017,2017-07,2017-07-24,4950
2017,2017-07,2017-07-23,6612
2017,2017-07,2017-07-22,4915
2017,2017-07,2017-07-21,6204
2017,2017-07,2017-07-20,7226
2017,2017-07,2017-07-19,6589
2017,2017-07,2017-07-18,7865
2017,2017-07,2017-07-17,4291
2017,2017-07,2017-07-16,6189
2017,2017-07,2017-07-15,7810
2017,2017-07,2017-07-14,4716
2017,2017-07,2017-07-13,7420
2017,2017-07,2017-07-12,15056
2017,2017-07,2017-07-11,6134
2017,2017-07,2017-07-10,6403
2017,2017-07,2017-07-09,3791
2017,2017-07,2017-07-08,5646
2017,2017-07,2017-07-07,8607
2017,2017-07,2017-07-06,9885
2017,2017-07,2017-07-05,11624
2017,2017-07,2017-07-04,5596
2017,2017-07,2017-07-03,6240
2017,2017-07,2017-07-02,7086
2017,2017-07,2017-07-01,4875
2017,2017-06,2017-06-30,5832
2017,2017-06,2017-06-29,5975
2017,2017-06,2017-06-28,5243
2017,2017-06,2017-06-27,5384
2017,2017-06,2017-06-26,5094
2017,2017-06,2017-06-25,7321
2017,2017-06,2017-06-24,9709
2017,2017-06,2017-06-23,8620
2017,2017-06,2017-06-22,7910
2017,2017-06,2017-06-21,8518
2017,2017-06,2017-06-20,11780
2017,2017-06,2017-06-19,12428
2017,2017-06,2017-06-18,10657
2017,2017-06,2017-06-17,14412
2017,2017-06,2017-06-16,6209
2017,2017-06,2017-06-15,5326
2017,2017-06,2017-06-14,5246
2017,2017-06,2017-06-13,6699
2017,2017-06,2017-06-12,6866
2017,2017-06,2017-06-11,5062
2017,2017-06,2017-06-10,5933
2017,2017-06,2017-06-09,5330
2017,2017-06,2017-06-08,6035
2017,2017-06,2017-06-07,8638
2017,2017-06,2017-06-06,10024
2017,2017-06,2017-06-05,16155
2017,2017-06,2017-06-04,13538
2017,2017-06,2017-06-03,12718
2017,2017-06,2017-06-02,10638
2017,2017-06,2017-06-01,11186
2017,2017-05,2017-05-31,16929
2017,2017-05,2017-05-30,14963
2017,2017-05,2017-05-29,8488
2017,2017-05,2017-05-28,8951
2017,2017-05,2017-05-27,8616
2017,2017-05,2017-05-26,12289
2017,2017-05,2017-05-25,12368
2017,2017-05,2017-05-24,10176
2017,2017-05,2017-05-23,9706
2017,2017-05,2017-05-22,9049
2017,2017-05,2017-05-21,10141
2017,2017-05,2017-05-20,7105
2017,2017-05,2017-05-19,5165
2017,2017-05,2017-05-18,6101
2017,2017-05,2017-05-17,7691
2017,2017-05,2017-05-16,4946
2017,2017-05,2017-05-15,5432
2017,2017-05,2017-05-14,4651
2017,2017-05,2017-05-13,6522
2017,2017-05,2017-05-12,6612
2017,2017-05,2017-05-11,6053
2017,2017-05,2017-05-10,5651
2017,2017-05,2017-05-09,4993
2017,2017-05,2017-05-08,6294
2017,2017-05,2017-05-07,6097
2017,2017-05,2017-05-06,11259
2017,2017-05,2017-05-05,8622
2017,2017-05,2017-05-04,13595
2017,2017-05,2017-05-03,14597
2017,2017-05,2017-05-02,11491
2017,2017-05,2017-05-01,14070
2017,2017-04,2017-04-30,17205
2017,2017-04,2017-04-29,11041
2017,2017-04,2017-04-28,23214
2017,2017-04,2017-04-27,36879
2017,2017-04,2017-04-26,26165
2017,2017-04,2017-04-25,13231
2017,2017-04,2017-04-24,11451
2017,2017-04,2017-04-23,11903
2017,2017-04,2017-04-22,18736
2017,2017-04,2017-04-21,16134
2017,2017-04,2017-04-20,16060
2017,2017-04,2017-04-19,11345
2017,2017-04,2017-04-18,6631
2017,2017-04,2017-04-17,5719
2017,2017-04,2017-04-16,9289
2017,2017-04,2017-04-15,6066
2017,2017-04,2017-04-14,4065
2017,2017-04,2017-04-13,3733
2017,2017-04,2017-04-12,5354
2017,2017-04,2017-04-11,4806
2017,2017-04,2017-04-10,4803
2017,2017-04,2017-04-09,3414
2017,2017-04,2017-04-08,9511
2017,2017-04,2017-04-07,12892
2017,2017-04,2017-04-06,6765
2017,2017-04,2017-04-05,4960
2017,2017-04,2017-04-04,5390
2017,2017-04,2017-04-03,6086
2017,2017-04,2017-04-02,6862
2017,2017-04,2017-04-01,4070
2017,2017-03,2017-03-31,6984
2017,2017-03,2017-03-30,8007
2017,2017-03,2017-03-29,5941
2017,2017-03,2017-03-28,4852
2017,2017-03,2017-03-27,4294
2017,2017-03,2017-03-26,3956
2017,2017-03,2017-03-25,4730
2017,2017-03,2017-03-24,6990
2017,2017-03,2017-03-23,6323
2017,2017-03,2017-03-22,5409
2017,2017-03,2017-03-21,9282
2017,2017-03,2017-03-20,6275
2017,2017-03,2017-03-19,3956
2017,2017-03,2017-03-18,4694
2017,2017-03,2017-03-17,5622
2017,2017-03,2017-03-16,4779
2017,2017-03,2017-03-15,6032
2017,2017-03,2017-03-14,5365
2017,2017-03,2017-03-13,4083
2017,2017-03,2017-03-12,3996
2017,2017-03,2017-03-11,4093
2017,2017-03,2017-03-10,4642
2017,2017-03,2017-03-09,4473
2017,2017-03,2017-03-08,4993
2017,2017-03,2017-03-07,8265
2017,2017-03,2017-03-06,8898
2017,2017-03,2017-03-05,14007
2017,2017-03,2017-03-04,5631
2017,2017-03,2017-03-03,6452
2017,2017-03,2017-03-02,7131
2017,2017-03,2017-03-01,9297
2017,2017-02,2017-02-28,10749
2017,2017-02,2017-02-27,6763
2017,2017-02,2017-02-26,6563
2017,2017-02,2017-02-25,13935
2017,2017-02,2017-02-24,12850
2017,2017-02,2017-02-23,8235
2017,2017-02,2017-02-22,11012
2017,2017-02,2017-02-21,21294
2017,2017-02,2017-02-20,19356
2017,2017-02,2017-02-19,8072
2017,2017-02,2017-02-18,13294
2017,2017-02,2017-02-17,8497
2017,2017-02,2017-02-16,10098
2017,2017-02,2017-02-15,10436
2017,2017-02,2017-02-14,9169
2017,2017-02,2017-02-13,9018
2017,2017-02,2017-02-12,10739
2017,2017-02,2017-02-11,11198
2017,2017-02,2017-02-10,11719
2017,2017-02,2017-02-09,18886
2017,2017-02,2017-02-08,19617
2017,2017-02,2017-02-07,10013
2017,2017-02,2017-02-06,8895
2017,2017-02,2017-02-05,11875
2017,2017-02,2017-02-04,14576
2017,2017-02,2017-02-03,35657
2017,2017-02,2017-02-02,88342
2017,2017-02,2017-02-01,4211
2017,2017-01,2017-01-31,5406
2017,2017-01,2017-01-30,7809
2017,2017-01,2017-01-29,6045
2017,2017-01,2017-01-28,6485
2017,2017-01,2017-01-27,8991
2017,2017-01,2017-01-26,12176
2017,2017-01,2017-01-25,14725
2017,2017-01,2017-01-24,8530
2017,2017-01,2017-01-23,10406
2017,2017-01,2017-01-22,7230
2017,2017-01,2017-01-21,9519
2017,2017-01,2017-01-20,5667
2017,2017-01,2017-01-19,3512
2017,2017-01,2017-01-18,4387
2017,2017-01,2017-01-17,5457
2017,2017-01,2017-01-16,6858
2017,2017-01,2017-01-15,5033
2017,2017-01,2017-01-14,7009
2017,2017-01,2017-01-13,6042
2017,2017-01,2017-01-12,4317
2017,2017-01,2017-01-11,5581
2017,2017-01,2017-01-10,8186
2017,2017-01,2017-01-09,18206
2017,2017-01,2017-01-08,18116
2017,2017-01,2017-01-07,3221
2017,2017-01,2017-01-06,3471
2017,2017-01,2017-01-05,3957
2017,2017-01,2017-01-04,4252
2017,2017-01,2017-01-03,2475
2017,2017-01,2017-01-02,2078
2017,2017-01,2017-01-01,1950
2016,2016-12,2016-12-31,3570
2016,2016-12,2016-12-30,5502
2016,2016-12,2016-12-29,5434
2016,2016-12,2016-12-28,6148
2016,2016-12,2016-12-27,4979
2016,2016-12,2016-12-26,3338
2016,2016-12,2016-12-25,2522
2016,2016-12,2016-12-24,1554
2016,2016-12,2016-12-23,2611
2016,2016-12,2016-12-22,3325
2016,2016-12,2016-12-21,2975
2016,2016-12,2016-12-20,3323
2016,2016-12,2016-12-19,3103
2016,2016-12,2016-12-18,2250
2016,2016-12,2016-12-17,2776
2016,2016-12,2016-12-16,3537
2016,2016-12,2016-12-15,3520
2016,2016-12,2016-12-14,3246
2016,2016-12,2016-12-13,4372
2016,2016-12,2016-12-12,4149
2016,2016-12,2016-12-11,3936
2016,2016-12,2016-12-10,5689
2016,2016-12,2016-12-09,7297
2016,2016-12,2016-12-08,4383
2016,2016-12,2016-12-07,4830
2016,2016-12,2016-12-06,5433
2016,2016-12,2016-12-05,6023
2016,2016-12,2016-12-04,4884
2016,2016-12,2016-12-03,6026
2016,2016-12,2016-12-02,7881
2016,2016-12,2016-12-01,7223
2016,2016-11,2016-11-30,10275
2016,2016-11,2016-11-29,19383
2016,2016-11,2016-11-28,5324
2016,2016-11,2016-11-27,5751
2016,2016-11,2016-11-26,8375
2016,2016-11,2016-11-25,3529
2016,2016-11,2016-11-24,4543
2016,2016-11,2016-11-23,6905
2016,2016-11,2016-11-22,8070
2016,2016-11,2016-11-21,8013
2016,2016-11,2016-11-20,18941
2016,2016-11,2016-11-19,38594
2016,2016-11,2016-11-18,6761
2016,2016-11,2016-11-17,7653
2016,2016-11,2016-11-16,9330
2016,2016-11,2016-11-15,6056
2016,2016-11,2016-11-14,5713
2016,2016-11,2016-11-13,8055
2016,2016-11,2016-11-12,5399
2016,2016-11,2016-11-11,9098
2016,2016-11,2016-11-10,6449
2016,2016-11,2016-11-09,5937
2016,2016-11,2016-11-08,3919
2016,2016-11,2016-11-07,5322
2016,2016-11,2016-11-06,7734
2016,2016-11,2016-11-05,8185
2016,2016-11,2016-11-04,7451
2016,2016-11,2016-11-03,4714
2016,2016-11,2016-11-02,3915
2016,2016-11,2016-11-01,4255
2016,2016-10,2016-10-31,3686
2016,2016-10,2016-10-30,5046
2016,2016-10,2016-10-29,2826
2016,2016-10,2016-10-28,3121
2016,2016-10,2016-10-27,3584
2016,2016-10,2016-10-26,4295
2016,2016-10,2016-10-25,4845
2016,2016-10,2016-10-24,5185
2016,2016-10,2016-10-23,7276
2016,2016-10,2016-10-22,6939
2016,2016-10,2016-10-21,4518
2016,2016-10,2016-10-20,5000
2016,2016-10,2016-10-19,6429
2016,2016-10,2016-10-18,7295
2016,2016-10,2016-10-17,9596
2016,2016-10,2016-10-16,4851
2016,2016-10,2016-10-15,4041
2016,2016-10,2016-10-14,4973
2016,2016-10,2016-10-13,5312
2016,2016-10,2016-10-12,3535
2016,2016-10,2016-10-11,3564
2016,2016-10,2016-10-10,3879
2016,2016-10,2016-10-09,1894
2016,2016-10,2016-10-08,2572
2016,2016-10,2016-10-07,3150
2016,2016-10,2016-10-06,6644
2016,2016-10,2016-10-05,5176
2016,2016-10,2016-10-04,3921
2016,2016-10,2016-10-03,3418
2016,2016-10,2016-10-02,3407
2016,2016-10,2016-10-01,4192
2016,2016-09,2016-09-30,4741
2016,2016-09,2016-09-29,5474
2016,2016-09,2016-09-28,4975
2016,2016-09,2016-09-27,3796
2016,2016-09,2016-09-26,4065
2016,2016-09,2016-09-25,3305
2016,2016-09,2016-09-24,3893
2016,2016-09,2016-09-23,5749
2016,2016-09,2016-09-22,5812
2016,2016-09,2016-09-21,5454
2016,2016-09,2016-09-20,4439
2016,2016-09,2016-09-19,4123
2016,2016-09,2016-09-18,3418
2016,2016-09,2016-09-17,2708
2016,2016-09,2016-09-16,4326
2016,2016-09,2016-09-15,3536
2016,2016-09,2016-09-14,4215
2016,2016-09,2016-09-13,3876
2016,2016-09,2016-09-12,4443
2016,2016-09,2016-09-11,2393
2016,2016-09,2016-09-10,4227
2016,2016-09,2016-09-09,5427
2016,2016-09,2016-09-08,2926
2016,2016-09,2016-09-07,3146
2016,2016-09,2016-09-06,2976
2016,2016-09,2016-09-05,2595
2016,2016-09,2016-09-04,2578
2016,2016-09,2016-09-03,3446
2016,2016-09,2016-09-02,4564
2016,2016-09,2016-09-01,6099
2016,2016-08,2016-08-31,8030
2016,2016-08,2016-08-30,5610
2016,2016-08,2016-08-29,5560
2016,2016-08,2016-08-28,4506
2016,2016-08,2016-08-27,3665
2016,2016-08,2016-08-26,3519
2016,2016-08,2016-08-25,4962
2016,2016-08,2016-08-24,4599
2016,2016-08,2016-08-23,2846
2016,2016-08,2016-08-22,3486
2016,2016-08,2016-08-21,2596
2016,2016-08,2016-08-20,2238
2016,2016-08,2016-08-19,3130
2016,2016-08,2016-08-18,3162
2016,2016-08,2016-08-17,3496
2016,2016-08,2016-08-16,3931
2016,2016-08,2016-08-15,3230
2016,2016-08,2016-08-14,3983
2016,2016-08,2016-08-13,2677
2016,2016-08,2016-08-12,2687
2016,2016-08,2016-08-11,2686
2016,2016-08,2016-08-10,3468
2016,2016-08,2016-08-09,3737
2016,2016-08,2016-08-08,3711
2016,2016-08,2016-08-07,2673
2016,2016-08,2016-08-06,2589
2016,2016-08,2016-08-05,2616
2016,2016-08,2016-08-04,2644
2016,2016-08,2016-08-03,2731
2016,2016-08,2016-08-02,3184
2016,2016-08,2016-08-01,4476
2016,2016-07,2016-07-31,2840
2016,2016-07,2016-07-30,3355
2016,2016-07,2016-07-29,5732
2016,2016-07,2016-07-28,4511
2016,2016-07,2016-07-27,3851
2016,2016-07,2016-07-26,4777
2016,2016-07,2016-07-25,3286
2016,2016-07,2016-07-24,3893
2016,2016-07,2016-07-23,3336
2016,2016-07,2016-07-22,9137
2016,2016-07,2016-07-21,9356
2016,2016-07,2016-07-20,34239
2016,2016-07,2016-07-19,7617
2016,2016-07,2016-07-18,3685
2016,2016-07,2016-07-17,3231
2016,2016-07,2016-07-16,2237
2016,2016-07,2016-07-15,3133
2016,2016-07,2016-07-14,3954
2016,2016-07,2016-07-13,3399
2016,2016-07,2016-07-12,3285
2016,2016-07,2016-07-11,2737
2016,2016-07,2016-07-10,2530
2016,2016-07,2016-07-09,1998
2016,2016-07,2016-07-08,2829
2016,2016-07,2016-07-07,3619
2016,2016-07,2016-07-06,2765
2016,2016-07,2016-07-05,2901
2016,2016-07,2016-07-04,2595
2016,2016-07,2016-07-03,2734
2016,2016-07,2016-07-02,2248
2016,2016-07,2016-07-01,2689
2016,2016-06,2016-06-30,4086
2016,2016-06,2016-06-29,3464
2016,2016-06,2016-06-28,3617
2016,2016-06,2016-06-27,4207
2016,2016-06,2016-06-26,3058
2016,2016-06,2016-06-25,2326
2016,2016-06,2016-06-24,4027
2016,2016-06,2016-06-23,3991
2016,2016-06,2016-06-22,3722
2016,2016-06,2016-06-21,3025
2016,2016-06,2016-06-20,2540
2016,2016-06,2016-06-19,3318
2016,2016-06,2016-06-18,2498
2016,2016-06,2016-06-17,3441
2016,2016-06,2016-06-16,4398
2016,2016-06,2016-06-15,3608
2016,2016-06,2016-06-14,4454
2016,2016-06,2016-06-13,4318
2016,2016-06,2016-06-12,4048
2016,2016-06,2016-06-11,4121
2016,2016-06,2016-06-10,3719
2016,2016-06,2016-06-09,3105
2016,2016-06,2016-06-08,3890
2016,2016-06,2016-06-07,6421
2016,2016-06,2016-06-06,5904
2016,2016-06,2016-06-05,5212
2016,2016-06,2016-06-04,4702
2016,2016-06,2016-06-03,6922
2016,2016-06,2016-06-02,5734
2016,2016-06,2016-06-01,7870
2016,2016-05,2016-05-31,5582
2016,2016-05,2016-05-30,3666
2016,2016-05,2016-05-29,2726
2016,2016-05,2016-05-28,2873
2016,2016-05,2016-05-27,4503
2016,2016-05,2016-05-26,5911
2016,2016-05,2016-05-25,6827
2016,2016-05,2016-05-24,2698
2016,2016-05,2016-05-23,2578
2016,2016-05,2016-05-22,2623
2016,2016-05,2016-05-21,3400
2016,2016-05,2016-05-20,5904
2016,2016-05,2016-05-19,4796
2016,2016-05,2016-05-18,4922
2016,2016-05,2016-05-17,4618
2016,2016-05,2016-05-16,2672
2016,2016-05,2016-05-15,1618
2016,2016-05,2016-05-14,2487
2016,2016-05,2016-05-13,5092
2016,2016-05,2016-05-12,2684
2016,2016-05,2016-05-11,2574
2016,2016-05,2016-05-10,3041
2016,2016-05,2016-05-09,2447
2016,2016-05,2016-05-08,1680
2016,2016-05,2016-05-07,2372
2016,2016-05,2016-05-06,3407
2016,2016-05,2016-05-05,2720
2016,2016-05,2016-05-04,3186
2016,2016-05,2016-05-03,4066
2016,2016-05,2016-05-02,3076
2016,2016-05,2016-05-01,2684
2016,2016-04,2016-04-30,3438
2016,2016-04,2016-04-29,4800
2016,2016-04,2016-04-28,3558
2016,2016-04,2016-04-27,3953
2016,2016-04,2016-04-26,4652
2016,2016-04,2016-04-25,3699
2016,2016-04,2016-04-24,3785
2016,2016-04,2016-04-23,2166
2016,2016-04,2016-04-22,3185
2016,2016-04,2016-04-21,3845
2016,2016-04,2016-04-20,2617
2016,2016-04,2016-04-19,2890
2016,2016-04,2016-04-18,2675
2016,2016-04,2016-04-17,2244
2016,2016-04,2016-04-16,3027
2016,2016-04,2016-04-15,4013
2016,2016-04,2016-04-14,4003
2016,2016-04,2016-04-13,5632
2016,2016-04,2016-04-12,4758
2016,2016-04,2016-04-11,4229
2016,2016-04,2016-04-10,2533
2016,2016-04,2016-04-09,2290
2016,2016-04,2016-04-08,2956
2016,2016-04,2016-04-07,3265
2016,2016-04,2016-04-06,3538
2016,2016-04,2016-04-05,3677
2016,2016-04,2016-04-04,3062
2016,2016-04,2016-04-03,2635
2016,2016-04,2016-04-02,2866
2016,2016-04,2016-04-01,2947
2016,2016-03,2016-03-31,3322
2016,2016-03,2016-03-30,3189
2016,2016-03,2016-03-29,3398
2016,2016-03,2016-03-28,2422
2016,2016-03,2016-03-27,1848
2016,2016-03,2016-03-26,2180
2016,2016-03,2016-03-25,2715
2016,2016-03,2016-03-24,3548
2016,2016-03,2016-03-23,3294
2016,2016-03,2016-03-22,4082
2016,2016-03,2016-03-21,5122
2016,2016-03,2016-03-20,5158
2016,2016-03,2016-03-19,7537
2016,2016-03,2016-03-18,4241
2016,2016-03,2016-03-17,4403
2016,2016-03,2016-03-16,5112
2016,2016-03,2016-03-15,6776
2016,2016-03,2016-03-14,9600
2016,2016-03,2016-03-13,17367
2016,2016-03,2016-03-12,53655
2016,2016-03,2016-03-11,3825
2016,2016-03,2016-03-10,3872
2016,2016-03,2016-03-09,3629
2016,2016-03,2016-03-08,3397
2016,2016-03,2016-03-07,4455
2016,2016-03,2016-03-06,4191
2016,2016-03,2016-03-05,6715
2016,2016-03,2016-03-04,4348
2016,2016-03,2016-03-03,5159
2016,2016-03,2016-03-02,4659
2016,2016-03,2016-03-01,4651
2016,2016-02,2016-02-29,3999
2016,2016-02,2016-02-28,3514
2016,2016-02,2016-02-27,5366
2016,2016-02,2016-02-26,8252
2016,2016-02,2016-02-25,9433
2016,2016-02,2016-02-24,7231
2016,2016-02,2016-02-23,5410
2016,2016-02,2016-02-22,5524
2016,2016-02,2016-02-21,8039
2016,2016-02,2016-02-20,8785
2016,2016-02,2016-02-19,8452
2016,2016-02,2016-02-18,7339
2016,2016-02,2016-02-17,8867
2016,2016-02,2016-02-16,5856
2016,2016-02,2016-02-15,4580
2016,2016-02,2016-02-14,5605
2016,2016-02,2016-02-13,3133
2016,2016-02,2016-02-12,3357
2016,2016-02,2016-02-11,3361
2016,2016-02,2016-02-10,5266
2016,2016-02,2016-02-09,5152
2016,2016-02,2016-02-08,1849
2016,2016-02,2016-02-07,1740
2016,2016-02,2016-02-06,2838
2016,2016-02,2016-02-05,2142
2016,2016-02,2016-02-04,2330
2016,2016-02,2016-02-03,2656
2016,2016-02,2016-02-02,2025
2016,2016-02,2016-02-01,1903
2016,2016-01,2016-01-31,1891
2016,2016-01,2016-01-30,2357
2016,2016-01,2016-01-29,3762
2016,2016-01,2016-01-28,2733
2016,2016-01,2016-01-27,3505
2016,2016-01,2016-01-26,2812
2016,2016-01,2016-01-25,2406
2016,2016-01,2016-01-24,2924
2016,2016-01,2016-01-23,3076
2016,2016-01,2016-01-22,3543
2016,2016-01,2016-01-21,3660
2016,2016-01,2016-01-20,2768
2016,2016-01,2016-01-19,2789
2016,2016-01,2016-01-18,4897
2016,2016-01,2016-01-17,1478
2016,2016-01,2016-01-16,1923
2016,2016-01,2016-01-15,2508
2016,2016-01,2016-01-14,3424
2016,2016-01,2016-01-13,3998
2016,2016-01,2016-01-12,3857
2016,2016-01,2016-01-11,3347
2016,2016-01,2016-01-10,3574
2016,2016-01,2016-01-09,5258
2016,2016-01,2016-01-08,3936
2016,2016-01,2016-01-07,4088
2016,2016-01,2016-01-06,2716
2016,2016-01,2016-01-05,3359
2016,2016-01,2016-01-04,2601
2016,2016-01,2016-01-03,1466
2016,2016-01,2016-01-02,1544
2016,2016-01,2016-01-01,1337
2015,2015-12,2015-12-31,1925
2015,2015-12,2015-12-30,2599
2015,2015-12,2015-12-29,3263
2015,2015-12,2015-12-28,2061
2015,2015-12,2015-12-27,1988
2015,2015-12,2015-12-26,903
2015,2015-12,2015-12-25,696
2015,2015-12,2015-12-24,1446
2015,2015-12,2015-12-23,2714
2015,2015-12,2015-12-22,2652
2015,2015-12,2015-12-21,2415
2015,2015-12,2015-12-20,2425
2015,2015-12,2015-12-19,2908
2015,2015-12,2015-12-18,2377
2015,2015-12,2015-12-17,4104
2015,2015-12,2015-12-16,3230
2015,2015-12,2015-12-15,2753
2015,2015-12,2015-12-14,3109
2015,2015-12,2015-12-13,2430
2015,2015-12,2015-12-12,2431
2015,2015-12,2015-12-11,3076
2015,2015-12,2015-12-10,4445
2015,2015-12,2015-12-09,5866
2015,2015-12,2015-12-08,10767
2015,2015-12,2015-12-07,5706
2015,2015-12,2015-12-06,3437
2015,2015-12,2015-12-05,3645
2015,2015-12,2015-12-04,3196
2015,2015-12,2015-12-03,2793
2015,2015-12,2015-12-02,4183
2015,2015-12,2015-12-01,3263
2015,2015-11,2015-11-30,2962
2015,2015-11,2015-11-29,2541
2015,2015-11,2015-11-28,2559
2015,2015-11,2015-11-27,2502
2015,2015-11,2015-11-26,2640
2015,2015-11,2015-11-25,3672
2015,2015-11,2015-11-24,5236
2015,2015-11,2015-11-23,3916
2015,2015-11,2015-11-22,4383
2015,2015-11,2015-11-21,2987
2015,2015-11,2015-11-20,3004
2015,2015-11,2015-11-19,3566
2015,2015-11,2015-11-18,3689
2015,2015-11,2015-11-17,3284
2015,2015-11,2015-11-16,4644
2015,2015-11,2015-11-15,4067
2015,2015-11,2015-11-14,5182
2015,2015-11,2015-11-13,9541
2015,2015-11,2015-11-12,11271
2015,2015-11,2015-11-11,7586
2015,2015-11,2015-11-10,6851
2015,2015-11,2015-11-09,4478
2015,2015-11,2015-11-08,2383
2015,2015-11,2015-11-07,2947
2015,2015-11,2015-11-06,3461
2015,2015-11,2015-11-05,3757
2015,2015-11,2015-11-04,5526
2015,2015-11,2015-11-03,2468
2015,2015-11,2015-11-02,2834
2015,2015-11,2015-11-01,3703
2015,2015-10,2015-10-31,2363
2015,2015-10,2015-10-30,3887
2015,2015-10,2015-10-29,4282
2015,2015-10,2015-10-28,4136
2015,2015-10,2015-10-27,3970
2015,2015-10,2015-10-26,3468
2015,2015-10,2015-10-25,3270
2015,2015-10,2015-10-24,3456
2015,2015-10,2015-10-23,4581
2015,2015-10,2015-10-22,2958
2015,2015-10,2015-10-21,2783
2015,2015-10,2015-10-20,3013
2015,2015-10,2015-10-19,3549
2015,2015-10,2015-10-18,7192
2015,2015-10,2015-10-17,1681
2015,2015-10,2015-10-16,2768
2015,2015-10,2015-10-15,3117
2015,2015-10,2015-10-14,2914
2015,2015-10,2015-10-13,3714
2015,2015-10,2015-10-12,2506
2015,2015-10,2015-10-11,1260
2015,2015-10,2015-10-10,1620
2015,2015-10,2015-10-09,2276
2015,2015-10,2015-10-08,3166
2015,2015-10,2015-10-07,4519
2015,2015-10,2015-10-06,4079
2015,2015-10,2015-10-05,2545
2015,2015-10,2015-10-04,2441
2015,2015-10,2015-10-03,2848
2015,2015-10,2015-10-02,2875
2015,2015-10,2015-10-01,3170
2015,2015-09,2015-09-30,2846
2015,2015-09,2015-09-29,2885
2015,2015-09,2015-09-28,3085
2015,2015-09,2015-09-27,2411
2015,2015-09,2015-09-26,4072
2015,2015-09,2015-09-25,2526
2015,2015-09,2015-09-24,1803
2015,2015-09,2015-09-23,1925
2015,2015-09,2015-09-22,2606
2015,2015-09,2015-09-21,1919
2015,2015-09,2015-09-20,1594
2015,2015-09,2015-09-19,1801
2015,2015-09,2015-09-18,2392
2015,2015-09,2015-09-17,1874
2015,2015-09,2015-09-16,3442
2015,2015-09,2015-09-15,3282
2015,2015-09,2015-09-14,1912
2015,2015-09,2015-09-13,2017
2015,2015-09,2015-09-12,1369
2015,2015-09,2015-09-11,1841
2015,2015-09,2015-09-10,1870
2015,2015-09,2015-09-09,1930
2015,2015-09,2015-09-08,1818
2015,2015-09,2015-09-07,1204
2015,2015-09,2015-09-06,1260
2015,2015-09,2015-09-05,1695
2015,2015-09,2015-09-04,1803
2015,2015-09,2015-09-03,2222
2015,2015-09,2015-09-02,2496
2015,2015-09,2015-09-01,2093
2015,2015-08,2015-08-31,2305
2015,2015-08,2015-08-30,1856
2015,2015-08,2015-08-29,1978
2015,2015-08,2015-08-28,2188
2015,2015-08,2015-08-27,1945
2015,2015-08,2015-08-26,2277
2015,2015-08,2015-08-25,2242
2015,2015-08,2015-08-24,1723
2015,2015-08,2015-08-23,1432
2015,2015-08,2015-08-22,1539
2015,2015-08,2015-08-21,2401
2015,2015-08,2015-08-20,2253
2015,2015-08,2015-08-19,3537
2015,2015-08,2015-08-18,3330
2015,2015-08,2015-08-17,2035
2015,2015-08,2015-08-16,1040
2015,2015-08,2015-08-15,2180
2015,2015-08,2015-08-14,2415
2015,2015-08,2015-08-13,2113
2015,2015-08,2015-08-12,1959
2015,2015-08,2015-08-11,2296
2015,2015-08,2015-08-10,1927
2015,2015-08,2015-08-09,2288
2015,2015-08,2015-08-08,2019
2015,2015-08,2015-08-07,2318
2015,2015-08,2015-08-06,2257
2015,2015-08,2015-08-05,1829
2015,2015-08,2015-08-04,1756
2015,2015-08,2015-08-03,1503
2015,2015-08,2015-08-02,1155
2015,2015-08,2015-08-01,2109
2015,2015-07,2015-07-31,1411
2015,2015-07,2015-07-30,1820
2015,2015-07,2015-07-29,1909
2015,2015-07,2015-07-28,1657
2015,2015-07,2015-07-27,1585
2015,2015-07,2015-07-26,2074
2015,2015-07,2015-07-25,1563
2015,2015-07,2015-07-24,1585
2015,2015-07,2015-07-23,2255
2015,2015-07,2015-07-22,4162
2015,2015-07,2015-07-21,2403
2015,2015-07,2015-07-20,2360
2015,2015-07,2015-07-19,2314
2015,2015-07,2015-07-18,2050
2015,2015-07,2015-07-17,2927
2015,2015-07,2015-07-16,5174
2015,2015-07,2015-07-15,4053
2015,2015-07,2015-07-14,2839
2015,2015-07,2015-07-13,1738
2015,2015-07,2015-07-12,1844
2015,2015-07,2015-07-11,2352
2015,2015-07,2015-07-10,2477
2015,2015-07,2015-07-09,2354
2015,2015-07,2015-07-08,2372
2015,2015-07,2015-07-07,2188
2015,2015-07,2015-07-06,2264
2015,2015-07,2015-07-05,2475
2015,2015-07,2015-07-04,3006
2015,2015-07,2015-07-03,3205
2015,2015-07,2015-07-02,2882
2015,2015-07,2015-07-01,3558
2015,2015-06,2015-06-30,4136
2015,2015-06,2015-06-29,4141
2015,2015-06,2015-06-28,2538
2015,2015-06,2015-06-27,2735
2015,2015-06,2015-06-26,3286
2015,2015-06,2015-06-25,3837
2015,2015-06,2015-06-24,3511
2015,2015-06,2015-06-23,3505
2015,2015-06,2015-06-22,2555
2015,2015-06,2015-06-21,1715
2015,2015-06,2015-06-20,2274
2015,2015-06,2015-06-19,3101
2015,2015-06,2015-06-18,3656
2015,2015-06,2015-06-17,2334
2015,2015-06,2015-06-16,2500
2015,2015-06,2015-06-15,1758
2015,2015-06,2015-06-14,1435
2015,2015-06,2015-06-13,2326
2015,2015-06,2015-06-12,2874
2015,2015-06,2015-06-11,3879
2015,2015-06,2015-06-10,2867
2015,2015-06,2015-06-09,3097
2015,2015-06,2015-06-08,2325
2015,2015-06,2015-06-07,2433
2015,2015-06,2015-06-06,1543
2015,2015-06,2015-06-05,2425
2015,2015-06,2015-06-04,3316
2015,2015-06,2015-06-03,3933
2015,2015-06,2015-06-02,5696
2015,2015-06,2015-06-01,5716
2015,2015-05,2015-05-31,3368
2015,2015-05,2015-05-30,8805
2015,2015-05,2015-05-29,7752
2015,2015-05,2015-05-28,2813
2015,2015-05,2015-05-27,3045
2015,2015-05,2015-05-26,3705
2015,2015-05,2015-05-25,2307
2015,2015-05,2015-05-24,2274
2015,2015-05,2015-05-23,1613
2015,2015-05,2015-05-22,3050
2015,2015-05,2015-05-21,3387
2015,2015-05,2015-05-20,3872
2015,2015-05,2015-05-19,4445
2015,2015-05,2015-05-18,2731
2015,2015-05,2015-05-17,2640
2015,2015-05,2015-05-16,2562
2015,2015-05,2015-05-15,3237
2015,2015-05,2015-05-14,4140
2015,2015-05,2015-05-13,6116
2015,2015-05,2015-05-12,4906
2015,2015-05,2015-05-11,5198
2015,2015-05,2015-05-10,4542
2015,2015-05,2015-05-09,6098
2015,2015-05,2015-05-08,7684
2015,2015-05,2015-05-07,10809
2015,2015-05,2015-05-06,11731
2015,2015-05,2015-05-05,12271
2015,2015-05,2015-05-04,23483
2015,2015-05,2015-05-03,2610
2015,2015-05,2015-05-02,2115
2015,2015-05,2015-05-01,2536
2015,2015-04,2015-04-30,3724
2015,2015-04,2015-04-29,3897
2015,2015-04,2015-04-28,5327
2015,2015-04,2015-04-27,5722
2015,2015-04,2015-04-26,4058
2015,2015-04,2015-04-25,3048
2015,2015-04,2015-04-24,2768
2015,2015-04,2015-04-23,2852
2015,2015-04,2015-04-22,2289
2015,2015-04,2015-04-21,2426
2015,2015-04,2015-04-20,2333
2015,2015-04,2015-04-19,2487
2015,2015-04,2015-04-18,2294
2015,2015-04,2015-04-17,2902
2015,2015-04,2015-04-16,3022
2015,2015-04,2015-04-15,2821
2015,2015-04,2015-04-14,2864
2015,2015-04,2015-04-13,1728
2015,2015-04,2015-04-12,1730
2015,2015-04,2015-04-11,1574
2015,2015-04,2015-04-10,2624
2015,2015-04,2015-04-09,3447
2015,2015-04,2015-04-08,2534
2015,2015-04,2015-04-07,2122
2015,2015-04,2015-04-06,2448
2015,2015-04,2015-04-05,1899
2015,2015-04,2015-04-04,1657
2015,2015-04,2015-04-03,2626
2015,2015-04,2015-04-02,2868
2015,2015-04,2015-04-01,3045
2015,2015-03,2015-03-31,5101
2015,2015-03,2015-03-30,3468
2015,2015-03,2015-03-29,1857
2015,2015-03,2015-03-28,1796
2015,2015-03,2015-03-27,2025
2015,2015-03,2015-03-26,3054
2015,2015-03,2015-03-25,4931
2015,2015-03,2015-03-24,9935
2015,2015-03,2015-03-23,5578
2015,2015-03,2015-03-22,3371
2015,2015-03,2015-03-21,1790
2015,2015-03,2015-03-20,2157
2015,2015-03,2015-03-19,2941
2015,2015-03,2015-03-18,3026
2015,2015-03,2015-03-17,3473
2015,2015-03,2015-03-16,3671
2015,2015-03,2015-03-15,2629
2015,2015-03,2015-03-14,2906
2015,2015-03,2015-03-13,4230
2015,2015-03,2015-03-12,4114
2015,2015-03,2015-03-11,3571
2015,2015-03,2015-03-10,3794
2015,2015-03,2015-03-09,2893
2015,2015-03,2015-03-08,1730
2015,2015-03,2015-03-07,2036
2015,2015-03,2015-03-06,1946
2015,2015-03,2015-03-05,2963
2015,2015-03,2015-03-04,2899
2015,2015-03,2015-03-03,3617
2015,2015-03,2015-03-02,3660
2015,2015-03,2015-03-01,2332
2015,2015-02,2015-02-28,2218
2015,2015-02,2015-02-27,3529
2015,2015-02,2015-02-26,5111
2015,2015-02,2015-02-25,3776
2015,2015-02,2015-02-24,3572
2015,2015-02,2015-02-23,3355
2015,2015-02,2015-02-22,3140
2015,2015-02,2015-02-21,2275
2015,2015-02,2015-02-20,3160
2015,2015-02,2015-02-19,3097
2015,2015-02,2015-02-18,4566
2015,2015-02,2015-02-17,5597
2015,2015-02,2015-02-16,5269
2015,2015-02,2015-02-15,11210
2015,2015-02,2015-02-14,19496
2015,2015-02,2015-02-13,2675
2015,2015-02,2015-02-12,2839
2015,2015-02,2015-02-11,3004
2015,2015-02,2015-02-10,2593
2015,2015-02,2015-02-09,4023
2015,2015-02,2015-02-08,3391
2015,2015-02,2015-02-07,2811
2015,2015-02,2015-02-06,3291
2015,2015-02,2015-02-05,3382
2015,2015-02,2015-02-04,3321
2015,2015-02,2015-02-03,3636
2015,2015-02,2015-02-02,3547
2015,2015-02,2015-02-01,2119
2015,2015-01,2015-01-31,2505
2015,2015-01,2015-01-30,3236
2015,2015-01,2015-01-29,3080
2015,2015-01,2015-01-28,4839
2015,2015-01,2015-01-27,5454
2015,2015-01,2015-01-26,4480
2015,2015-01,2015-01-25,4459
2015,2015-01,2015-01-24,4030
2015,2015-01,2015-01-23,5566
2015,2015-01,2015-01-22,5558
2015,2015-01,2015-01-21,8787
2015,2015-01,2015-01-20,7240
2015,2015-01,2015-01-19,8569
2015,2015-01,2015-01-18,10425
2015,2015-01,2015-01-17,11829
2015,2015-01,2015-01-16,17049
2015,2015-01,2015-01-15,24890
2015,2015-01,2015-01-14,25508
2015,2015-01,2015-01-13,24005
2015,2015-01,2015-01-12,25212
2015,2015-01,2015-01-11,30790
2015,2015-01,2015-01-10,18690
2015,2015-01,2015-01-09,29659
2015,2015-01,2015-01-08,45974
2015,2015-01,2015-01-07,40676
2015,2015-01,2015-01-06,2070
2015,2015-01,2015-01-05,2149
2015,2015-01,2015-01-04,1404
2015,2015-01,2015-01-03,1860
2015,2015-01,2015-01-02,2002
2015,2015-01,2015-01-01,1611
