Timestamp,UTC,Callsign,Position,Altitude,Speed,Direction
1567713009,2019-09-05T19:50:09Z,DAL89,"33.945431,-118.410126",0,10,261
1567713021,2019-09-05T19:50:21Z,DAL89,"33.94545,-118.409912",0,12,261
1567713031,2019-09-05T19:50:31Z,DAL89,"33.945427,-118.409698",0,13,247
1567713041,2019-09-05T19:50:41Z,DAL89,"33.945419,-118.409492",0,11,227
1567713056,2019-09-05T19:50:56Z,DAL89,"33.945496,-118.409256",0,10,202
1567713078,2019-09-05T19:51:18Z,DAL89,"33.945705,-118.409103",0,10,196
1567713099,2019-09-05T19:51:39Z,DAL89,"33.945927,-118.408958",0,10,168
1567713117,2019-09-05T19:51:57Z,DAL89,"33.946198,-118.409019",0,12,174
1567713130,2019-09-05T19:52:10Z,DAL89,"33.946404,-118.40905",0,12,174
1567713147,2019-09-05T19:52:27Z,DAL89,"33.946659,-118.409088",0,10,177
1567713165,2019-09-05T19:52:45Z,DAL89,"33.946915,-118.409142",0,11,185
1567713180,2019-09-05T19:53:00Z,DAL89,"33.947136,-118.40921",0,12,210
1567713195,2019-09-05T19:53:15Z,DAL89,"33.947376,-118.409218",0,10,247
1567713212,2019-09-05T19:53:32Z,DAL89,"33.947464,-118.408997",0,10,258
1567713232,2019-09-05T19:53:52Z,DAL89,"33.947521,-118.408699",0,11,264
1567713243,2019-09-05T19:54:03Z,DAL89,"33.947536,-118.40847",0,11,261
1567713263,2019-09-05T19:54:23Z,DAL89,"33.947559,-118.40818",0,10,264
1567713490,2019-09-05T19:58:10Z,DAL89,"33.947491,-118.408432",0,13,264
1567713504,2019-09-05T19:58:24Z,DAL89,"33.947468,-118.408684",0,12,264
1567713518,2019-09-05T19:58:38Z,DAL89,"33.947433,-118.408974",0,12,264
1567713530,2019-09-05T19:58:50Z,DAL89,"33.947403,-118.409256",0,14,264
1567713542,2019-09-05T19:59:02Z,DAL89,"33.947365,-118.409607",0,17,264
1567713555,2019-09-05T19:59:15Z,DAL89,"33.947308,-118.41011",0,21,264
1567713565,2019-09-05T19:59:25Z,DAL89,"33.94725,-118.410728",0,24,264
1567713571,2019-09-05T19:59:31Z,DAL89,"33.947216,-118.411064",0,25,264
1567713578,2019-09-05T19:59:38Z,DAL89,"33.947186,-118.411415",0,25,264
1567713585,2019-09-05T19:59:45Z,DAL89,"33.947124,-118.411713",0,23,258
1567713595,2019-09-05T19:59:55Z,DAL89,"33.946999,-118.412064",0,13,250
1567713605,2019-09-05T20:00:05Z,DAL89,"33.946941,-118.41227",0,12,250
1567713616,2019-09-05T20:00:16Z,DAL89,"33.946857,-118.412544",0,15,250
1567713638,2019-09-05T20:00:38Z,DAL89,"33.946766,-118.413322",0,21,261
1567713644,2019-09-05T20:00:44Z,DAL89,"33.946743,-118.413589",0,23,264
1567713655,2019-09-05T20:00:55Z,DAL89,"33.946682,-118.414124",0,27,264
1567713665,2019-09-05T20:01:05Z,DAL89,"33.946598,-118.414948",0,31,264
1567713671,2019-09-05T20:01:11Z,DAL89,"33.946545,-118.415421",0,32,261
1567713678,2019-09-05T20:01:18Z,DAL89,"33.946507,-118.415817",0,33,261
1567713684,2019-09-05T20:01:24Z,DAL89,"33.946449,-118.416321",0,34,261
1567713696,2019-09-05T20:01:36Z,DAL89,"33.946346,-118.417381",0,32,264
1567713706,2019-09-05T20:01:46Z,DAL89,"33.946182,-118.418068",0,27,247
1567713713,2019-09-05T20:01:53Z,DAL89,"33.945869,-118.418213",0,29,210
1567713721,2019-09-05T20:02:01Z,DAL89,"33.945545,-118.418129",0,27,177
1567713728,2019-09-05T20:02:08Z,DAL89,"33.945087,-118.41803",0,28,174
1567713734,2019-09-05T20:02:14Z,DAL89,"33.944752,-118.417969",0,29,171
1567713740,2019-09-05T20:02:20Z,DAL89,"33.944435,-118.417915",0,30,171
1567713746,2019-09-05T20:02:26Z,DAL89,"33.944031,-118.417854",0,31,174
1567713752,2019-09-05T20:02:32Z,DAL89,"33.943668,-118.417809",0,32,174
1567713758,2019-09-05T20:02:38Z,DAL89,"33.943298,-118.417755",0,33,174
1567713764,2019-09-05T20:02:44Z,DAL89,"33.942879,-118.417694",0,15,171
1567713770,2019-09-05T20:02:50Z,DAL89,"33.942421,-118.417625",0,15,171
1567713778,2019-09-05T20:02:58Z,DAL89,"33.941986,-118.417557",0,16,171
1567713786,2019-09-05T20:03:06Z,DAL89,"33.941288,-118.417458",0,16,174
1567713798,2019-09-05T20:03:18Z,DAL89,"33.940342,-118.417313",0,17,171
1567713810,2019-09-05T20:03:30Z,DAL89,"33.939327,-118.417168",0,17,171
1567713821,2019-09-05T20:03:41Z,DAL89,"33.938347,-118.417023",0,15,171
1567713827,2019-09-05T20:03:47Z,DAL89,"33.937977,-118.416969",0,32,171
1567713833,2019-09-05T20:03:53Z,DAL89,"33.937637,-118.416924",0,30,174
1567713839,2019-09-05T20:03:59Z,DAL89,"33.937374,-118.416885",0,30,174
1567713846,2019-09-05T20:04:06Z,DAL89,"33.937008,-118.416771",0,23,165
1567713852,2019-09-05T20:04:12Z,DAL89,"33.936871,-118.416504",0,21,135
1567713858,2019-09-05T20:04:18Z,DAL89,"33.936859,-118.416267",0,19,112
1567713866,2019-09-05T20:04:26Z,DAL89,"33.937119,-118.415993",0,19,90
1567713875,2019-09-05T20:04:35Z,DAL89,"33.93718,-118.415649",0,20,84
1567713890,2019-09-05T20:04:50Z,DAL89,"33.937267,-118.414795",0,24,84
1567713897,2019-09-05T20:04:57Z,DAL89,"33.937294,-118.414551",0,25,84
1567713903,2019-09-05T20:05:03Z,DAL89,"33.937317,-118.414215",0,26,84
1567713915,2019-09-05T20:05:15Z,DAL89,"33.937397,-118.413437",0,28,81
1567713923,2019-09-05T20:05:23Z,DAL89,"33.937454,-118.412979",0,26,81
1567713930,2019-09-05T20:05:30Z,DAL89,"33.9375,-118.412537",0,21,84
1567713936,2019-09-05T20:05:36Z,DAL89,"33.937523,-118.412216",0,21,84
1567713942,2019-09-05T20:05:42Z,DAL89,"33.937557,-118.411934",0,21,81
1567713951,2019-09-05T20:05:51Z,DAL89,"33.937603,-118.411514",0,21,81
1567713961,2019-09-05T20:06:01Z,DAL89,"33.937641,-118.411118",0,21,84
1567713967,2019-09-05T20:06:07Z,DAL89,"33.937672,-118.410828",0,22,84
1567713979,2019-09-05T20:06:19Z,DAL89,"33.937721,-118.41037",0,17,84
1567713987,2019-09-05T20:06:27Z,DAL89,"33.937744,-118.410126",0,12,81
1567713999,2019-09-05T20:06:39Z,DAL89,"33.937775,-118.409843",0,14,81
1567714011,2019-09-05T20:06:51Z,DAL89,"33.937809,-118.409508",0,17,81
1567714023,2019-09-05T20:07:03Z,DAL89,"33.937862,-118.409027",0,20,81
1567714031,2019-09-05T20:07:11Z,DAL89,"33.937897,-118.408768",0,21,81
1567714043,2019-09-05T20:07:23Z,DAL89,"33.937958,-118.408134",0,23,81
1567714055,2019-09-05T20:07:35Z,DAL89,"33.938023,-118.407471",0,27,81
1567714066,2019-09-05T20:07:46Z,DAL89,"33.938107,-118.406654",0,32,84
1567714072,2019-09-05T20:07:52Z,DAL89,"33.938152,-118.406166",0,34,81
1567714080,2019-09-05T20:08:00Z,DAL89,"33.93821,-118.40567",0,15,81
1567714092,2019-09-05T20:08:12Z,DAL89,"33.938328,-118.404533",0,30,81
1567714100,2019-09-05T20:08:20Z,DAL89,"33.938396,-118.403839",0,15,84
1567714113,2019-09-05T20:08:33Z,DAL89,"33.938519,-118.402618",0,17,81
1567714120,2019-09-05T20:08:40Z,DAL89,"33.938564,-118.402138",0,34,84
1567714126,2019-09-05T20:08:46Z,DAL89,"33.938606,-118.401779",0,28,81
1567714139,2019-09-05T20:08:59Z,DAL89,"33.938698,-118.400864",0,28,84
1567714148,2019-09-05T20:09:08Z,DAL89,"33.93877,-118.400276",0,30,84
1567714159,2019-09-05T20:09:19Z,DAL89,"33.938839,-118.399475",0,31,84
1567714167,2019-09-05T20:09:27Z,DAL89,"33.938896,-118.398987",0,27,84
1567714176,2019-09-05T20:09:36Z,DAL89,"33.938965,-118.39827",0,27,84
1567714199,2019-09-05T20:09:59Z,DAL89,"33.939091,-118.397064",0,27,81
1567714205,2019-09-05T20:10:05Z,DAL89,"33.939129,-118.396637",0,28,81
1567714217,2019-09-05T20:10:17Z,DAL89,"33.939217,-118.395859",0,29,84
1567714228,2019-09-05T20:10:28Z,DAL89,"33.939285,-118.395119",0,27,81
1567714259,2019-09-05T20:10:59Z,DAL89,"33.939411,-118.393951",0,9,81
1567714277,2019-09-05T20:11:17Z,DAL89,"33.939434,-118.3937",0,13,84
1567714289,2019-09-05T20:11:29Z,DAL89,"33.939468,-118.393349",0,19,84
1567714299,2019-09-05T20:11:39Z,DAL89,"33.939514,-118.392906",0,23,84
1567714305,2019-09-05T20:11:45Z,DAL89,"33.939548,-118.392578",0,26,84
1567714314,2019-09-05T20:11:54Z,DAL89,"33.939606,-118.391991",0,29,81
1567714324,2019-09-05T20:12:04Z,DAL89,"33.93969,-118.391205",0,31,84
1567714334,2019-09-05T20:12:14Z,DAL89,"33.939754,-118.390518",0,33,84
1567714342,2019-09-05T20:12:22Z,DAL89,"33.939804,-118.389977",0,34,81
1567714367,2019-09-05T20:12:47Z,DAL89,"33.940014,-118.388",0,30,84
1567714375,2019-09-05T20:12:55Z,DAL89,"33.940071,-118.387497",0,29,81
1567714387,2019-09-05T20:13:07Z,DAL89,"33.940155,-118.386681",0,32,84
1567714398,2019-09-05T20:13:18Z,DAL89,"33.940247,-118.385796",0,25,81
1567714404,2019-09-05T20:13:24Z,DAL89,"33.940281,-118.38549",0,23,81
1567714415,2019-09-05T20:13:35Z,DAL89,"33.940338,-118.384888",0,24,84
1567714422,2019-09-05T20:13:42Z,DAL89,"33.940361,-118.384598",0,20,84
1567714434,2019-09-05T20:13:54Z,DAL89,"33.940411,-118.384178",0,15,84
1567714447,2019-09-05T20:14:07Z,DAL89,"33.940453,-118.383797",0,18,81
1567714457,2019-09-05T20:14:17Z,DAL89,"33.940502,-118.383308",0,19,81
1567714465,2019-09-05T20:14:25Z,DAL89,"33.940521,-118.383049",0,21,81
1567714475,2019-09-05T20:14:35Z,DAL89,"33.940575,-118.382538",0,18,84
1567714482,2019-09-05T20:14:42Z,DAL89,"33.940601,-118.382294",0,18,84
1567714495,2019-09-05T20:14:55Z,DAL89,"33.940636,-118.381905",0,14,84
1567714505,2019-09-05T20:15:05Z,DAL89,"33.94067,-118.381592",0,16,84
1567714517,2019-09-05T20:15:17Z,DAL89,"33.940704,-118.381248",0,14,81
1567714529,2019-09-05T20:15:29Z,DAL89,"33.940735,-118.38092",0,15,84
1567714535,2019-09-05T20:15:35Z,DAL89,"33.940762,-118.380714",0,17,81
1567714547,2019-09-05T20:15:47Z,DAL89,"33.940796,-118.380417",0,2,81
1567714644,2019-09-05T20:17:24Z,DAL89,"33.940758,-118.380173",0,13,92
1567714655,2019-09-05T20:17:35Z,DAL89,"33.940468,-118.379959",0,21,137
1567714663,2019-09-05T20:17:43Z,DAL89,"33.940224,-118.379944",0,21,160
1567714669,2019-09-05T20:17:49Z,DAL89,"33.939991,-118.37999",0,22,177
1567714686,2019-09-05T20:18:06Z,DAL89,"33.939781,-118.38073",0,17,258
1567714733,2019-09-05T20:18:53Z,DAL89,"33.939732,-118.381256",0,26,261
1567714743,2019-09-05T20:19:03Z,DAL89,"33.939362,-118.384842",0,80,264
1567714749,2019-09-05T20:19:09Z,DAL89,"33.939049,-118.387924",100,101,263
1567714755,2019-09-05T20:19:15Z,DAL89,"33.93869,-118.39164",75,126,262
1567714766,2019-09-05T20:19:26Z,DAL89,"33.937698,-118.401199",75,164,262
1567714773,2019-09-05T20:19:33Z,DAL89,"33.937134,-118.406326",75,177,262
1567714780,2019-09-05T20:19:40Z,DAL89,"33.936539,-118.411934",300,178,262
1567714786,2019-09-05T20:19:46Z,DAL89,"33.935696,-118.418823",625,173,262
1567714797,2019-09-05T20:19:57Z,DAL89,"33.934387,-118.430656",1175,173,262
1567714804,2019-09-05T20:20:04Z,DAL89,"33.933743,-118.436279",1375,176,262
1567714815,2019-09-05T20:20:15Z,DAL89,"33.932392,-118.447784",1550,187,262
1567714822,2019-09-05T20:20:22Z,DAL89,"33.931686,-118.454475",1650,193,262
1567714834,2019-09-05T20:20:34Z,DAL89,"33.930267,-118.468102",1825,204,263
1567714846,2019-09-05T20:20:46Z,DAL89,"33.929039,-118.481995",2000,215,264
1567714852,2019-09-05T20:20:52Z,DAL89,"33.928482,-118.488861",2100,220,264
1567714858,2019-09-05T20:20:58Z,DAL89,"33.927841,-118.496857",2200,224,264
1567714869,2019-09-05T20:21:09Z,DAL89,"33.926697,-118.511368",2400,233,264
1567714875,2019-09-05T20:21:15Z,DAL89,"33.926331,-118.518997",2500,238,267
1567714896,2019-09-05T20:21:36Z,DAL89,"33.932159,-118.548088",2850,260,292
1567714903,2019-09-05T20:21:43Z,DAL89,"33.935139,-118.556099",2950,265,295
1567714910,2019-09-05T20:21:50Z,DAL89,"33.938553,-118.564285",3075,269,298
1567714916,2019-09-05T20:21:56Z,DAL89,"33.94212,-118.572006",3225,272,299
1567714926,2019-09-05T20:22:06Z,DAL89,"33.949631,-118.587379",3625,271,300
1567714932,2019-09-05T20:22:12Z,DAL89,"33.953613,-118.595284",3850,272,301
1567714938,2019-09-05T20:22:18Z,DAL89,"33.957718,-118.603195",4075,272,301
1567714944,2019-09-05T20:22:24Z,DAL89,"33.961716,-118.610863",4275,272,301
1567714951,2019-09-05T20:22:31Z,DAL89,"33.965725,-118.618637",4475,273,301
1567714957,2019-09-05T20:22:37Z,DAL89,"33.969868,-118.626877",4675,274,300
1567714969,2019-09-05T20:22:49Z,DAL89,"33.97728,-118.642311",5025,277,299
1567714981,2019-09-05T20:23:01Z,DAL89,"33.985748,-118.65834",5300,284,308
1567714989,2019-09-05T20:23:09Z,DAL89,"33.993607,-118.667679",5500,286,321
1567714995,2019-09-05T20:23:15Z,DAL89,"34.000496,-118.6726",5650,288,333
1567715002,2019-09-05T20:23:22Z,DAL89,"34.009251,-118.67598",5825,288,348
1567715008,2019-09-05T20:23:28Z,DAL89,"34.017349,-118.676895",6000,289,359
1567715029,2019-09-05T20:23:49Z,DAL89,"34.045002,-118.673798",6650,292,5
1567715040,2019-09-05T20:24:00Z,DAL89,"34.061806,-118.672256",7050,293,3
1567715052,2019-09-05T20:24:12Z,DAL89,"34.077866,-118.670883",7475,292,5
1567715065,2019-09-05T20:24:25Z,DAL89,"34.093788,-118.667908",7825,295,10
1567715077,2019-09-05T20:24:37Z,DAL89,"34.109985,-118.664062",7925,297,11
1567715088,2019-09-05T20:24:48Z,DAL89,"34.126694,-118.660133",7950,298,11
1567715100,2019-09-05T20:25:00Z,DAL89,"34.14304,-118.656349",7975,298,11
1567715112,2019-09-05T20:25:12Z,DAL89,"34.159012,-118.652626",8200,299,11
1567715125,2019-09-05T20:25:25Z,DAL89,"34.175629,-118.648743",8550,301,10
1567715139,2019-09-05T20:25:39Z,DAL89,"34.192478,-118.644791",8925,302,11
1567715148,2019-09-05T20:25:48Z,DAL89,"34.208496,-118.641022",9350,303,11
1567715163,2019-09-05T20:26:03Z,DAL89,"34.225716,-118.636948",9750,304,11
1567715173,2019-09-05T20:26:13Z,DAL89,"34.242554,-118.633675",10075,308,4
1567715180,2019-09-05T20:26:20Z,DAL89,"34.254253,-118.634148",10325,309,352
1567715187,2019-09-05T20:26:27Z,DAL89,"34.263519,-118.636147",10525,310,348
1567715195,2019-09-05T20:26:35Z,DAL89,"34.271759,-118.638382",10675,312,347
1567715204,2019-09-05T20:26:44Z,DAL89,"34.28476,-118.641808",10975,311,347
1567715215,2019-09-05T20:26:55Z,DAL89,"34.301743,-118.646011",11400,310,348
1567715228,2019-09-05T20:27:08Z,DAL89,"34.317673,-118.649712",11700,313,349
1567715238,2019-09-05T20:27:18Z,DAL89,"34.335487,-118.653717",12050,317,349
1567715275,2019-09-05T20:27:55Z,DAL89,"34.388992,-118.665627",12950,327,349
1567715308,2019-09-05T20:28:28Z,DAL89,"34.437763,-118.67672",13950,328,349
1567715342,2019-09-05T20:29:02Z,DAL89,"34.488274,-118.68679",14850,332,351
1567715371,2019-09-05T20:29:31Z,DAL89,"34.534031,-118.695312",15375,346,351
1567715404,2019-09-05T20:30:04Z,DAL89,"34.587021,-118.705536",15725,368,350
1567715437,2019-09-05T20:30:37Z,DAL89,"34.646736,-118.717232",16025,392,350
1567715470,2019-09-05T20:31:10Z,DAL89,"34.707275,-118.729362",16350,410,349
1567715481,2019-09-05T20:31:21Z,DAL89,"34.728016,-118.736916",16550,413,337
1567715489,2019-09-05T20:31:29Z,DAL89,"34.739273,-118.743599",16650,413,331
1567715495,2019-09-05T20:31:35Z,DAL89,"34.751999,-118.752625",16850,413,328
1567715504,2019-09-05T20:31:44Z,DAL89,"34.763489,-118.761063",17125,411,328
1567715510,2019-09-05T20:31:50Z,DAL89,"34.773834,-118.7686",17300,411,329
1567715542,2019-09-05T20:32:22Z,DAL89,"34.829636,-118.805702",17975,420,335
1567715576,2019-09-05T20:32:56Z,DAL89,"34.889458,-118.834076",18675,424,338
1567715638,2019-09-05T20:33:58Z,DAL89,"35.002254,-118.888321",20425,422,338
1567715703,2019-09-05T20:35:03Z,DAL89,"35.11924,-118.944565",21875,425,338
1567715764,2019-09-05T20:36:04Z,DAL89,"35.237484,-119.001625",22500,451,338
1567715827,2019-09-05T20:37:07Z,DAL89,"35.362709,-119.062172",23550,459,338
1567715892,2019-09-05T20:38:12Z,DAL89,"35.487003,-119.122475",24525,467,338
1567715950,2019-09-05T20:39:10Z,DAL89,"35.611206,-119.174194",25325,478,347
1567716014,2019-09-05T20:40:14Z,DAL89,"35.749878,-119.210014",26300,484,348
1567716075,2019-09-05T20:41:15Z,DAL89,"35.886467,-119.244492",26975,495,348
1567716137,2019-09-05T20:42:17Z,DAL89,"36.025101,-119.280899",27725,498,342
1567716145,2019-09-05T20:42:25Z,DAL89,"36.044514,-119.290253",27825,496,335
1567716151,2019-09-05T20:42:31Z,DAL89,"36.056305,-119.297562",27875,495,332
1567716164,2019-09-05T20:42:44Z,DAL89,"36.077362,-119.314331",27975,493,323
1567716173,2019-09-05T20:42:53Z,DAL89,"36.096931,-119.334488",28075,492,318
1567716179,2019-09-05T20:42:59Z,DAL89,"36.108429,-119.347343",28150,493,317
1567716243,2019-09-05T20:44:03Z,DAL89,"36.217453,-119.460251",28900,500,320
1567716305,2019-09-05T20:45:05Z,DAL89,"36.330391,-119.577179",29500,510,319
1567716369,2019-09-05T20:46:09Z,DAL89,"36.447281,-119.69902",30325,511,319
1567716433,2019-09-05T20:47:13Z,DAL89,"36.55957,-119.816605",30800,520,319
1567716494,2019-09-05T20:48:14Z,DAL89,"36.671757,-119.934471",31275,527,319
1567716564,2019-09-05T20:49:24Z,DAL89,"36.80341,-120.073318",31850,532,319
1567716625,2019-09-05T20:50:25Z,DAL89,"36.921791,-120.19873",32675,530,319
1567716686,2019-09-05T20:51:26Z,DAL89,"37.035736,-120.32016",33125,534,319
1567716748,2019-09-05T20:52:28Z,DAL89,"37.155296,-120.447769",33850,531,319
1567716812,2019-09-05T20:53:32Z,DAL89,"37.272747,-120.573875",34375,532,319
1567716876,2019-09-05T20:54:36Z,DAL89,"37.390366,-120.700592",34975,531,319
1567716936,2019-09-05T20:55:36Z,DAL89,"37.50087,-120.820099",35775,521,319
1567716999,2019-09-05T20:56:39Z,DAL89,"37.617645,-120.943756",35925,531,323
1567717061,2019-09-05T20:57:41Z,DAL89,"37.749489,-121.045097",36000,541,330
1567717125,2019-09-05T20:58:45Z,DAL89,"37.889008,-121.146416",36000,544,330
1567717188,2019-09-05T20:59:48Z,DAL89,"38.026287,-121.246071",36000,540,330
1567717252,2019-09-05T21:00:52Z,DAL89,"38.163162,-121.345749",36000,542,329
1567717314,2019-09-05T21:01:54Z,DAL89,"38.301041,-121.446732",36000,544,329
1567717377,2019-09-05T21:02:57Z,DAL89,"38.436218,-121.551125",36000,536,324
1567717440,2019-09-05T21:04:00Z,DAL89,"38.55228,-121.677551",36000,529,317
1567717503,2019-09-05T21:05:03Z,DAL89,"38.667343,-121.81002",36000,526,317
1567717563,2019-09-05T21:06:03Z,DAL89,"38.776199,-121.936707",36000,525,317
1567717625,2019-09-05T21:07:05Z,DAL89,"38.886993,-122.066223",36000,527,317
1567717689,2019-09-05T21:08:09Z,DAL89,"39.002117,-122.201294",36000,530,317
1567717752,2019-09-05T21:09:12Z,DAL89,"39.115814,-122.335335",36000,530,317
1567717815,2019-09-05T21:10:15Z,DAL89,"39.229752,-122.470329",36000,525,317
1567717878,2019-09-05T21:11:18Z,DAL89,"39.340622,-122.602226",36000,522,317
1567717940,2019-09-05T21:12:20Z,DAL89,"39.451675,-122.735138",36000,526,317
1567718005,2019-09-05T21:13:25Z,DAL89,"39.566422,-122.872925",36000,528,317
1567718070,2019-09-05T21:14:30Z,DAL89,"39.682159,-123.012482",36000,528,316
1567718133,2019-09-05T21:15:33Z,DAL89,"39.795879,-123.150391",36000,528,316
1567718196,2019-09-05T21:16:36Z,DAL89,"39.904312,-123.282547",36000,525,316
1567718257,2019-09-05T21:17:37Z,DAL89,"40.016491,-123.419785",36000,529,316
1567718333,2019-09-05T21:18:53Z,DAL89,"40.152191,-123.586853",36000,531,316
1567718398,2019-09-05T21:19:58Z,DAL89,"40.269928,-123.732422",36000,537,316
1567718465,2019-09-05T21:21:05Z,DAL89,"40.38863,-123.880028",36000,543,316
1567718528,2019-09-05T21:22:08Z,DAL89,"40.505985,-124.026596",36000,542,316
1567718594,2019-09-05T21:23:14Z,DAL89,"40.624649,-124.175407",36000,539,316
1567718658,2019-09-05T21:24:18Z,DAL89,"40.752365,-124.302002",36000,550,328
1567718722,2019-09-05T21:25:22Z,DAL89,"40.888554,-124.415421",36000,550,327
1567718796,2019-09-05T21:26:36Z,DAL89,"41.047714,-124.549133",36000,546,327
1567718861,2019-09-05T21:27:41Z,DAL89,"41.181976,-124.662354",36000,545,327
1567718899,2019-09-05T21:28:19Z,DAL89,"41.265392,-124.733025",36000,542,327
1567718989,2019-09-05T21:29:49Z,DAL89,"41.455887,-124.895195",36000,538,327
1567719052,2019-09-05T21:30:52Z,DAL89,"41.588104,-125.00843",36000,536,327
1567719104,2019-09-05T21:31:44Z,DAL89,"41.692291,-125.098137",36000,535,327
1567719164,2019-09-05T21:32:44Z,DAL89,"41.811832,-125.201973",36000,536,324
1567719252,2019-09-05T21:34:12Z,DAL89,"42.002609,-125.367172",36000,528,326
1567719290,2019-09-05T21:34:50Z,DAL89,"42.079453,-125.434296",36000,527,326
1567719381,2019-09-05T21:36:21Z,DAL89,"42.263855,-125.596199",36000,519,326
1567719445,2019-09-05T21:37:25Z,DAL89,"42.390472,-125.707939",36000,514,326
1567719507,2019-09-05T21:38:27Z,DAL89,"42.514202,-125.817795",36000,512,326
1567719572,2019-09-05T21:39:32Z,DAL89,"42.642609,-125.93235",36000,508,326
1567719637,2019-09-05T21:40:37Z,DAL89,"42.770382,-126.046783",36000,503,326
1567719698,2019-09-05T21:41:38Z,DAL89,"42.887329,-126.152107",36000,499,326
1567719750,2019-09-05T21:42:30Z,DAL89,"42.986801,-126.242043",36000,498,326
1567719847,2019-09-05T21:44:07Z,DAL89,"43.17215,-126.410675",36000,489,326
1567719882,2019-09-05T21:44:42Z,DAL89,"43.238419,-126.471207",36000,483,326
1567719941,2019-09-05T21:45:41Z,DAL89,"43.34729,-126.571121",36000,479,326
1567719999,2019-09-05T21:46:39Z,DAL89,"43.451385,-126.667061",36000,472,326
1567720090,2019-09-05T21:48:10Z,DAL89,"43.621719,-126.810265",36000,471,328
1567720297,2019-09-05T21:51:37Z,DAL89,"43.996674,-127.131172",36000,458,328
1567720312,2019-09-05T21:51:52Z,DAL89,"44.022034,-127.152954",36000,458,328
1567720387,2019-09-05T21:53:07Z,DAL89,"44.147423,-127.259956",36000,488,329
1567720480,2019-09-05T21:54:40Z,DAL89,"44.327831,-127.418365",36000,457,327
1567720542,2019-09-05T21:55:42Z,DAL89,"44.439011,-127.515892",36000,451,327
1567720605,2019-09-05T21:56:45Z,DAL89,"44.548553,-127.612083",36000,447,327
1567720666,2019-09-05T21:57:46Z,DAL89,"44.65556,-127.706688",36000,442,327
1567720726,2019-09-05T21:58:46Z,DAL89,"44.762787,-127.801865",36000,441,327
1567720787,2019-09-05T21:59:47Z,DAL89,"44.866745,-127.894463",36000,443,327
1567720850,2019-09-05T22:00:50Z,DAL89,"44.975281,-127.991592",36000,445,327
1567720888,2019-09-05T22:01:28Z,DAL89,"45.041016,-128.050751",36000,446,327
1567720967,2019-09-05T22:02:47Z,DAL89,"45.178761,-128.175018",36000,448,327
1567721084,2019-09-05T22:04:44Z,DAL89,"45.383698,-128.361313",36000,452,327
1567721113,2019-09-05T22:05:13Z,DAL89,"45.434555,-128.407745",36000,452,327
1567721243,2019-09-05T22:07:23Z,DAL89,"45.664627,-128.619354",36000,456,327
1567721305,2019-09-05T22:08:25Z,DAL89,"45.772629,-128.719254",36000,459,326
1567721345,2019-09-05T22:09:05Z,DAL89,"45.84343,-128.785156",36000,460,326
1567721492,2019-09-05T22:11:32Z,DAL89,"46.107712,-129.032715",36000,463,326
1567721514,2019-09-05T22:11:54Z,DAL89,"46.148445,-129.071091",36000,464,326
1567721569,2019-09-05T22:12:49Z,DAL89,"46.249649,-129.163651",36000,466,331
1567721663,2019-09-05T22:14:23Z,DAL89,"46.431015,-129.296173",36000,469,332
1567721724,2019-09-05T22:15:24Z,DAL89,"46.548141,-129.382965",36000,470,332
1567721734,2019-09-05T22:15:34Z,DAL89,"46.567474,-129.397369",36000,470,332
1567721782,2019-09-05T22:16:22Z,DAL89,"46.659588,-129.465973",36000,470,332
1567721931,2019-09-05T22:18:51Z,DAL89,"46.950073,-129.684052",36000,476,332
1567722081,2019-09-05T22:21:21Z,DAL89,"47.242447,-129.906326",36000,476,332
1567722098,2019-09-05T22:21:38Z,DAL89,"47.276405,-129.932343",36000,476,332
1567722182,2019-09-05T22:23:02Z,DAL89,"47.437943,-130.056503",36000,479,332
1567722274,2019-09-05T22:24:34Z,DAL89,"47.590324,-130.189529",36000,480,335
1567722454,2019-09-05T22:27:34Z,DAL89,"47.928127,-130.475632",36000,480,332
1567722514,2019-09-05T22:28:34Z,DAL89,"48.045204,-130.567703",36000,490,335
1567722580,2019-09-05T22:29:40Z,DAL89,"48.175732,-130.668381",36000,500,334
1567722699,2019-09-05T22:31:39Z,DAL89,"48.408081,-130.858368",36000,480,331
1567722760,2019-09-05T22:32:40Z,DAL89,"48.528114,-130.959122",36000,500,331
1567722823,2019-09-05T22:33:43Z,DAL89,"48.652248,-131.056732",36000,500,335
1567722879,2019-09-05T22:34:39Z,DAL89,"48.765327,-131.148621",36000,500,331
1567722943,2019-09-05T22:35:43Z,DAL89,"48.897369,-131.252045",36000,500,334
1567723063,2019-09-05T22:37:43Z,DAL89,"49.132427,-131.455734",36000,500,329
1567723127,2019-09-05T22:38:47Z,DAL89,"49.265022,-131.557266",36000,500,338
1567723185,2019-09-05T22:39:45Z,DAL89,"49.38084,-131.649979",36000,500,331
1567723246,2019-09-05T22:40:46Z,DAL89,"49.508045,-131.763626",36000,510,328
1567723307,2019-09-05T22:41:47Z,DAL89,"49.624073,-131.873749",36000,500,328
1567723370,2019-09-05T22:42:50Z,DAL89,"49.744389,-131.977341",36000,500,336
1567723430,2019-09-05T22:43:50Z,DAL89,"49.869663,-132.086945",36000,510,331
1567723489,2019-09-05T22:44:49Z,DAL89,"49.986164,-132.194778",36000,500,328
1567723552,2019-09-05T22:45:52Z,DAL89,"50.117439,-132.306091",36000,500,335
1567723610,2019-09-05T22:46:50Z,DAL89,"50.234447,-132.404861",36000,510,332
1567723697,2019-09-05T22:48:17Z,DAL89,"50.49754,-132.587753",36000,506,330
1567723720,2019-09-05T22:48:40Z,DAL89,"50.543655,-132.62883",36000,508,330
1567723791,2019-09-05T22:49:51Z,DAL89,"50.664665,-132.745102",36000,500,335
1567723854,2019-09-05T22:50:54Z,DAL89,"50.75803,-132.845047",36000,500,332
1567723914,2019-09-05T22:51:54Z,DAL89,"50.857498,-132.959747",36000,510,325
1567723978,2019-09-05T22:52:58Z,DAL89,"50.97377,-133.067581",36000,520,335
1567724038,2019-09-05T22:53:58Z,DAL89,"51.080368,-133.168869",36000,510,328
1567724097,2019-09-05T22:54:57Z,DAL89,"51.224064,-133.278015",36000,520,339
1567724154,2019-09-05T22:55:54Z,DAL89,"51.356075,-133.379822",36000,520,332
1567724212,2019-09-05T22:56:52Z,DAL89,"51.489178,-133.492706",36000,520,329
1567724253,2019-09-05T22:57:33Z,DAL89,"51.581749,-133.597214",36000,510,316
1567724311,2019-09-05T22:58:31Z,DAL89,"51.708817,-133.7341",36000,520,329
1567724371,2019-09-05T22:59:31Z,DAL89,"51.835812,-133.862732",36000,520,333
1567724463,2019-09-05T23:01:03Z,DAL89,"52.065372,-134.036972",36000,512,329
1567724522,2019-09-05T23:02:02Z,DAL89,"52.186157,-134.153519",36000,508,329
1567724588,2019-09-05T23:03:08Z,DAL89,"52.31815,-134.281891",36000,508,329
1567724619,2019-09-05T23:03:39Z,DAL89,"52.380661,-134.343033",36000,509,329
1567724699,2019-09-05T23:04:59Z,DAL89,"52.51902,-134.481934",36000,510,329
1567724759,2019-09-05T23:05:59Z,DAL89,"52.608414,-134.573517",36000,510,329
1567724800,2019-09-05T23:06:40Z,DAL89,"52.67865,-134.66922",36000,510,316
1567724860,2019-09-05T23:07:40Z,DAL89,"52.788204,-134.812225",36000,510,323
1567724917,2019-09-05T23:08:37Z,DAL89,"52.911556,-134.948807",36000,510,333
1567724980,2019-09-05T23:09:40Z,DAL89,"53.030746,-135.07489",36000,510,329
1567725040,2019-09-05T23:10:40Z,DAL89,"53.162891,-135.20108",36000,510,332
1567725099,2019-09-05T23:11:39Z,DAL89,"53.282784,-135.33046",36000,510,322
1567725160,2019-09-05T23:12:40Z,DAL89,"53.41114,-135.456436",36000,520,333
1567725224,2019-09-05T23:13:44Z,DAL89,"53.533764,-135.576004",36000,510,330
1567725285,2019-09-05T23:14:45Z,DAL89,"53.673611,-135.689804",36000,510,338
1567725346,2019-09-05T23:15:46Z,DAL89,"53.806263,-135.804062",36000,510,330
1567725402,2019-09-05T23:16:42Z,DAL89,"53.931835,-135.925461",36000,510,327
1567725467,2019-09-05T23:17:47Z,DAL89,"54.044346,-136.07579",36000,510,311
1567725527,2019-09-05T23:18:47Z,DAL89,"54.142727,-136.225052",36000,510,319
1567725590,2019-09-05T23:19:50Z,DAL89,"54.242695,-136.400253",36000,500,314
1567725648,2019-09-05T23:20:48Z,DAL89,"54.324924,-136.551575",36000,510,317
1567725712,2019-09-05T23:21:52Z,DAL89,"54.425804,-136.729248",36000,510,318
1567725770,2019-09-05T23:22:50Z,DAL89,"54.518135,-136.886078",36000,500,319
1567725798,2019-09-05T23:23:18Z,DAL89,"54.640961,-137.006546",36000,503,317
1567725887,2019-09-05T23:24:47Z,DAL89,"54.792847,-137.251709",36000,503,316
1567725948,2019-09-05T23:25:48Z,DAL89,"54.89653,-137.420715",36000,504,316
1567726011,2019-09-05T23:26:51Z,DAL89,"55.000679,-137.591614",36000,501,316
1567726071,2019-09-05T23:27:51Z,DAL89,"55.102535,-137.760071",36000,500,316
1567726133,2019-09-05T23:28:53Z,DAL89,"55.20575,-137.931976",36000,497,316
1567726195,2019-09-05T23:29:55Z,DAL89,"55.307644,-138.103058",36000,495,316
1567726256,2019-09-05T23:30:56Z,DAL89,"55.408493,-138.273682",36000,495,315
1567726319,2019-09-05T23:31:59Z,DAL89,"55.50943,-138.445633",36000,495,315
1567726379,2019-09-05T23:32:59Z,DAL89,"55.609222,-138.616913",36000,494,315
1567726441,2019-09-05T23:34:01Z,DAL89,"55.710205,-138.791611",36000,494,315
1567726502,2019-09-05T23:35:02Z,DAL89,"55.810173,-138.965897",36000,495,315
1567726565,2019-09-05T23:36:05Z,DAL89,"55.911285,-139.143478",36000,495,315
1567726626,2019-09-05T23:37:06Z,DAL89,"56.010727,-139.319458",36000,494,315
1567726687,2019-09-05T23:38:07Z,DAL89,"56.109646,-139.495895",36000,496,315
1567726746,2019-09-05T23:39:06Z,DAL89,"56.205414,-139.66803",36000,494,314
1567726782,2019-09-05T23:39:42Z,DAL89,"56.26387,-139.773804",36000,494,314
1567726812,2019-09-05T23:40:12Z,DAL89,"56.309959,-139.857422",36000,494,314
1567726895,2019-09-05T23:41:35Z,DAL89,"56.439857,-140.14566",36000,500,318
1567726957,2019-09-05T23:42:37Z,DAL89,"56.513863,-140.335876",36000,500,308
1567727080,2019-09-05T23:44:40Z,DAL89,"56.693897,-140.681381",36000,500,318
1567727139,2019-09-05T23:45:39Z,DAL89,"56.781467,-140.85408",36000,490,310
1567727274,2019-09-05T23:47:54Z,DAL89,"56.992027,-141.202393",36000,490,322
1567727332,2019-09-05T23:48:52Z,DAL89,"57.089474,-141.356796",36000,490,316
1567727391,2019-09-05T23:49:51Z,DAL89,"57.190189,-141.526917",36000,490,316
1567727450,2019-09-05T23:50:50Z,DAL89,"57.285942,-141.706741",36000,490,311
1567727507,2019-09-05T23:51:47Z,DAL89,"57.379856,-141.883362",36000,490,316
1567727567,2019-09-05T23:52:47Z,DAL89,"57.472752,-142.071732",36000,490,311
1567727625,2019-09-05T23:53:45Z,DAL89,"57.564743,-142.253204",36000,490,316
1567727683,2019-09-05T23:54:43Z,DAL89,"57.654644,-142.440613",36000,490,311
1567727820,2019-09-05T23:57:00Z,DAL89,"57.845631,-142.831528",36000,480,314
1567727876,2019-09-05T23:57:56Z,DAL89,"57.922672,-143.007584",36000,480,309
1567727937,2019-09-05T23:58:57Z,DAL89,"58.013882,-143.195206",36000,480,316
1567727996,2019-09-05T23:59:56Z,DAL89,"58.101051,-143.379807",36000,480,311
1567728163,2019-09-06T00:02:43Z,DAL89,"58.23468,-143.668365",36000,480,311
1567728347,2019-09-06T00:05:47Z,DAL89,"58.572193,-144.397705",36000,480,309
1567728481,2019-09-06T00:08:01Z,DAL89,"58.786114,-144.875259",36000,480,311
1567728542,2019-09-06T00:09:02Z,DAL89,"58.887688,-145.093521",36000,480,315
1567728600,2019-09-06T00:10:00Z,DAL89,"58.981663,-145.304428",36000,480,310
1567728658,2019-09-06T00:10:58Z,DAL89,"59.072918,-145.515808",36000,480,310
1567728717,2019-09-06T00:11:57Z,DAL89,"59.158047,-145.711014",36000,470,312
1567728776,2019-09-06T00:12:56Z,DAL89,"59.24192,-145.908539",36000,470,310
1567728866,2019-09-06T00:14:26Z,DAL89,"59.389065,-146.271118",36000,478,309
1567728927,2019-09-06T00:15:27Z,DAL89,"59.480942,-146.462494",36000,477,316
1567728987,2019-09-06T00:16:27Z,DAL89,"59.575459,-146.644653",36000,465,315
1567729048,2019-09-06T00:17:28Z,DAL89,"59.668259,-146.825043",36000,462,315
1567729109,2019-09-06T00:18:29Z,DAL89,"59.759995,-147.004486",36000,464,315
1567729169,2019-09-06T00:19:29Z,DAL89,"59.852783,-147.187592",36000,465,315
1567729230,2019-09-06T00:20:30Z,DAL89,"59.944942,-147.371078",36000,466,315
1567729297,2019-09-06T00:21:37Z,DAL89,"60.046463,-147.574615",36000,470,314
1567729362,2019-09-06T00:22:42Z,DAL89,"60.14526,-147.77475",36000,471,314
1567729423,2019-09-06T00:23:43Z,DAL89,"60.238998,-147.966324",36000,471,314
1567729484,2019-09-06T00:24:44Z,DAL89,"60.331841,-148.157898",36000,472,314
1567729545,2019-09-06T00:25:45Z,DAL89,"60.423874,-148.349075",36000,470,314
1567729606,2019-09-06T00:26:46Z,DAL89,"60.515305,-148.540939",36000,470,313
1567729671,2019-09-06T00:27:51Z,DAL89,"60.613853,-148.749481",36000,469,313
1567729737,2019-09-06T00:28:57Z,DAL89,"60.712143,-148.959457",36000,470,313
1567729798,2019-09-06T00:29:58Z,DAL89,"60.802551,-149.154373",36000,469,313
1567729859,2019-09-06T00:30:59Z,DAL89,"60.892868,-149.350983",36450,471,313
1567729924,2019-09-06T00:32:04Z,DAL89,"60.990921,-149.566071",36975,472,313
1567729986,2019-09-06T00:33:06Z,DAL89,"61.080734,-149.76503",37600,470,312
1567730046,2019-09-06T00:34:06Z,DAL89,"61.168304,-149.968674",37875,470,307
1567730106,2019-09-06T00:35:06Z,DAL89,"61.238632,-150.19664",38000,468,301
1567730172,2019-09-06T00:36:12Z,DAL89,"61.314091,-150.448608",38000,470,301
1567730233,2019-09-06T00:37:13Z,DAL89,"61.382675,-150.681702",38000,468,301
1567730293,2019-09-06T00:38:13Z,DAL89,"61.450653,-150.914673",38000,468,301
1567730359,2019-09-06T00:39:19Z,DAL89,"61.524277,-151.170547",38000,470,300
1567730420,2019-09-06T00:40:20Z,DAL89,"61.591778,-151.40686",38000,471,300
1567730481,2019-09-06T00:41:21Z,DAL89,"61.659184,-151.645813",38000,469,300
1567730546,2019-09-06T00:42:26Z,DAL89,"61.730759,-151.902069",38000,467,300
1567730606,2019-09-06T00:43:26Z,DAL89,"61.796722,-152.14093",38000,470,300
1567730672,2019-09-06T00:44:32Z,DAL89,"61.867924,-152.40184",38000,472,300
1567730733,2019-09-06T00:45:33Z,DAL89,"61.933319,-152.643753",38000,469,299
1567730793,2019-09-06T00:46:33Z,DAL89,"61.998001,-152.885834",38000,469,299
1567730858,2019-09-06T00:47:38Z,DAL89,"62.06712,-153.147583",38000,467,299
1567730919,2019-09-06T00:48:39Z,DAL89,"62.131165,-153.392975",38000,466,299
1567730986,2019-09-06T00:49:46Z,DAL89,"62.199463,-153.657333",38000,470,298
1567731045,2019-09-06T00:50:45Z,DAL89,"62.261848,-153.90155",38000,472,298
1567731112,2019-09-06T00:51:52Z,DAL89,"62.330608,-154.17421",38000,470,298
1567731172,2019-09-06T00:52:52Z,DAL89,"62.392429,-154.422348",38000,470,298
1567731238,2019-09-06T00:53:58Z,DAL89,"62.45874,-154.691574",38000,473,297
1567731297,2019-09-06T00:54:57Z,DAL89,"62.520813,-154.946289",38000,477,297
1567731362,2019-09-06T00:56:02Z,DAL89,"62.587051,-155.221756",38000,476,297
1567731375,2019-09-06T00:56:15Z,DAL89,"62.600006,-155.275909",38000,475,297
1567731466,2019-09-06T00:57:46Z,DAL89,"62.695103,-155.677292",38000,470,299
1567731533,2019-09-06T00:58:53Z,DAL89,"62.756699,-155.943405",38000,480,296
1567731593,2019-09-06T00:59:53Z,DAL89,"62.816704,-156.204559",38000,481,296
1567731654,2019-09-06T01:00:54Z,DAL89,"62.877274,-156.471359",38000,481,296
1567731716,2019-09-06T01:01:56Z,DAL89,"62.937695,-156.740784",38000,482,295
1567731777,2019-09-06T01:02:57Z,DAL89,"62.997375,-157.010269",38000,485,295
1567731839,2019-09-06T01:03:59Z,DAL89,"63.057007,-157.283447",38000,486,295
1567731899,2019-09-06T01:04:59Z,DAL89,"63.114964,-157.552185",38000,482,295
1567731961,2019-09-06T01:06:01Z,DAL89,"63.17297,-157.824738",38000,481,295
1567732024,2019-09-06T01:07:04Z,DAL89,"63.23085,-158.100021",38000,482,294
1567732084,2019-09-06T01:08:04Z,DAL89,"63.288391,-158.377319",38000,480,294
1567732145,2019-09-06T01:09:05Z,DAL89,"63.34428,-158.650482",38000,484,294
1567732206,2019-09-06T01:10:06Z,DAL89,"63.400143,-158.927338",38000,478,294
1567732268,2019-09-06T01:11:08Z,DAL89,"63.45517,-159.203323",38000,479,293
1567732328,2019-09-06T01:12:08Z,DAL89,"63.509583,-159.480499",38000,481,293
1567732390,2019-09-06T01:13:10Z,DAL89,"63.563873,-159.760223",38000,482,293
1567732451,2019-09-06T01:14:11Z,DAL89,"63.617615,-160.041428",37975,481,292
1567732514,2019-09-06T01:15:14Z,DAL89,"63.670486,-160.320953",38000,479,292
1567732573,2019-09-06T01:16:13Z,DAL89,"63.722706,-160.601883",38000,477,292
1567732637,2019-09-06T01:17:17Z,DAL89,"63.77449,-160.884003",38000,482,292
1567732696,2019-09-06T01:18:16Z,DAL89,"63.826145,-161.169983",38000,485,292
1567732757,2019-09-06T01:19:17Z,DAL89,"63.877487,-161.457504",38000,489,291
1567732818,2019-09-06T01:20:18Z,DAL89,"63.928234,-161.746658",38000,488,291
1567732879,2019-09-06T01:21:19Z,DAL89,"63.979301,-162.041962",38000,490,291
1567732941,2019-09-06T01:22:21Z,DAL89,"64.030182,-162.340912",38000,495,291
1567733003,2019-09-06T01:23:23Z,DAL89,"64.080551,-162.641495",38000,494,290
1567733064,2019-09-06T01:24:24Z,DAL89,"64.12957,-162.938675",38000,493,290
1567733126,2019-09-06T01:25:26Z,DAL89,"64.178406,-163.239151",38000,493,290
1567733187,2019-09-06T01:26:27Z,DAL89,"64.226166,-163.539078",38000,495,290
1567733248,2019-09-06T01:27:28Z,DAL89,"64.274506,-163.846359",38000,498,289
1567733311,2019-09-06T01:28:31Z,DAL89,"64.321472,-164.150574",38000,495,289
1567733371,2019-09-06T01:29:31Z,DAL89,"64.36792,-164.456055",38000,492,289
1567733434,2019-09-06T01:30:34Z,DAL89,"64.4133,-164.760208",38000,489,288
1567733497,2019-09-06T01:31:37Z,DAL89,"64.45874,-165.070267",38000,489,288
1567733552,2019-09-06T01:32:32Z,DAL89,"64.494728,-165.347107",38000,484,277
1567733558,2019-09-06T01:32:38Z,DAL89,"64.495987,-165.379608",38000,482,273
1567733565,2019-09-06T01:32:45Z,DAL89,"64.496498,-165.41095",38000,482,271
1567733572,2019-09-06T01:32:52Z,DAL89,"64.49659,-165.458221",38000,481,269
1567733592,2019-09-06T01:33:12Z,DAL89,"64.495888,-165.544052",38000,480,268
1567733679,2019-09-06T01:34:39Z,DAL89,"64.493866,-165.998367",38000,480,269
1567733741,2019-09-06T01:35:41Z,DAL89,"64.492401,-166.319382",38000,481,269
1567733755,2019-09-06T01:35:55Z,DAL89,"64.491936,-166.389999",38000,481,269
1567733843,2019-09-06T01:37:23Z,DAL89,"64.488373,-166.841675",38000,481,268
1567733904,2019-09-06T01:38:24Z,DAL89,"64.485077,-167.156219",38000,481,268
1567733967,2019-09-06T01:39:27Z,DAL89,"64.481094,-167.474594",38000,483,268
1567734026,2019-09-06T01:40:26Z,DAL89,"64.476379,-167.79155",38000,481,267
1567734045,2019-09-06T01:40:45Z,DAL89,"64.474899,-167.883911",38000,480,267
1567734135,2019-09-06T01:42:15Z,DAL89,"64.466537,-168.345917",38000,481,267
1567734197,2019-09-06T01:43:17Z,DAL89,"64.460091,-168.659241",38000,479,267
1567734258,2019-09-06T01:44:18Z,DAL89,"64.452988,-168.971588",38000,479,267
1567734318,2019-09-06T01:45:18Z,DAL89,"64.446404,-169.277679",38000,481,267
1567734348,2019-09-06T01:45:48Z,DAL89,"64.442772,-169.433212",38000,482,266
1567734467,2019-09-06T01:47:47Z,DAL89,"64.418503,-170.080399",38000,480,267
1567734547,2019-09-06T01:49:07Z,DAL89,"64.41198,-170.387772",38000,480,271
1567734605,2019-09-06T01:50:05Z,DAL89,"64.401337,-170.647156",38000,480,263
1567734663,2019-09-06T01:51:03Z,DAL89,"64.388031,-170.925629",38000,480,264
1567734723,2019-09-06T01:52:03Z,DAL89,"64.380104,-171.22998",38000,480,271
1567734780,2019-09-06T01:53:00Z,DAL89,"64.369095,-171.528641",38000,480,264
1567734839,2019-09-06T01:53:59Z,DAL89,"64.362366,-171.85141",38000,480,271
1567734897,2019-09-06T01:54:57Z,DAL89,"64.359558,-172.156998",38000,480,271
1567735014,2019-09-06T01:56:54Z,DAL89,"64.357864,-172.799408",38000,480,271
1567735093,2019-09-06T01:58:13Z,DAL89,"64.360146,-173.180954",38000,480,271
1567735150,2019-09-06T01:59:10Z,DAL89,"64.362122,-173.465561",38000,480,271
1567735208,2019-09-06T02:00:08Z,DAL89,"64.363548,-173.750397",38000,480,271
1567735269,2019-09-06T02:01:09Z,DAL89,"64.364716,-174.071426",38000,480,271
1567735326,2019-09-06T02:02:06Z,DAL89,"64.365631,-174.373535",38000,480,271
1567735384,2019-09-06T02:03:04Z,DAL89,"64.373825,-174.680786",38000,480,278
1567735444,2019-09-06T02:04:04Z,DAL89,"64.395096,-174.995728",38000,480,285
1567735559,2019-09-06T02:05:59Z,DAL89,"64.434326,-175.617783",38000,490,278
1567735637,2019-09-06T02:07:17Z,DAL89,"64.460243,-175.98468",38000,490,278
1567735696,2019-09-06T02:08:16Z,DAL89,"64.48748,-176.277939",38000,490,284
1567735753,2019-09-06T02:09:13Z,DAL89,"64.510414,-176.572418",38000,490,278
1567735815,2019-09-06T02:10:15Z,DAL89,"64.532822,-176.892838",38000,490,278
1567735902,2019-09-06T02:11:42Z,DAL89,"64.566833,-177.452667",38000,487,276
1567735962,2019-09-06T02:12:42Z,DAL89,"64.583084,-177.769089",38000,486,276
1567736024,2019-09-06T02:13:44Z,DAL89,"64.598541,-178.083572",38000,486,276
1567736082,2019-09-06T02:14:42Z,DAL89,"64.616547,-178.386871",38000,489,286
1567736089,2019-09-06T02:14:49Z,DAL89,"64.621117,-178.417969",38000,490,290
1567736098,2019-09-06T02:14:58Z,DAL89,"64.628143,-178.462601",38000,489,288
1567736117,2019-09-06T02:15:17Z,DAL89,"64.638107,-178.557251",38000,489,278
1567736123,2019-09-06T02:15:23Z,DAL89,"64.639664,-178.588913",38000,488,275
1567736131,2019-09-06T02:15:31Z,DAL89,"64.641266,-178.635284",38000,488,274
1567736196,2019-09-06T02:16:36Z,DAL89,"64.655144,-178.972092",38000,487,275
1567736256,2019-09-06T02:17:36Z,DAL89,"64.66832,-179.292526",38000,488,275
1567736318,2019-09-06T02:18:38Z,DAL89,"64.680679,-179.611526",38000,488,275
1567736380,2019-09-06T02:19:40Z,DAL89,"64.69249,-179.937164",38000,490,274
1567736392,2019-09-06T02:19:52Z,DAL89,"64.694641,-179.998245",38000,490,274
1567736478,2019-09-06T02:21:18Z,DAL89,"64.708916,179.546814",38000,489,273
1567736540,2019-09-06T02:22:20Z,DAL89,"64.718132,179.216309",38000,486,273
1567736603,2019-09-06T02:23:23Z,DAL89,"64.726654,178.895294",38000,486,273
1567736628,2019-09-06T02:23:48Z,DAL89,"64.730164,178.75766",38000,487,273
1567736717,2019-09-06T02:25:17Z,DAL89,"64.740784,178.296783",38000,490,272
1567736779,2019-09-06T02:26:19Z,DAL89,"64.747513,177.968628",38000,490,272
1567736836,2019-09-06T02:27:16Z,DAL89,"64.753181,177.658661",38000,488,272
1567736904,2019-09-06T02:28:24Z,DAL89,"64.757698,177.305939",38000,487,271
1567736964,2019-09-06T02:29:24Z,DAL89,"64.761246,176.986237",38000,490,271
1567737028,2019-09-06T02:30:28Z,DAL89,"64.764221,176.650269",38000,489,271
1567737095,2019-09-06T02:31:35Z,DAL89,"64.766548,176.299667",38000,490,270
1567737156,2019-09-06T02:32:36Z,DAL89,"64.766785,175.975494",38000,489,269
1567737218,2019-09-06T02:33:38Z,DAL89,"64.766548,175.650452",38000,489,270
1567737278,2019-09-06T02:34:38Z,DAL89,"64.767197,175.327621",38000,490,270
1567737341,2019-09-06T02:35:41Z,DAL89,"64.766731,175.001907",38000,491,269
1567737402,2019-09-06T02:36:42Z,DAL89,"64.765549,174.679108",38000,488,269
1567737464,2019-09-06T02:37:44Z,DAL89,"64.763718,174.353027",38000,489,269
1567737525,2019-09-06T02:38:45Z,DAL89,"64.761154,174.031021",38000,492,268
1567737587,2019-09-06T02:39:47Z,DAL89,"64.757889,173.703461",38000,491,268
1567737648,2019-09-06T02:40:48Z,DAL89,"64.75383,173.37558",38000,489,268
1567737710,2019-09-06T02:41:50Z,DAL89,"64.749115,173.048401",38000,485,267
1567737773,2019-09-06T02:42:53Z,DAL89,"64.743668,172.72464",38000,486,267
1567737835,2019-09-06T02:43:55Z,DAL89,"64.737396,172.399658",38000,488,267
1567737895,2019-09-06T02:44:55Z,DAL89,"64.730438,172.077423",38000,487,266
1567737957,2019-09-06T02:45:57Z,DAL89,"64.722702,171.75267",38000,487,266
1567738019,2019-09-06T02:46:59Z,DAL89,"64.714279,171.429123",38000,483,266
1567745014,2019-09-06T04:43:34Z,DAL89,"62.700531,136.476334",40000,478,239
1567745076,2019-09-06T04:44:36Z,DAL89,"62.630032,136.21991",40000,471,238
1567745144,2019-09-06T04:45:44Z,DAL89,"62.552582,135.943298",40000,473,238
1567745208,2019-09-06T04:46:48Z,DAL89,"62.481388,135.691605",40000,476,238
1567745270,2019-09-06T04:47:50Z,DAL89,"62.410351,135.44368",40000,477,238
1567745334,2019-09-06T04:48:54Z,DAL89,"62.335876,135.186264",40000,477,238
1567745393,2019-09-06T04:49:53Z,DAL89,"62.264225,134.941269",40000,476,237
1567745454,2019-09-06T04:50:54Z,DAL89,"62.192688,134.699509",40000,476,237
1567745517,2019-09-06T04:51:57Z,DAL89,"62.12117,134.458725",40000,477,237
1567745578,2019-09-06T04:52:58Z,DAL89,"62.046078,134.209091",40000,472,237
1567745642,2019-09-06T04:54:02Z,DAL89,"61.971954,133.965515",40000,469,236
1567745705,2019-09-06T04:55:05Z,DAL89,"61.898369,133.725784",40000,469,236
1567745767,2019-09-06T04:56:07Z,DAL89,"61.822311,133.488007",40000,470,233
1567745830,2019-09-06T04:57:10Z,DAL89,"61.741699,133.255234",40000,467,234
1567745894,2019-09-06T04:58:14Z,DAL89,"61.662369,133.023926",40000,465,234
1567745957,2019-09-06T04:59:17Z,DAL89,"61.581581,132.791336",40000,467,233
1567746019,2019-09-06T05:00:19Z,DAL89,"61.502609,132.565842",40000,469,233
1567746082,2019-09-06T05:01:22Z,DAL89,"61.421677,132.33699",40000,467,233
1567746145,2019-09-06T05:02:25Z,DAL89,"61.340424,132.109818",40000,463,233
1567746208,2019-09-06T05:03:28Z,DAL89,"61.260406,131.888031",40000,462,233
1567746272,2019-09-06T05:04:32Z,DAL89,"61.178879,131.664368",40000,463,232
1567746334,2019-09-06T05:05:34Z,DAL89,"61.097393,131.443069",40000,461,232
1567746396,2019-09-06T05:06:36Z,DAL89,"61.018158,131.229797",40000,460,232
1567746457,2019-09-06T05:07:37Z,DAL89,"60.938416,131.017059",40000,462,232
1567746518,2019-09-06T05:08:38Z,DAL89,"60.859463,130.808319",40000,459,232
1567746580,2019-09-06T05:09:40Z,DAL89,"60.777622,130.594086",40000,455,232
1567746644,2019-09-06T05:10:44Z,DAL89,"60.696018,130.380844",40000,455,232
1567746950,2019-09-06T05:15:50Z,DAL89,"60.300934,129.34317",40000,461,231
1567747286,2019-09-06T05:21:26Z,DAL89,"59.866692,128.255905",40000,443,231
1567747351,2019-09-06T05:22:31Z,DAL89,"59.783432,128.05307",40000,444,230
1567747412,2019-09-06T05:23:32Z,DAL89,"59.700943,127.854034",40000,441,230
1567747476,2019-09-06T05:24:36Z,DAL89,"59.621613,127.664062",40000,437,230
1567747534,2019-09-06T05:25:34Z,DAL89,"59.544205,127.480774",40000,437,230
1567747597,2019-09-06T05:26:37Z,DAL89,"59.465103,127.294922",40000,435,230
1567747656,2019-09-06T05:27:36Z,DAL89,"59.386364,127.111534",40000,434,229
1567747719,2019-09-06T05:28:39Z,DAL89,"59.307175,126.928345",40000,432,229
1567747781,2019-09-06T05:29:41Z,DAL89,"59.225246,126.740364",40000,433,229
1567747843,2019-09-06T05:30:43Z,DAL89,"59.145721,126.559296",40000,431,229
1567747904,2019-09-06T05:31:44Z,DAL89,"59.066757,126.380493",40000,430,229
1567747965,2019-09-06T05:32:45Z,DAL89,"58.987877,126.203362",40000,430,229
1567748025,2019-09-06T05:33:45Z,DAL89,"58.908966,126.027557",40000,428,228
1567748086,2019-09-06T05:34:46Z,DAL89,"58.830276,125.853615",40000,428,228
1567748147,2019-09-06T05:35:47Z,DAL89,"58.750763,125.679077",40000,427,228
1567748207,2019-09-06T05:36:47Z,DAL89,"58.672112,125.507904",40000,425,228
1567748271,2019-09-06T05:37:51Z,DAL89,"58.58226,125.338058",40000,430,217
1567748333,2019-09-06T05:38:53Z,DAL89,"58.48233,125.203476",40000,430,215
1567748399,2019-09-06T05:39:59Z,DAL89,"58.37883,125.064636",40000,429,214
1567748460,2019-09-06T05:41:00Z,DAL89,"58.274826,124.926689",40000,430,214
1567748521,2019-09-06T05:42:01Z,DAL89,"58.176052,124.796814",40000,430,214
1567748586,2019-09-06T05:43:06Z,DAL89,"58.070797,124.659943",40000,431,214
1567748646,2019-09-06T05:44:06Z,DAL89,"57.97155,124.531494",40000,430,214
1567748707,2019-09-06T05:45:07Z,DAL89,"57.871506,124.403137",40000,431,214
1567748768,2019-09-06T05:46:08Z,DAL89,"57.771328,124.27533",40000,432,214
1567748830,2019-09-06T05:47:10Z,DAL89,"57.670448,124.147545",40000,435,213
1567748890,2019-09-06T05:48:10Z,DAL89,"57.569138,124.020111",40000,435,213
1567748951,2019-09-06T05:49:11Z,DAL89,"57.468063,123.893852",40000,433,213
1567749013,2019-09-06T05:50:13Z,DAL89,"57.365112,123.765961",40000,436,213
1567749073,2019-09-06T05:51:13Z,DAL89,"57.26358,123.640755",40000,436,213
1567749134,2019-09-06T05:52:14Z,DAL89,"57.160748,123.514946",40000,435,213
1567749194,2019-09-06T05:53:14Z,DAL89,"57.058731,123.3908",40000,438,213
1567749256,2019-09-06T05:54:16Z,DAL89,"56.956009,123.266602",40000,439,213
1567749317,2019-09-06T05:55:17Z,DAL89,"56.853195,123.143089",40000,438,213
1567749378,2019-09-06T05:56:18Z,DAL89,"56.749271,123.019058",40000,440,213
1567749439,2019-09-06T05:57:19Z,DAL89,"56.645882,122.896431",40000,440,213
1567749500,2019-09-06T05:58:20Z,DAL89,"56.541649,122.773849",40000,443,213
1567749561,2019-09-06T05:59:21Z,DAL89,"56.436211,122.650513",40000,445,212
1567749623,2019-09-06T06:00:23Z,DAL89,"56.331608,122.528885",40000,443,212
1567749682,2019-09-06T06:01:22Z,DAL89,"56.226151,122.407089",40000,446,212
1567749745,2019-09-06T06:02:25Z,DAL89,"56.11908,122.284325",40000,449,212
1567749805,2019-09-06T06:03:25Z,DAL89,"56.012585,122.163078",40000,449,212
1567749867,2019-09-06T06:04:27Z,DAL89,"55.905121,122.041374",40000,449,212
1567749928,2019-09-06T06:05:28Z,DAL89,"55.797501,121.920441",40000,450,212
1567749988,2019-09-06T06:06:28Z,DAL89,"55.689789,121.800186",40000,448,212
1567750053,2019-09-06T06:07:33Z,DAL89,"55.583092,121.680969",40000,446,212
1567750113,2019-09-06T06:08:33Z,DAL89,"55.475418,121.561829",40000,447,212
1567750173,2019-09-06T06:09:33Z,DAL89,"55.368488,121.444122",40000,446,211
1567750234,2019-09-06T06:10:34Z,DAL89,"55.261322,121.32711",40000,445,211
1567750297,2019-09-06T06:11:37Z,DAL89,"55.153748,121.21022",40000,445,211
1567750357,2019-09-06T06:12:37Z,DAL89,"55.046906,121.094864",40000,449,211
1567750420,2019-09-06T06:13:40Z,DAL89,"54.937408,120.977486",40000,449,211
1567750449,2019-09-06T06:14:09Z,DAL89,"54.885925,120.922516",40000,446,211
1567750539,2019-09-06T06:15:39Z,DAL89,"54.727741,120.754646",40000,447,211
1567751309,2019-09-06T06:28:29Z,DAL89,"53.373779,119.344643",40000,434,212
1567751371,2019-09-06T06:29:31Z,DAL89,"53.267956,119.233086",40000,435,212
1567751432,2019-09-06T06:30:32Z,DAL89,"53.162933,119.123062",40000,439,212
1567751494,2019-09-06T06:31:34Z,DAL89,"53.054234,119.010025",40000,442,211
1567751556,2019-09-06T06:32:36Z,DAL89,"52.947418,118.899307",40000,439,211
1567751618,2019-09-06T06:33:38Z,DAL89,"52.841911,118.790695",40000,435,212
1567751680,2019-09-06T06:34:40Z,DAL89,"52.73484,118.681221",40000,440,211
1567751741,2019-09-06T06:35:41Z,DAL89,"52.627399,118.572067",40000,441,211
1567751805,2019-09-06T06:36:45Z,DAL89,"52.520828,118.464355",40000,436,211
1567751866,2019-09-06T06:37:46Z,DAL89,"52.415771,118.358688",40000,435,211
1567751928,2019-09-06T06:38:48Z,DAL89,"52.30925,118.252258",40000,434,211
1567751989,2019-09-06T06:39:49Z,DAL89,"52.202328,118.145714",40000,434,211
1567752053,2019-09-06T06:40:53Z,DAL89,"52.095062,118.039398",40000,436,211
1567752115,2019-09-06T06:41:55Z,DAL89,"51.987717,117.93335",40000,441,211
1567752178,2019-09-06T06:42:58Z,DAL89,"51.877068,117.82486",40000,442,211
1567752240,2019-09-06T06:44:00Z,DAL89,"51.767487,117.717972",40000,440,211
1567752305,2019-09-06T06:45:05Z,DAL89,"51.657944,117.611763",40000,440,211
1567754810,2019-09-06T07:26:50Z,DAL89,"46.914692,114.230133",39100,478,198
1567754831,2019-09-06T07:27:11Z,DAL89,"46.870056,114.208786",39100,479,198
1567754905,2019-09-06T07:28:25Z,DAL89,"46.710564,114.132774",39100,481,198
1567754996,2019-09-06T07:29:56Z,DAL89,"46.519089,114.042305",39100,483,198
1567755057,2019-09-06T07:30:57Z,DAL89,"46.388992,113.981148",39100,484,198
1567755126,2019-09-06T07:32:06Z,DAL89,"46.243877,113.913185",39100,487,197
1567755196,2019-09-06T07:33:16Z,DAL89,"46.094303,113.843628",39100,489,197
1567755214,2019-09-06T07:33:34Z,DAL89,"46.049381,113.822754",39100,489,197
1567755303,2019-09-06T07:35:03Z,DAL89,"45.86055,113.735626",39100,488,197
1567755367,2019-09-06T07:36:07Z,DAL89,"45.724541,113.673203",39100,490,197
1567755424,2019-09-06T07:37:04Z,DAL89,"45.604107,113.618202",39100,490,197
1567755488,2019-09-06T07:38:08Z,DAL89,"45.460869,113.553146",39100,493,197
1567755546,2019-09-06T07:39:06Z,DAL89,"45.335407,113.496407",39100,494,197
1567755613,2019-09-06T07:40:13Z,DAL89,"45.192398,113.432076",39100,493,197
1567755678,2019-09-06T07:41:18Z,DAL89,"45.046692,113.366936",39100,494,197
1567755719,2019-09-06T07:41:59Z,DAL89,"44.959824,113.333488",39100,501,187
1567755725,2019-09-06T07:42:05Z,DAL89,"44.947266,113.331627",39100,503,184
1567755731,2019-09-06T07:42:11Z,DAL89,"44.931847,113.330673",39100,505,180
1567755737,2019-09-06T07:42:17Z,DAL89,"44.917419,113.331039",39100,506,177
1567755744,2019-09-06T07:42:24Z,DAL89,"44.903217,113.332619",39100,508,174
1567755753,2019-09-06T07:42:33Z,DAL89,"44.882549,113.336967",39100,509,169
1567755761,2019-09-06T07:42:41Z,DAL89,"44.861755,113.343727",39100,511,165
1567755767,2019-09-06T07:42:47Z,DAL89,"44.846935,113.350166",39125,512,161
1567755774,2019-09-06T07:42:54Z,DAL89,"44.828548,113.360016",39100,513,157
1567755785,2019-09-06T07:43:05Z,DAL89,"44.813004,113.370079",39125,513,153
1567755794,2019-09-06T07:43:14Z,DAL89,"44.789429,113.388977",39100,514,147
1567755800,2019-09-06T07:43:20Z,DAL89,"44.778271,113.399605",39125,514,144
1567755807,2019-09-06T07:43:27Z,DAL89,"44.765442,113.413368",39125,514,141
1567755817,2019-09-06T07:43:37Z,DAL89,"44.749374,113.43338",39125,514,136
1567755827,2019-09-06T07:43:47Z,DAL89,"44.731522,113.460258",39125,513,130
1567755833,2019-09-06T07:43:53Z,DAL89,"44.721756,113.477516",39125,512,127
1567755845,2019-09-06T07:44:05Z,DAL89,"44.70607,113.510674",39125,511,120
1567755854,2019-09-06T07:44:14Z,DAL89,"44.698715,113.529503",39125,510,117
1567755860,2019-09-06T07:44:20Z,DAL89,"44.690506,113.554489",39125,510,113
1567755867,2019-09-06T07:44:27Z,DAL89,"44.684921,113.573524",39125,509,111
1567755929,2019-09-06T07:45:29Z,DAL89,"44.627151,113.760681",39100,507,113
1567755992,2019-09-06T07:46:32Z,DAL89,"44.567062,113.953476",39100,510,113
1567756047,2019-09-06T07:47:27Z,DAL89,"44.515392,114.118805",39100,509,113
1567756087,2019-09-06T07:48:07Z,DAL89,"44.47694,114.241333",39100,508,113
1567756179,2019-09-06T07:49:39Z,DAL89,"44.390121,114.515335",39100,502,113
1567756185,2019-09-06T07:49:45Z,DAL89,"44.384308,114.533516",39075,502,113
1567756276,2019-09-06T07:51:16Z,DAL89,"44.299301,114.79882",38025,491,114
1567757870,2019-09-06T08:17:50Z,DAL89,"41.254501,116.858391",37100,481,158
1567757891,2019-09-06T08:18:11Z,DAL89,"41.210556,116.874245",37100,474,172
1567757900,2019-09-06T08:18:20Z,DAL89,"41.190674,116.87677",37100,472,175
1567757906,2019-09-06T08:18:26Z,DAL89,"41.177082,116.878113",37100,473,176
1567757912,2019-09-06T08:18:32Z,DAL89,"41.164536,116.879272",37100,473,175
1567757977,2019-09-06T08:19:37Z,DAL89,"41.025043,116.888725",37100,474,178
1567758036,2019-09-06T08:20:36Z,DAL89,"40.893162,116.895218",37125,477,177
1567758101,2019-09-06T08:21:41Z,DAL89,"40.751736,116.903206",37100,479,177
1567758160,2019-09-06T08:22:40Z,DAL89,"40.61911,116.910637",37100,477,177
1567758224,2019-09-06T08:23:44Z,DAL89,"40.478985,116.918373",37100,476,177
1567758287,2019-09-06T08:24:47Z,DAL89,"40.339748,116.926056",37100,475,177
1567758350,2019-09-06T08:25:50Z,DAL89,"40.20554,116.933479",37100,478,177
1567758415,2019-09-06T08:26:55Z,DAL89,"40.060249,116.941414",37100,481,177
1567758478,2019-09-06T08:27:58Z,DAL89,"39.917175,116.949287",37100,483,177
1567758541,2019-09-06T08:29:01Z,DAL89,"39.776688,116.956924",37100,482,177
1567758604,2019-09-06T08:30:04Z,DAL89,"39.635147,116.964569",37100,480,177
1567758664,2019-09-06T08:31:04Z,DAL89,"39.502506,116.971741",37100,478,177
1567758730,2019-09-06T08:32:10Z,DAL89,"39.362106,116.979309",37100,474,177
1567758788,2019-09-06T08:33:08Z,DAL89,"39.22998,116.986183",37100,471,178
1567758852,2019-09-06T08:34:12Z,DAL89,"39.093033,116.968994",37100,467,191
1567758913,2019-09-06T08:35:13Z,DAL89,"38.96727,116.919312",37100,465,199
1567758931,2019-09-06T08:35:31Z,DAL89,"38.932388,116.904022",37100,464,198
1567759093,2019-09-06T08:38:13Z,DAL89,"38.604446,116.760727",37100,457,198
1567759154,2019-09-06T08:39:14Z,DAL89,"38.483105,116.707947",37100,457,198
1567759215,2019-09-06T08:40:15Z,DAL89,"38.357601,116.670387",37100,462,187
1567759263,2019-09-06T08:41:03Z,DAL89,"38.253845,116.665047",37100,470,178
1567759313,2019-09-06T08:41:53Z,DAL89,"38.253845,116.665047",37125,476,171
1567759355,2019-09-06T08:42:35Z,DAL89,"38.053207,116.716293",37100,479,162
1567759443,2019-09-06T08:44:03Z,DAL89,"37.868591,116.785721",37100,474,163
1567759505,2019-09-06T08:45:05Z,DAL89,"37.737396,116.835274",37100,472,163
1567759570,2019-09-06T08:46:10Z,DAL89,"37.602943,116.885696",37100,472,163
1567759632,2019-09-06T08:47:12Z,DAL89,"37.471436,116.934914",37100,474,163
1567759695,2019-09-06T08:48:15Z,DAL89,"37.343445,116.982658",37100,473,163
1567759756,2019-09-06T08:49:16Z,DAL89,"37.211838,117.03981",37100,478,159
1567759819,2019-09-06T08:50:19Z,DAL89,"37.080395,117.1007",37100,479,159
1567759883,2019-09-06T08:51:23Z,DAL89,"36.949539,117.161362",37100,477,159
1567759942,2019-09-06T08:52:22Z,DAL89,"36.824341,117.217369",37100,477,163
1567760007,2019-09-06T08:53:27Z,DAL89,"36.688145,117.258308",37100,477,166
1567760069,2019-09-06T08:54:29Z,DAL89,"36.55307,117.298965",37100,477,166
1567760132,2019-09-06T08:55:32Z,DAL89,"36.416245,117.339706",37100,478,166
1567760194,2019-09-06T08:56:34Z,DAL89,"36.286911,117.378105",37100,474,166
1567760256,2019-09-06T08:57:36Z,DAL89,"36.152328,117.417839",37100,474,166
1567760319,2019-09-06T08:58:39Z,DAL89,"36.017467,117.45752",37100,473,166
1567760383,2019-09-06T08:59:43Z,DAL89,"35.881943,117.497345",37100,474,166
1567760444,2019-09-06T09:00:44Z,DAL89,"35.753098,117.535011",37100,474,166
1567760506,2019-09-06T09:01:46Z,DAL89,"35.618637,117.574249",37100,472,166
1567760569,2019-09-06T09:02:49Z,DAL89,"35.484398,117.613197",37100,469,166
1567760632,2019-09-06T09:03:52Z,DAL89,"35.351761,117.651672",37100,466,166
1567760695,2019-09-06T09:04:55Z,DAL89,"35.217682,117.690369",37100,468,166
1567760756,2019-09-06T09:05:56Z,DAL89,"35.090191,117.726974",37100,471,166
1567760820,2019-09-06T09:07:00Z,DAL89,"34.957054,117.765137",37100,469,166
1567760882,2019-09-06T09:08:02Z,DAL89,"34.82428,117.803261",37100,466,165
1567760945,2019-09-06T09:09:05Z,DAL89,"34.692947,117.850456",37100,467,163
1567760999,2019-09-06T09:09:59Z,DAL89,"34.579147,117.886887",37100,464,174
1567761007,2019-09-06T09:10:07Z,DAL89,"34.562164,117.888008",37100,463,178
1567761015,2019-09-06T09:10:15Z,DAL89,"34.547626,117.888046",37100,463,180
1567761021,2019-09-06T09:10:21Z,DAL89,"34.534267,117.887939",37100,462,180
1567761082,2019-09-06T09:11:22Z,DAL89,"34.407761,117.896301",37100,460,171
1567761144,2019-09-06T09:12:24Z,DAL89,"34.275604,117.937057",37100,461,163
1567761208,2019-09-06T09:13:28Z,DAL89,"34.146065,117.983551",37100,460,163
1567761271,2019-09-06T09:14:31Z,DAL89,"34.01963,118.029671",37100,460,163
1567761332,2019-09-06T09:15:32Z,DAL89,"33.889297,118.077522",37100,459,162
1567761393,2019-09-06T09:16:33Z,DAL89,"33.771515,118.135483",37100,464,151
1567761457,2019-09-06T09:17:37Z,DAL89,"33.65712,118.225952",37100,462,145
1567761512,2019-09-06T09:18:32Z,DAL89,"33.561859,118.30426",37100,460,145
1567761602,2019-09-06T09:20:02Z,DAL89,"33.403336,118.435143",37125,457,145
1567761662,2019-09-06T09:21:02Z,DAL89,"33.298874,118.521164",37100,455,145
1567761722,2019-09-06T09:22:02Z,DAL89,"33.194447,118.606827",37100,454,145
1567761790,2019-09-06T09:23:10Z,DAL89,"33.076355,118.704475",37100,453,145
1567761811,2019-09-06T09:23:31Z,DAL89,"33.042778,118.732277",37100,452,145
1567761898,2019-09-06T09:24:58Z,DAL89,"32.890961,118.857513",35775,451,145
1567761961,2019-09-06T09:26:01Z,DAL89,"32.784878,118.944824",34750,456,144
1567761977,2019-09-06T09:26:17Z,DAL89,"32.755188,118.969574",34475,458,144
1567762066,2019-09-06T09:27:46Z,DAL89,"32.603989,119.095314",33125,463,144
1567762129,2019-09-06T09:28:49Z,DAL89,"32.489594,119.18985",33100,463,145
1567762194,2019-09-06T09:29:54Z,DAL89,"32.378384,119.281479",33100,463,145
1567762256,2019-09-06T09:30:56Z,DAL89,"32.268356,119.37178",33100,466,145
1567762292,2019-09-06T09:31:32Z,DAL89,"32.205185,119.427376",32800,468,135
1567762299,2019-09-06T09:31:39Z,DAL89,"32.195755,119.439346",32700,468,130
1567762305,2019-09-06T09:31:45Z,DAL89,"32.187698,119.451103",32625,468,127
1567762313,2019-09-06T09:31:53Z,DAL89,"32.175842,119.469673",32475,466,126
1567762319,2019-09-06T09:31:59Z,DAL89,"32.167969,119.481979",32375,464,127
1567762382,2019-09-06T09:33:02Z,DAL89,"32.084381,119.60453",31350,459,128
1567762444,2019-09-06T09:34:04Z,DAL89,"31.999649,119.728012",31100,458,128
1567762508,2019-09-06T09:35:08Z,DAL89,"31.915329,119.850693",30075,459,128
1567762572,2019-09-06T09:36:12Z,DAL89,"31.831583,119.972107",27975,457,128
1567762635,2019-09-06T09:37:15Z,DAL89,"31.74646,120.095215",25350,459,128
1567762699,2019-09-06T09:38:19Z,DAL89,"31.662039,120.216797",22850,458,129
1567762754,2019-09-06T09:39:14Z,DAL89,"31.58844,120.327438",20650,451,118
1567762760,2019-09-06T09:39:20Z,DAL89,"31.583179,120.340446",20500,446,113
1567762767,2019-09-06T09:39:27Z,DAL89,"31.578989,120.353798",20400,443,109
1567762775,2019-09-06T09:39:35Z,DAL89,"31.573124,120.375221",20200,437,107
1567762781,2019-09-06T09:39:41Z,DAL89,"31.571136,120.382584",20125,436,107
1567762844,2019-09-06T09:40:44Z,DAL89,"31.530258,120.520615",18900,429,109
1567762905,2019-09-06T09:41:45Z,DAL89,"31.488585,120.658615",17650,418,109
1567762940,2019-09-06T09:42:20Z,DAL89,"31.467453,120.729027",17025,413,109
1567762972,2019-09-06T09:42:52Z,DAL89,"31.447311,120.795807",16425,401,109
1567763004,2019-09-06T09:43:24Z,DAL89,"31.426579,120.864334",15800,397,109
1567763037,2019-09-06T09:43:57Z,DAL89,"31.406467,120.930801",14775,390,109
1567763069,2019-09-06T09:44:29Z,DAL89,"31.386776,120.995125",13875,388,109
1567763107,2019-09-06T09:45:07Z,DAL89,"31.364639,121.067993",13800,387,109
1567763126,2019-09-06T09:45:26Z,DAL89,"31.350698,121.106796",13800,391,120
1567763135,2019-09-06T09:45:35Z,DAL89,"31.343536,121.118507",13800,392,129
1567763143,2019-09-06T09:45:43Z,DAL89,"31.332596,121.131432",13800,392,137
1567763152,2019-09-06T09:45:52Z,DAL89,"31.320053,121.143387",13800,394,141
1567763160,2019-09-06T09:46:00Z,DAL89,"31.306595,121.155991",13800,393,141
1567763197,2019-09-06T09:46:37Z,DAL89,"31.256802,121.206062",13800,391,138
1567763229,2019-09-06T09:47:09Z,DAL89,"31.211472,121.252495",13800,395,138
1567763262,2019-09-06T09:47:42Z,DAL89,"31.168579,121.296066",13750,396,138
1567763295,2019-09-06T09:48:15Z,DAL89,"31.122871,121.347183",12775,386,125
1567763302,2019-09-06T09:48:22Z,DAL89,"31.11817,121.356079",12650,383,120
1567763308,2019-09-06T09:48:28Z,DAL89,"31.112732,121.369415",12450,379,112
1567763317,2019-09-06T09:48:37Z,DAL89,"31.107056,121.386864",12200,374,110
1567763327,2019-09-06T09:48:47Z,DAL89,"31.10141,121.404037",11925,373,111
1567763337,2019-09-06T09:48:57Z,DAL89,"31.093822,121.425896",11550,372,112
1567763350,2019-09-06T09:49:10Z,DAL89,"31.086411,121.44632",11300,367,112
1567763364,2019-09-06T09:49:24Z,DAL89,"31.077995,121.469131",11100,346,113
1567763375,2019-09-06T09:49:35Z,DAL89,"31.071058,121.487862",10900,334,113
1567763387,2019-09-06T09:49:47Z,DAL89,"31.063385,121.508629",10675,317,113
1567763397,2019-09-06T09:49:57Z,DAL89,"31.057232,121.525436",10475,302,112
1567763411,2019-09-06T09:50:11Z,DAL89,"31.050339,121.544495",10275,287,112
1567763436,2019-09-06T09:50:36Z,DAL89,"31.037169,121.581245",9675,275,112
1567763448,2019-09-06T09:50:48Z,DAL89,"31.031721,121.596458",9350,273,112
1567763460,2019-09-06T09:51:00Z,DAL89,"31.025436,121.614037",8950,272,112
1567763474,2019-09-06T09:51:14Z,DAL89,"31.019714,121.629906",8650,274,112
1567763486,2019-09-06T09:51:26Z,DAL89,"31.013752,121.6465",8475,272,112
1567763497,2019-09-06T09:51:37Z,DAL89,"31.007904,121.662865",8325,269,112
1567763508,2019-09-06T09:51:48Z,DAL89,"31.002207,121.678581",8150,268,112
1567763520,2019-09-06T09:52:00Z,DAL89,"30.996807,121.693527",7950,266,112
1567763541,2019-09-06T09:52:21Z,DAL89,"30.985262,121.720993",7500,271,117
1567763579,2019-09-06T09:52:59Z,DAL89,"30.942673,121.744675",6825,273,165
1567763649,2019-09-06T09:54:09Z,DAL89,"30.865204,121.772018",5825,240,162
1567763747,2019-09-06T09:55:47Z,DAL89,"30.768282,121.816574",5150,212,118
1567763762,2019-09-06T09:56:02Z,DAL89,"30.765793,121.832565",4900,192,89
1567763768,2019-09-06T09:56:08Z,DAL89,"30.766068,121.838974",4800,189,86
1567763780,2019-09-06T09:56:20Z,DAL89,"30.766891,121.851143",4600,187,85
1567763824,2019-09-06T09:57:04Z,DAL89,"30.787695,121.876503",4325,160,17
1567763831,2019-09-06T09:57:11Z,DAL89,"30.793442,121.878555",4325,159,17
1567763838,2019-09-06T09:57:18Z,DAL89,"30.798403,121.880348",4300,159,17
1567763848,2019-09-06T09:57:28Z,DAL89,"30.805481,121.882866",4300,156,17
1567763859,2019-09-06T09:57:39Z,DAL89,"30.812302,121.885231",4300,154,16
1567763868,2019-09-06T09:57:48Z,DAL89,"30.819489,121.887711",4300,154,16
1567763879,2019-09-06T09:57:59Z,DAL89,"30.826492,121.890022",4300,155,16
1567763886,2019-09-06T09:58:06Z,DAL89,"30.831436,121.89164",4325,156,15
1567763900,2019-09-06T09:58:20Z,DAL89,"30.840363,121.894653",4325,156,15
1567763909,2019-09-06T09:58:29Z,DAL89,"30.847733,121.896324",4325,154,5
1567763917,2019-09-06T09:58:37Z,DAL89,"30.853226,121.896111",4300,155,354
1567763924,2019-09-06T09:58:44Z,DAL89,"30.858408,121.894958",4325,158,346
1567763935,2019-09-06T09:58:55Z,DAL89,"30.865631,121.892502",4325,158,342
1567763944,2019-09-06T09:59:04Z,DAL89,"30.872419,121.889847",4325,158,341
1567763954,2019-09-06T09:59:14Z,DAL89,"30.879593,121.887062",4325,159,341
1567763963,2019-09-06T09:59:23Z,DAL89,"30.885773,121.884697",4325,160,341
1567763975,2019-09-06T09:59:35Z,DAL89,"30.893738,121.881729",4325,158,342
1567763984,2019-09-06T09:59:44Z,DAL89,"30.900696,121.87915",4325,158,342
1567763995,2019-09-06T09:59:55Z,DAL89,"30.908066,121.876343",4300,158,342
1567764003,2019-09-06T10:00:03Z,DAL89,"30.914038,121.874138",4325,158,342
1567764014,2019-09-06T10:00:14Z,DAL89,"30.921478,121.871338",4325,158,342
1567764024,2019-09-06T10:00:24Z,DAL89,"30.928757,121.868645",4300,158,342
1567764035,2019-09-06T10:00:35Z,DAL89,"30.936447,121.865738",4175,160,341
1567764044,2019-09-06T10:00:44Z,DAL89,"30.942062,121.863594",4075,159,341
1567764056,2019-09-06T10:00:56Z,DAL89,"30.9505,121.860405",3900,154,342
1567764065,2019-09-06T10:01:05Z,DAL89,"30.957285,121.85788",3750,152,342
1567764075,2019-09-06T10:01:15Z,DAL89,"30.964035,121.855354",3625,151,341
1567764087,2019-09-06T10:01:27Z,DAL89,"30.9711,121.852654",3475,149,341
1567764096,2019-09-06T10:01:36Z,DAL89,"30.97728,121.850334",3350,150,341
1567764106,2019-09-06T10:01:46Z,DAL89,"30.984146,121.847771",3225,158,342
1567764121,2019-09-06T10:02:01Z,DAL89,"30.995132,121.843651",3025,160,341
1567764130,2019-09-06T10:02:10Z,DAL89,"31.001266,121.841232",2875,153,341
1567764146,2019-09-06T10:02:26Z,DAL89,"31.011658,121.837334",2675,135,342
1567764153,2019-09-06T10:02:33Z,DAL89,"31.015549,121.835899",2600,132,342
1567764197,2019-09-06T10:03:17Z,DAL89,"31.038425,121.827339",2175,113,342
1567764207,2019-09-06T10:03:27Z,DAL89,"31.043173,121.825523",2100,116,342
1567764242,2019-09-06T10:04:02Z,DAL89,"31.060398,121.818985",1750,111,342
1567764248,2019-09-06T10:04:08Z,DAL89,"31.064072,121.817642",1675,111,341
1567764264,2019-09-06T10:04:24Z,DAL89,"31.071245,121.814926",1550,114,342
