index,year,type,population,employer,department,position,overtime,wages,benefits,employercounty,basewages,adjusted_overtime,adjusted_wages,adjusted_benefits,adjusted_basewages,employerfull
1041068,2018,CITY,87180.0,NEWPORT BEACH,FIRE,FIRE ASSISTANT CHIEF,7643.0,217064.0,58847.0,ORANGE,209421.0,7643.0,217064.0,58847.0,209421.0,NEWPORT_BEACH_CITY
1041069,2018,CITY,87180.0,NEWPORT BEACH,FIRE,FIRE BATTALION CHIEF,30762.0,247207.0,42548.0,ORANGE,216445.0,30762.0,247207.0,42548.0,216445.0,NEWPORT_BEACH_CITY
1041070,2018,CITY,87180.0,NEWPORT BEACH,FIRE,FIRE BATTALION CHIEF,38368.0,233641.0,40459.0,ORANGE,195273.0,38368.0,233641.0,40459.0,195273.0,NEWPORT_BEACH_CITY
1041071,2018,CITY,87180.0,NEWPORT BEACH,FIRE,FIRE BATTALION CHIEF,44341.0,235452.0,54913.0,ORANGE,191111.0,44341.0,235452.0,54913.0,191111.0,NEWPORT_BEACH_CITY
1041073,2018,CITY,87180.0,NEWPORT BEACH,FIRE,FIRE CAPTAIN 112 HRS,4784.0,150931.0,32929.0,ORANGE,146147.0,4784.0,150931.0,32929.0,146147.0,NEWPORT_BEACH_CITY
1041074,2018,CITY,87180.0,NEWPORT BEACH,FIRE,FIRE CAPTAIN 112 HRS,9170.0,159419.0,44889.0,ORANGE,150249.0,9170.0,159419.0,44889.0,150249.0,NEWPORT_BEACH_CITY
1041075,2018,CITY,87180.0,NEWPORT BEACH,FIRE,FIRE CAPTAIN 112 HRS,15561.0,75804.0,48324.0,ORANGE,60243.0,15561.0,75804.0,48324.0,60243.0,NEWPORT_BEACH_CITY
1041076,2018,CITY,87180.0,NEWPORT BEACH,FIRE,FIRE CAPTAIN 112 HRS,17727.0,157644.0,47691.0,ORANGE,139917.0,17727.0,157644.0,47691.0,139917.0,NEWPORT_BEACH_CITY
1041077,2018,CITY,87180.0,NEWPORT BEACH,FIRE,FIRE CAPTAIN 112 HRS,32041.0,184299.0,34281.0,ORANGE,152258.0,32041.0,184299.0,34281.0,152258.0,NEWPORT_BEACH_CITY
1041078,2018,CITY,87180.0,NEWPORT BEACH,FIRE,FIRE CAPTAIN 112 HRS,33498.0,131900.0,45375.0,ORANGE,98402.0,33498.0,131900.0,45375.0,98402.0,NEWPORT_BEACH_CITY
1041079,2018,CITY,87180.0,NEWPORT BEACH,FIRE,FIRE CAPTAIN 112 HRS,34944.0,170297.0,46957.0,ORANGE,135353.0,34944.0,170297.0,46957.0,135353.0,NEWPORT_BEACH_CITY
1041080,2018,CITY,87180.0,NEWPORT BEACH,FIRE,FIRE CAPTAIN 112 HRS,37521.0,179675.0,33616.0,ORANGE,142154.0,37521.0,179675.0,33616.0,142154.0,NEWPORT_BEACH_CITY
1041081,2018,CITY,87180.0,NEWPORT BEACH,FIRE,FIRE CAPTAIN 112 HRS,42651.0,172338.0,46471.0,ORANGE,129687.0,42651.0,172338.0,46471.0,129687.0,NEWPORT_BEACH_CITY
1041082,2018,CITY,87180.0,NEWPORT BEACH,FIRE,FIRE CAPTAIN 112 HRS,47271.0,175737.0,46363.0,ORANGE,128466.0,47271.0,175737.0,46363.0,128466.0,NEWPORT_BEACH_CITY
1041083,2018,CITY,87180.0,NEWPORT BEACH,FIRE,FIRE CAPTAIN 112 HRS,52598.0,199389.0,33224.0,ORANGE,146791.0,52598.0,199389.0,33224.0,146791.0,NEWPORT_BEACH_CITY
1041084,2018,CITY,87180.0,NEWPORT BEACH,FIRE,FIRE CAPTAIN 112 HRS,55119.0,199123.0,42108.0,ORANGE,144004.0,55119.0,199123.0,42108.0,144004.0,NEWPORT_BEACH_CITY
1041085,2018,CITY,87180.0,NEWPORT BEACH,FIRE,FIRE CAPTAIN 112 HRS,56934.0,188964.0,46357.0,ORANGE,132030.0,56934.0,188964.0,46357.0,132030.0,NEWPORT_BEACH_CITY
1041086,2018,CITY,87180.0,NEWPORT BEACH,FIRE,FIRE CAPTAIN 112 HRS,58145.0,187171.0,46594.0,ORANGE,129026.0,58145.0,187171.0,46594.0,129026.0,NEWPORT_BEACH_CITY
1041087,2018,CITY,87180.0,NEWPORT BEACH,FIRE,FIRE CAPTAIN 112 HRS,59600.0,202102.0,31979.0,ORANGE,142502.0,59600.0,202102.0,31979.0,142502.0,NEWPORT_BEACH_CITY
1041088,2018,CITY,87180.0,NEWPORT BEACH,FIRE,FIRE CAPTAIN 112 HRS,60399.0,204276.0,24925.0,ORANGE,143877.0,60399.0,204276.0,24925.0,143877.0,NEWPORT_BEACH_CITY
1041089,2018,CITY,87180.0,NEWPORT BEACH,FIRE,FIRE CAPTAIN 112 HRS,61161.0,191553.0,46364.0,ORANGE,130392.0,61161.0,191553.0,46364.0,130392.0,NEWPORT_BEACH_CITY
1041090,2018,CITY,87180.0,NEWPORT BEACH,FIRE,FIRE CAPTAIN 112 HRS,66807.0,201258.0,46276.0,ORANGE,134451.0,66807.0,201258.0,46276.0,134451.0,NEWPORT_BEACH_CITY
1041091,2018,CITY,87180.0,NEWPORT BEACH,FIRE,FIRE CAPTAIN 112 HRS,68495.0,215223.0,25545.0,ORANGE,146728.0,68495.0,215223.0,25545.0,146728.0,NEWPORT_BEACH_CITY
1041092,2018,CITY,87180.0,NEWPORT BEACH,FIRE,FIRE CAPTAIN 112 HRS,68690.0,150287.0,49943.0,ORANGE,81597.0,68690.0,150287.0,49943.0,81597.0,NEWPORT_BEACH_CITY
1041093,2018,CITY,87180.0,NEWPORT BEACH,FIRE,FIRE CAPTAIN 112 HRS,68911.0,195982.0,39315.0,ORANGE,127071.0,68910.99999999999,195982.0,39315.0,127071.0,NEWPORT_BEACH_CITY
1041094,2018,CITY,87180.0,NEWPORT BEACH,FIRE,FIRE CAPTAIN 112 HRS,72660.0,212901.0,47637.0,ORANGE,140241.0,72660.0,212901.0,47637.0,140241.0,NEWPORT_BEACH_CITY
1041095,2018,CITY,87180.0,NEWPORT BEACH,FIRE,FIRE CAPTAIN 112 HRS,81926.0,220510.0,47736.0,ORANGE,138584.0,81926.0,220510.0,47736.0,138584.0,NEWPORT_BEACH_CITY
1041096,2018,CITY,87180.0,NEWPORT BEACH,FIRE,FIRE CAPTAIN 112 HRS,83481.0,222089.0,44162.0,ORANGE,138608.0,83481.0,222089.0,44162.0,138608.0,NEWPORT_BEACH_CITY
1041097,2018,CITY,87180.0,NEWPORT BEACH,FIRE,FIRE CAPTAIN 112 HRS,86617.0,221466.0,46931.0,ORANGE,134849.0,86617.0,221466.0,46931.0,134849.0,NEWPORT_BEACH_CITY
1041098,2018,CITY,87180.0,NEWPORT BEACH,FIRE,FIRE CAPTAIN 112 HRS,89186.0,215835.0,46328.0,ORANGE,126649.0,89186.0,215835.0,46328.0,126649.0,NEWPORT_BEACH_CITY
1041099,2018,CITY,87180.0,NEWPORT BEACH,FIRE,FIRE CAPTAIN 112 HRS,90741.0,216884.0,45941.0,ORANGE,126143.0,90741.0,216884.0,45941.0,126143.0,NEWPORT_BEACH_CITY
1041100,2018,CITY,87180.0,NEWPORT BEACH,FIRE,FIRE CAPTAIN 112 HRS,92071.0,225490.0,47409.0,ORANGE,133419.0,92071.0,225490.0,47409.0,133419.0,NEWPORT_BEACH_CITY
1041101,2018,CITY,87180.0,NEWPORT BEACH,FIRE,FIRE CAPTAIN 112 HRS,108667.0,227278.0,44078.0,ORANGE,118611.0,108667.0,227278.0,44078.0,118611.0,NEWPORT_BEACH_CITY
1041102,2018,CITY,87180.0,NEWPORT BEACH,FIRE,FIRE CAPTAIN 112 HRS,146849.0,281788.0,47666.0,ORANGE,134939.0,146849.0,281788.0,47666.0,134939.0,NEWPORT_BEACH_CITY
1041103,2018,CITY,87180.0,NEWPORT BEACH,FIRE,FIRE CHIEF,0.0,261246.0,61840.0,ORANGE,261246.0,0.0,261246.0,61840.0,261246.0,NEWPORT_BEACH_CITY
1041186,2018,CITY,87180.0,NEWPORT BEACH,FIRE,FIREFIGHTER 112 HRS,1835.0,20230.0,5862.0,ORANGE,18395.0,1835.0,20230.0,5862.0,18395.0,NEWPORT_BEACH_CITY
1041196,2018,CITY,87180.0,NEWPORT BEACH,FIRE,LIFEGUARD BATTALION CHIEF,31805.0,165321.0,45570.0,ORANGE,133516.0,31805.0,165321.0,45570.0,133516.0,NEWPORT_BEACH_CITY
1041198,2018,CITY,87180.0,NEWPORT BEACH,FIRE,LIFEGUARD CAPTAIN,2628.0,119082.0,27762.0,ORANGE,116454.0,2628.0,119082.0,27762.0,116454.0,NEWPORT_BEACH_CITY
1041199,2018,CITY,87180.0,NEWPORT BEACH,FIRE,LIFEGUARD CAPTAIN,10567.0,110574.0,27647.0,ORANGE,100007.0,10566.999999999998,110574.0,27647.0,100007.0,NEWPORT_BEACH_CITY
1041200,2018,CITY,87180.0,NEWPORT BEACH,FIRE,LIFEGUARD CAPTAIN,15250.0,132085.0,29305.0,ORANGE,116835.0,15250.0,132085.0,29305.0,116835.0,NEWPORT_BEACH_CITY
1041201,2018,CITY,87180.0,NEWPORT BEACH,FIRE,LIFEGUARD CAPTAIN,16879.0,109072.0,23242.0,ORANGE,92193.0,16879.0,109072.0,23242.0,92193.0,NEWPORT_BEACH_CITY
1041202,2018,CITY,87180.0,NEWPORT BEACH,FIRE,LIFEGUARD CAPTAIN,18038.0,124241.0,17361.0,ORANGE,106203.0,18038.0,124241.0,17361.0,106203.0,NEWPORT_BEACH_CITY
1041203,2018,CITY,87180.0,NEWPORT BEACH,FIRE,LIFEGUARD CAPTAIN,19029.0,132545.0,40769.0,ORANGE,113516.0,19029.0,132545.0,40769.0,113516.0,NEWPORT_BEACH_CITY
1041204,2018,CITY,87180.0,NEWPORT BEACH,FIRE,LIFEGUARD CAPTAIN,20859.0,114592.0,23975.0,ORANGE,93733.0,20859.0,114592.0,23975.0,93733.0,NEWPORT_BEACH_CITY
1041205,2018,CITY,87180.0,NEWPORT BEACH,FIRE,LIFEGUARD CAPTAIN,23907.0,143748.0,24759.0,ORANGE,119841.0,23907.0,143748.0,24758.999999999996,119841.0,NEWPORT_BEACH_CITY
1607152,2013,CITY,86874.0,NEWPORT BEACH,FIRE - ADMINISTRATIVE,ADMIN ASST TO FIRE CHIEF,0.0,85626.0,20975.0,ORANGE,85626.0,0.0,92297.23932742953,22609.191073889175,92297.23932742953,NEWPORT_BEACH_CITY
1607154,2013,CITY,86874.0,NEWPORT BEACH,FIRE - ADMINISTRATIVE,FIRE CHIEF,0.0,236288.0,90683.0,ORANGE,236288.0,0.0,254697.52278746723,97748.23714676958,254697.52278746723,NEWPORT_BEACH_CITY
1607159,2013,CITY,86874.0,NEWPORT BEACH,FIRE - ALS,"ASSISTANT, DEPARTMENT",934.0,70547.0,18882.0,ORANGE,69613.0,1006.769223504767,76043.41371583597,20353.122567684164,75036.6444923312,NEWPORT_BEACH_CITY
1607161,2013,CITY,86874.0,NEWPORT BEACH,FIRE - LIFEGUARDS,"ASSISTANT, DEPARTMENT",814.0,71324.0,9977.0,ORANGE,70510.0,877.4198586005143,76880.95085359101,10754.321780414411,76003.53099499049,NEWPORT_BEACH_CITY
1607162,2013,CITY,86874.0,NEWPORT BEACH,FIRE - LIFEGUARDS,LG OPS ASSISTANT CHIEF,0.0,166751.0,55259.0,ORANGE,166751.0,0.0,179742.7995595754,59564.30462703417,179742.7995595754,NEWPORT_BEACH_CITY
1607164,2013,CITY,86874.0,NEWPORT BEACH,FIRE - LIFEGUARDS,LIFEGUARD BATTALION CHIEF,15405.0,127585.0,61210.0,ORANGE,112180.0,16605.224719583442,137525.3226775757,65978.95521491091,120920.09795799226,NEWPORT_BEACH_CITY
1607165,2013,CITY,86874.0,NEWPORT BEACH,FIRE - LIFEGUARDS,LIFEGUARD BATTALION CHIEF,23618.0,142671.0,63325.0,ORANGE,119053.0,25458.11083590534,153786.69366878865,68258.73777134836,128328.58283288333,NEWPORT_BEACH_CITY
1607166,2013,CITY,86874.0,NEWPORT BEACH,FIRE - LIFEGUARDS,LIFEGUARD CAPTAIN,6445.0,103455.0,49526.0,ORANGE,97010.0,6947.138806732573,111515.32121807887,53384.6387187335,104568.18241134631,NEWPORT_BEACH_CITY
1607167,2013,CITY,86874.0,NEWPORT BEACH,FIRE - LIFEGUARDS,LIFEGUARD CAPTAIN,9356.0,112104.0,54590.0,ORANGE,102748.0,10084.938817034905,120838.17669355289,58843.18191769297,110753.23787651797,NEWPORT_BEACH_CITY
1607168,2013,CITY,86874.0,NEWPORT BEACH,FIRE - LIFEGUARDS,LIFEGUARD CAPTAIN,7580.0,116272.0,45337.0,ORANGE,108692.0,8170.568216451964,125330.91130122726,48869.26797220088,117160.3430847753,NEWPORT_BEACH_CITY
1607169,2013,CITY,86874.0,NEWPORT BEACH,FIRE - LIFEGUARDS,LIFEGUARD CAPTAIN,6918.0,114286.0,45949.0,ORANGE,107368.0,7456.990886730169,123190.17931206188,49528.94973321257,115733.18842533171,NEWPORT_BEACH_CITY
1607170,2013,CITY,86874.0,NEWPORT BEACH,FIRE - LIFEGUARDS,LIFEGUARD CAPTAIN BOAT,253.0,113047.0,52548.0,ORANGE,112794.0,272.7115776731328,121854.64711942547,56642.08689157227,121581.93554175235,NEWPORT_BEACH_CITY
1607330,2013,CITY,86874.0,NEWPORT BEACH,FIRE - OPERATIONS,"ASSISTANT, DEPARTMENT",0.0,55975.0,27060.0,ORANGE,55975.0,0.0,60336.08917096288,29168.28178590899,60336.08917096288,NEWPORT_BEACH_CITY
1607331,2013,CITY,86874.0,NEWPORT BEACH,FIRE - OPERATIONS,FIRE ASSISTANT CHIEF,1861.0,225767.0,96147.0,ORANGE,223906.0,2005.9930673901192,243356.81721948687,103637.94489540988,241350.82415209676,NEWPORT_BEACH_CITY
1607332,2013,CITY,86874.0,NEWPORT BEACH,FIRE - OPERATIONS,FIRE BATT CHIEF 80 HRS,5581.0,192297.0,37642.0,ORANGE,186716.0,6015.823379421953,207279.12352494238,40574.73994771567,201263.30014552045,NEWPORT_BEACH_CITY
1607364,2013,CITY,86874.0,NEWPORT BEACH,FIRE - OPERATIONS,FIRE CAPTAIN + 7.5%,36310.0,166201.0,69784.0,ORANGE,129891.0,39138.96199727847,179149.94830376422,75220.96733731977,140010.98630648575,NEWPORT_BEACH_CITY
1607365,2013,CITY,86874.0,NEWPORT BEACH,FIRE - OPERATIONS,FIRE DIVISION CHIEF 112,22054.0,226377.0,59265.0,ORANGE,204323.0,23772.257446653246,244014.34315775015,63882.41759208781,220242.08571109688,NEWPORT_BEACH_CITY
1607366,2013,CITY,86874.0,NEWPORT BEACH,FIRE - OPERATIONS,FIRE DIVISION CHIEF 112,19129.0,218997.0,59265.0,ORANGE,199868.0,20619.366677112088,236059.3572161386,63882.41759208781,215439.99053902653,NEWPORT_BEACH_CITY
1607577,2013,CITY,86874.0,NEWPORT BEACH,LIFE SAFETY SERVICES,FIRE ASSISTANT CHIEF,0.0,183007.0,91858.0,ORANGE,183007.0,0.0,197265.3268586048,99014.78301145705,197265.3268586048,NEWPORT_BEACH_CITY
1901857,2012,CITY,86436.0,NEWPORT BEACH,FIRE - ADMINISTRATIVE,ADMIN ASST TO FIRE CHIEF,1914.0,84699.0,20045.0,ORANGE,82785.0,2093.342151798392,92635.31186790597,21923.220184325375,90541.96971610757,NEWPORT_BEACH_CITY
1901860,2012,CITY,86436.0,NEWPORT BEACH,FIRE - ADMINISTRATIVE,FIRE CHIEF,0.0,203033.0,81861.0,ORANGE,203033.0,0.0,222057.22941801618,89531.39074627386,222057.22941801618,NEWPORT_BEACH_CITY
1901862,2012,CITY,86436.0,NEWPORT BEACH,FIRE - ALS,"ASSISTANT, DEPARTMENT",932.0,70538.0,17315.0,ORANGE,69606.0,1019.3285713041281,77147.42356507575,18937.41868254397,76128.09499377162,NEWPORT_BEACH_CITY
1901864,2012,CITY,86436.0,NEWPORT BEACH,FIRE - LIFEGUARDS,"ASSISTANT, DEPARTMENT",0.0,68820.0,9365.0,ORANGE,68820.0,0.0,75268.44664930267,10242.502221312405,75268.44664930267,NEWPORT_BEACH_CITY
1901865,2012,CITY,86436.0,NEWPORT BEACH,FIRE - LIFEGUARDS,LG OPS ASSISTANT CHIEF (MEDICARE-EXEMPT),0.0,152492.0,49471.0,ORANGE,152492.0,0.0,166780.52842844327,54106.441792904,166780.52842844327,NEWPORT_BEACH_CITY
1901866,2012,CITY,86436.0,NEWPORT BEACH,FIRE - LIFEGUARDS,LIFEGUARD BATTALION CHIEF,19264.0,119887.0,53934.0,ORANGE,100623.0,21069.040340775457,131120.4339355558,58987.6257132155,110051.39359478035,NEWPORT_BEACH_CITY
1901867,2012,CITY,86436.0,NEWPORT BEACH,FIRE - LIFEGUARDS,LIFEGUARD BATTALION CHIEF (MEDICARE-EXEMPT),28790.0,146250.0,57816.0,ORANGE,117460.0,31487.6282916801,159953.6518811467,63233.36982673764,128466.02358946663,NEWPORT_BEACH_CITY
1901868,2012,CITY,86436.0,NEWPORT BEACH,FIRE - LIFEGUARDS,LIFEGUARD CAPTAIN,8921.0,98328.0,45656.0,ORANGE,89407.0,9756.899339704,107541.35167295313,49933.975591696646,97784.45233324912,NEWPORT_BEACH_CITY
1901869,2012,CITY,86436.0,NEWPORT BEACH,FIRE - LIFEGUARDS,LIFEGUARD CAPTAIN,11966.0,102512.0,49903.0,ORANGE,90546.0,13087.21639938326,112117.39324198366,54578.920272306765,99030.17684260041,NEWPORT_BEACH_CITY
1901870,2012,CITY,86436.0,NEWPORT BEACH,FIRE - LIFEGUARDS,LIFEGUARD CAPTAIN,10611.0,103350.0,41567.0,ORANGE,92739.0,11605.252650330583,113033.91399601035,45461.83554012736,101428.66134567976,NEWPORT_BEACH_CITY
1901871,2012,CITY,86436.0,NEWPORT BEACH,FIRE - LIFEGUARDS,LIFEGUARD CAPTAIN,9592.0,109234.0,42102.0,ORANGE,99642.0,10490.772163035619,119469.24587750551,46046.96513846181,108978.47371446989,NEWPORT_BEACH_CITY
1901872,2012,CITY,86436.0,NEWPORT BEACH,FIRE - LIFEGUARDS,LIFEGUARD CAPTAIN (MEDICARE-EXEMPT),22301.0,133878.0,35306.0,ORANGE,111577.0,24390.607798984296,146422.39320713957,38614.17868933857,122031.78540815527,NEWPORT_BEACH_CITY
1901873,2012,CITY,86436.0,NEWPORT BEACH,FIRE - LIFEGUARDS,LIFEGUARD CAPTAIN BOAT,3786.0,101928.0,48567.0,ORANGE,98142.0,4140.74889587707,111478.67233464289,53117.736826746346,107337.92343876582,NEWPORT_BEACH_CITY
1902056,2012,CITY,86436.0,NEWPORT BEACH,FIRE - OPERATIONS,"ASSISTANT, DEPARTMENT",432.0,50222.0,24832.0,ORANGE,49790.0,472.4784794027719,54927.810630939835,27158.76296418896,54455.33215153706,NEWPORT_BEACH_CITY
1902057,2012,CITY,86436.0,NEWPORT BEACH,FIRE - OPERATIONS,FIRE BATT CHIEF 80 HRS,17418.0,220634.0,97822.0,ORANGE,203216.0,19050.06980147565,241307.44635312769,106987.93937994896,222257.37655165207,NEWPORT_BEACH_CITY
1902058,2012,CITY,86436.0,NEWPORT BEACH,FIRE - OPERATIONS,FIRE BATT CHIEF 80 HRS,11076.0,179958.0,68635.0,ORANGE,168882.0,12113.823235798845,196820.09767676855,75066.11211529918,184706.27444096972,NEWPORT_BEACH_CITY
1902089,2012,CITY,86436.0,NEWPORT BEACH,FIRE - OPERATIONS,FIRE DIVISION CHIEF 112 (MEDICARE-EXEMPT),14273.0,256869.0,110327.0,ORANGE,242596.0,15610.382723416118,280937.672513219,120664.66017840187,265327.28978980286,NEWPORT_BEACH_CITY
1902090,2012,CITY,86436.0,NEWPORT BEACH,FIRE - OPERATIONS,FIRE DIVISION CHIEF 112 (MEDICARE-EXEMPT),3589.0,251198.0,103685.0,ORANGE,247609.0,3925.289959667936,274735.2987708738,113400.30355758427,270810.00881120586,NEWPORT_BEACH_CITY
1902178,2012,CITY,86436.0,NEWPORT BEACH,FIRE - PREVENTION,FIRE ASSISTANT CHIEF,0.0,117356.0,59789.0,ORANGE,117356.0,0.0,128352.27877035114,65391.24028938039,128352.27877035114,NEWPORT_BEACH_CITY
5742188,2014,CITY,87249.0,NEWPORT BEACH,FIRE - ADMINISTRATIVE,ADMIN ASST TO FIRE CHIEF,0.0,89265.0,21386.0,ORANGE,89265.0,0.0,94683.80962337795,22684.231810962425,94683.80962337795,NEWPORT_BEACH_CITY
5742191,2014,CITY,87249.0,NEWPORT BEACH,FIRE - ADMINISTRATIVE,FIRE CHIEF,0.0,235910.0,95976.0,ORANGE,235910.0,0.0,250230.8578754393,101802.19920924575,250230.8578754393,NEWPORT_BEACH_CITY
5742196,2014,CITY,87249.0,NEWPORT BEACH,FIRE - ALS,"ASSISTANT, DEPARTMENT",881.0,73831.0,20181.0,ORANGE,72950.0,934.4808858813193,78312.89249205867,21406.082585665044,77378.41160617734,NEWPORT_BEACH_CITY
5742199,2014,CITY,87249.0,NEWPORT BEACH,FIRE - ALS,FIRE CAPTAIN + 7.5%,53788.0,173699.0,71295.0,ORANGE,119911.0,57053.18716207083,184243.35459330224,75622.94524280212,127190.16743123141,NEWPORT_BEACH_CITY
5742211,2014,CITY,87249.0,NEWPORT BEACH,FIRE - LIFEGUARDS,"ASSISTANT, DEPARTMENT",992.0,71723.0,11198.0,ORANGE,70731.0,1052.2191132738578,76076.92687635173,11877.771804879698,75024.70776307787,NEWPORT_BEACH_CITY
5742212,2014,CITY,87249.0,NEWPORT BEACH,FIRE - LIFEGUARDS,LG OPS ASSISTANT CHIEF,0.0,163204.0,62449.0,ORANGE,163204.0,0.0,173111.25822857532,66239.95101294269,173111.25822857532,NEWPORT_BEACH_CITY
5742214,2014,CITY,87249.0,NEWPORT BEACH,FIRE - LIFEGUARDS,LIFEGUARD BATTALION CHIEF,27106.0,130734.0,44171.0,ORANGE,103628.0,28751.462988307652,138670.17495437956,46852.389568971346,109918.7119660719,NEWPORT_BEACH_CITY
5742215,2014,CITY,87249.0,NEWPORT BEACH,FIRE - LIFEGUARDS,LIFEGUARD BATTALION CHIEF,17293.0,135823.0,70953.0,ORANGE,118530.0,18342.767263956473,144068.1014336645,75260.18421786294,125725.33416970803,NEWPORT_BEACH_CITY
5742216,2014,CITY,87249.0,NEWPORT BEACH,FIRE - LIFEGUARDS,LIFEGUARD BATTALION CHIEF,23505.0,167950.0,50959.0,ORANGE,144445.0,24931.865178933498,178145.36297816978,54052.45342068803,153213.4977992363,NEWPORT_BEACH_CITY
5742217,2014,CITY,87249.0,NEWPORT BEACH,FIRE - LIFEGUARDS,LIFEGUARD CAPTAIN,7139.0,105825.0,55264.0,ORANGE,98686.0,7572.37121941741,112249.08030464314,58618.78737496621,104676.70908522574,NEWPORT_BEACH_CITY
5742218,2014,CITY,87249.0,NEWPORT BEACH,FIRE - LIFEGUARDS,LIFEGUARD CAPTAIN,10434.0,117818.0,61085.0,ORANGE,107384.0,11067.393374898622,124970.11238679374,64793.14973219114,113902.71901189511,NEWPORT_BEACH_CITY
5742219,2014,CITY,87249.0,NEWPORT BEACH,FIRE - LIFEGUARDS,LIFEGUARD CAPTAIN,12908.0,119584.0,51312.0,ORANGE,106676.0,13691.576929575562,126843.31697756151,54426.882197891326,113151.74004798594,NEWPORT_BEACH_CITY
5742220,2014,CITY,87249.0,NEWPORT BEACH,FIRE - LIFEGUARDS,LIFEGUARD CAPTAIN,2769.0,112330.0,51596.0,ORANGE,109561.0,2937.0914563057586,119148.96471174642,54728.122347256016,116211.87325544066,NEWPORT_BEACH_CITY
5742375,2014,CITY,87249.0,NEWPORT BEACH,FIRE - OPERATIONS,"ASSISTANT, DEPARTMENT",313.0,71020.0,16793.0,ORANGE,70707.0,332.00058715193296,75331.25143619897,17812.414888314408,74999.25084904705,NEWPORT_BEACH_CITY
5742376,2014,CITY,87249.0,NEWPORT BEACH,FIRE - OPERATIONS,FIRE ASSISTANT CHIEF,0.0,216343.0,101008.0,ORANGE,216343.0,0.0,229476.04800706272,107139.66551770749,229476.04800706272,NEWPORT_BEACH_CITY
5742377,2014,CITY,87249.0,NEWPORT BEACH,FIRE - OPERATIONS,FIRE BATT CHIEF 80 HRS,16022.0,218669.0,36958.0,ORANGE,202647.0,16994.611525074346,231943.2472585496,39201.526197958905,214948.63573347527,NEWPORT_BEACH_CITY
5742404,2014,CITY,87249.0,NEWPORT BEACH,FIRE - OPERATIONS,FIRE CAPTAIN + 7.5%,38928.0,162821.0,72687.0,ORANGE,123893.0,41291.11455798865,172705.0083088335,77099.44625658962,131413.8937508448,NEWPORT_BEACH_CITY
5742405,2014,CITY,87249.0,NEWPORT BEACH,FIRE - OPERATIONS,FIRE DIVISION CHIEF 112,37203.0,245624.0,56639.0,ORANGE,208421.0,39461.398862023525,260534.54382941336,60077.25640798189,221073.14496738985,NEWPORT_BEACH_CITY
5742406,2014,CITY,87249.0,NEWPORT BEACH,FIRE - OPERATIONS,FIRE DIVISION CHIEF 112,25329.0,208365.0,56582.0,ORANGE,183036.0,26866.59064527575,221013.74550131793,60016.7962371587,194147.15485604218,NEWPORT_BEACH_CITY
5742598,2014,CITY,87249.0,NEWPORT BEACH,LIFE SAFETY SERVICES,FIRE ASSISTANT CHIEF,0.0,181806.0,99218.0,ORANGE,181806.0,0.0,192842.4880119627,105241.0040129089,192842.4880119627,NEWPORT_BEACH_CITY
6055448,2015,CITY,84270.0,NEWPORT BEACH,FIRE - ADMINISTRATIVE,ADMIN ASSISTANT TO FIRE CHIEF,0.0,94035.0,26305.0,ORANGE,94035.0,0.0,99625.1186412789,27868.75892868444,99625.1186412789,NEWPORT_BEACH_CITY
6055450,2015,CITY,84270.0,NEWPORT BEACH,FIRE - ADMINISTRATIVE,FIRE CHIEF,0.0,284572.0,124090.0,ORANGE,284572.0,0.0,301489.0121974373,131466.8046173903,301489.0121974373,NEWPORT_BEACH_CITY
6055466,2015,CITY,84270.0,NEWPORT BEACH,FIRE - ALS,FIRE CAPTAIN + 7.5%,52067.0,182505.0,88303.0,ORANGE,130438.0,55162.23802090145,193354.41354417615,93552.36721838517,138192.1755232747,NEWPORT_BEACH_CITY
6055483,2015,CITY,84270.0,NEWPORT BEACH,FIRE - LIFEGUARDS,"ASSISTANT, DEPARTMENT",0.0,79078.0,14587.0,ORANGE,79078.0,0.0,83778.96668171482,15454.15649088462,83778.96668171482,NEWPORT_BEACH_CITY
6055484,2015,CITY,84270.0,NEWPORT BEACH,FIRE - LIFEGUARDS,LG OPS ASSISTANT CHIEF,0.0,177750.0,81836.0,ORANGE,177750.0,0.0,188316.74204803875,86700.92209419578,188316.74204803875,NEWPORT_BEACH_CITY
6055486,2015,CITY,84270.0,NEWPORT BEACH,FIRE - LIFEGUARDS,LIFEGUARD BATTALION CHIEF,30903.0,169460.0,62588.0,ORANGE,138557.0,32740.09721243624,179533.92465519352,66308.68214516259,146793.82744275726,NEWPORT_BEACH_CITY
6055487,2015,CITY,84270.0,NEWPORT BEACH,FIRE - LIFEGUARDS,LIFEGUARD BATTALION CHIEF,32874.0,163196.0,88226.0,ORANGE,130322.0,34828.26766856386,172897.5473151715,93470.78978301135,138069.27964660764,NEWPORT_BEACH_CITY
6055488,2015,CITY,84270.0,NEWPORT BEACH,FIRE - LIFEGUARDS,LIFEGUARD CAPTAIN,9349.0,107531.0,51583.0,ORANGE,98182.0,9904.771991038617,113923.41822316544,54649.46556998021,104018.6462321268,NEWPORT_BEACH_CITY
6055489,2015,CITY,84270.0,NEWPORT BEACH,FIRE - LIFEGUARDS,LIFEGUARD CAPTAIN,17.0,102731.0,68479.0,ORANGE,102714.0,18.010602615002302,108838.07160245889,72549.8856748672,108820.06099984389,NEWPORT_BEACH_CITY
6055490,2015,CITY,84270.0,NEWPORT BEACH,FIRE - LIFEGUARDS,LIFEGUARD CAPTAIN,23508.0,133230.0,73434.0,ORANGE,109722.0,24905.485074910237,141150.15214098568,77799.44661353406,116244.66706607543,NEWPORT_BEACH_CITY
6055491,2015,CITY,84270.0,NEWPORT BEACH,FIRE - LIFEGUARDS,LIFEGUARD CAPTAIN,17892.0,118963.0,45763.0,ORANGE,101071.0,18955.629528683596,126035.01875814816,48483.48279237355,107079.38922946455,NEWPORT_BEACH_CITY
6055492,2015,CITY,84270.0,NEWPORT BEACH,FIRE - LIFEGUARDS,LIFEGUARD CAPTAIN,30599.0,143635.0,64194.0,ORANGE,113036.0,32418.025259791495,152173.70038857972,68010.15436867398,119755.67512878822,NEWPORT_BEACH_CITY
6055493,2015,CITY,84270.0,NEWPORT BEACH,FIRE - LIFEGUARDS,LIFEGUARD CAPTAIN,28318.0,118349.0,51608.0,ORANGE,90031.0,30001.42616774324,125384.51816958276,54675.95175029639,95383.09200183954,NEWPORT_BEACH_CITY
6055494,2015,CITY,84270.0,NEWPORT BEACH,FIRE - LIFEGUARDS,LIFEGUARD CAPTAIN,13499.0,134718.0,64691.0,ORANGE,121219.0,14301.477923524473,142726.6095934047,68536.69963335963,128425.13166988021,NEWPORT_BEACH_CITY
6055694,2015,CITY,84270.0,NEWPORT BEACH,FIRE - OPERATIONS,"ASSISTANT, DEPARTMENT",562.0,81467.0,17114.0,ORANGE,80905.0,595.4093335077231,86309.98607272896,18131.37959724408,85714.57673922124,NEWPORT_BEACH_CITY
6055695,2015,CITY,84270.0,NEWPORT BEACH,FIRE - OPERATIONS,FIRE ASSISTANT CHIEF,0.0,225834.0,128578.0,ORANGE,225834.0,0.0,239259.20182096644,136221.60370775094,239259.20182096644,NEWPORT_BEACH_CITY
6055696,2015,CITY,84270.0,NEWPORT BEACH,FIRE - OPERATIONS,FIRE BATT CHIEF 80 HRS,37159.0,175866.0,93213.0,ORANGE,138707.0,39367.99897475709,186320.74349941144,98754.25303248291,146952.74452465435,NEWPORT_BEACH_CITY
6055697,2015,CITY,84270.0,NEWPORT BEACH,FIRE - OPERATIONS,FIRE CAPTAIN,66060.0,260637.0,84577.0,ORANGE,194577.0,69987.08286747364,276131.1431627267,89604.86690406174,206144.0602952531,NEWPORT_BEACH_CITY
6055719,2015,CITY,84270.0,NEWPORT BEACH,FIRE - OPERATIONS,FIRE CAPTAIN + 7.5%,28887.0,171513.0,69211.0,ORANGE,142626.0,30604.251631739495,181708.9697827582,73325.40103452496,151104.71815101872,NEWPORT_BEACH_CITY
6055720,2015,CITY,84270.0,NEWPORT BEACH,FIRE - OPERATIONS,FIRE DIVISION CHIEF 112,3033.0,86684.0,39639.0,ORANGE,83651.0,3213.3033959589397,91837.12218110937,41995.428062122126,88623.81878515043,NEWPORT_BEACH_CITY
6055721,2015,CITY,84270.0,NEWPORT BEACH,FIRE - OPERATIONS,FIRE DIVISION CHIEF 112,9257.0,84251.0,39639.0,ORANGE,74994.0,9807.302847475075,89259.48711273876,41995.428062122126,79452.18426526367,NEWPORT_BEACH_CITY
6055722,2015,CITY,84270.0,NEWPORT BEACH,FIRE - OPERATIONS,FIRE ENGINEER,123784.0,225213.0,73661.0,ORANGE,101429.0,131142.61377032028,238601.28510191254,78039.94113080496,107458.67133159225,NEWPORT_BEACH_CITY
6055903,2015,CITY,84270.0,NEWPORT BEACH,LIFE SAFETY SERVICES,FIRE ASSISTANT CHIEF,0.0,190794.0,123640.0,ORANGE,190794.0,0.0,202136.17148980874,130990.05337169908,202136.17148980874,NEWPORT_BEACH_CITY
7917106,2011,CITY,86048.0,NEWPORT BEACH,FIRE - ADMINISTRATIVE,ADMIN ASSISTANT TO FIRE CHIEF,2287.0,84201.0,18844.0,ORANGE,81914.0,2553.0553127736857,93996.41906027857,21036.193403544963,91443.36374750489,NEWPORT_BEACH_CITY
7917110,2011,CITY,86048.0,NEWPORT BEACH,FIRE - ADMINISTRATIVE,INTERIM FIRE CHIEF,0.0,170742.0,0.0,ORANGE,170742.0,0.0,190605.0591226955,0.0,190605.0591226955,NEWPORT_BEACH_CITY
7917115,2011,CITY,86048.0,NEWPORT BEACH,FIRE - ALS,"ASSISTANT, DEPARTMENT",0.0,68907.0,16406.0,ORANGE,68907.0,0.0,76923.21051040504,18314.57169277004,76923.21051040504,NEWPORT_BEACH_CITY
7917116,2011,CITY,86048.0,NEWPORT BEACH,FIRE - LIFEGUARDS,"ASSISTANT, DEPARTMENT",0.0,67319.0,22812.0,ORANGE,67319.0,0.0,75150.47249698808,25465.80576956419,75150.47249698808,NEWPORT_BEACH_CITY
7917117,2011,CITY,86048.0,NEWPORT BEACH,FIRE - LIFEGUARDS,LG OPS ASSISTANT CHIEF,28480.0,163836.0,58988.0,ORANGE,135356.0,31793.185530299328,182895.65816510253,65850.29592911857,151102.4726348032,NEWPORT_BEACH_CITY
7917118,2011,CITY,86048.0,NEWPORT BEACH,FIRE - LIFEGUARDS,LIFEGUARD BATTALION CHIEF,19409.0,115251.0,37883.0,ORANGE,95842.0,21666.9219788476,128658.5823578837,42290.07189060146,106991.6603790361,NEWPORT_BEACH_CITY
7917119,2011,CITY,86048.0,NEWPORT BEACH,FIRE - LIFEGUARDS,LIFEGUARD BATTALION CHIEF,25167.0,120712.0,45328.0,ORANGE,95545.0,28094.771778126516,134754.88102996812,50601.176745695506,106660.10925184163,NEWPORT_BEACH_CITY
7917120,2011,CITY,86048.0,NEWPORT BEACH,FIRE - LIFEGUARDS,LIFEGUARD CAPTAIN,18984.0,129119.0,50642.0,ORANGE,110135.0,21192.480130168624,144139.89896371905,56533.374354825086,122947.41883355043,NEWPORT_BEACH_CITY
7917121,2011,CITY,86048.0,NEWPORT BEACH,FIRE - LIFEGUARDS,LIFEGUARD CAPTAIN,0.0,7373.0,1699.0,ORANGE,7373.0,0.0,8230.728824259022,1896.6510609543031,8230.728824259022,NEWPORT_BEACH_CITY
7917122,2011,CITY,86048.0,NEWPORT BEACH,FIRE - LIFEGUARDS,LIFEGUARD CAPTAIN,13463.0,108731.0,36913.0,ORANGE,95268.0,15029.201432388338,121380.08623226742,41207.22814185179,106350.88479987907,NEWPORT_BEACH_CITY
7917123,2011,CITY,86048.0,NEWPORT BEACH,FIRE - LIFEGUARDS,LIFEGUARD CAPTAIN,12133.0,112273.0,43696.0,ORANGE,100140.0,13544.477529463544,125334.14041584608,48779.32004676823,111789.66288638253,NEWPORT_BEACH_CITY
7917124,2011,CITY,86048.0,NEWPORT BEACH,FIRE - LIFEGUARDS,LIFEGUARD CAPTAIN,6609.0,110469.0,44245.0,ORANGE,103860.0,7377.849830398463,123320.27430992402,49392.187281885315,115942.42447952557,NEWPORT_BEACH_CITY
7917125,2011,CITY,86048.0,NEWPORT BEACH,FIRE - LIFEGUARDS,LIFEGUARD CAPTAIN,8457.0,102066.0,37395.0,ORANGE,93609.0,9440.834621830809,113939.72171121949,41745.30101494183,104498.88708938868,NEWPORT_BEACH_CITY
7917126,2011,CITY,86048.0,NEWPORT BEACH,FIRE - LIFEGUARDS,LIFEGUARD CAPTAIN BOAT,6178.0,111463.0,37632.0,ORANGE,105285.0,6896.709979149903,124429.91006895204,42009.872116440456,117533.20008980214,NEWPORT_BEACH_CITY
7917309,2011,CITY,86048.0,NEWPORT BEACH,FIRE - OPERATIONS,FIRE DIVISION CHIEF,41341.0,224728.0,80479.0,ORANGE,183387.0,46150.354038205915,250871.4535763029,89841.42479961233,204721.099538097,NEWPORT_BEACH_CITY
7917392,2011,CITY,86048.0,NEWPORT BEACH,FIRE - PREVENTION,"ASSISTANT, DEPARTMENT",187.0,47527.0,7884.0,ORANGE,47340.0,208.7544134187491,53055.9946874486,8801.175376435389,52847.24027402986,NEWPORT_BEACH_CITY
7917394,2011,CITY,86048.0,NEWPORT BEACH,FIRE - PREVENTION,FIRE DIVISION CHIEF,10489.0,183261.0,73933.0,ORANGE,172772.0,11709.224825397107,204580.44148413572,82533.90399619452,192871.21665873862,NEWPORT_BEACH_CITY
7917984,2011,CITY,86048.0,NEWPORT BEACH,TRAINING-FIRE,FIRE DIVISION CHIEF,1008.0,39388.0,6515.0,ORANGE,38380.0,1125.2644316903695,43970.154201805824,7272.91445680829,42844.88977011546,NEWPORT_BEACH_CITY
8397962,2017,CITY,87182.0,NEWPORT BEACH,FIRE,FIRE ASSISTANT CHIEF,20505.0,240294.0,49012.0,ORANGE,219789.0,21005.829940437336,246163.12605254567,50209.106902741514,225157.29611210836,NEWPORT_BEACH_CITY
8397963,2017,CITY,87182.0,NEWPORT BEACH,FIRE,FIRE BATTALION CHIEF 112,51692.0,246036.0,35983.0,ORANGE,194344.0,52954.565290469975,252045.37309073107,36861.87655434073,199090.8078002611,NEWPORT_BEACH_CITY
8397964,2017,CITY,87182.0,NEWPORT BEACH,FIRE,FIRE BATTALION CHIEF 112,48709.0,234720.0,31489.0,ORANGE,186011.0,49898.70619696475,240452.9823759791,32258.111631037857,190554.27617901436,NEWPORT_BEACH_CITY
8397965,2017,CITY,87182.0,NEWPORT BEACH,FIRE,FIRE BATTALION CHIEF 112,28057.0,192264.0,48365.0,ORANGE,164207.0,28742.28581511097,196960.00427545691,49546.30407555483,168217.71846034593,NEWPORT_BEACH_CITY
8397966,2017,CITY,87182.0,NEWPORT BEACH,FIRE,FIRE BATTALION CHIEF 80,16301.0,183714.0,48386.0,ORANGE,167413.0,16699.1482008812,188201.1724787859,49567.81699575717,171502.02427790468,NEWPORT_BEACH_CITY
8397967,2017,CITY,87182.0,NEWPORT BEACH,FIRE,FIRE CAPTAIN + 7.5%,144108.0,280001.0,43905.0,ORANGE,135893.0,147627.80497715404,286839.9604561031,44977.369594484335,139212.15547894908,NEWPORT_BEACH_CITY
8397968,2017,CITY,87182.0,NEWPORT BEACH,FIRE,FIRE CAPTAIN + 7.5%,52675.0,212145.0,29129.0,ORANGE,159470.0,53961.57484089425,217326.593158453,29840.469170202352,163365.01831755874,NEWPORT_BEACH_CITY
8397969,2017,CITY,87182.0,NEWPORT BEACH,FIRE,FIRE CAPTAIN 112 HRS,137600.0,282077.0,44678.0,ORANGE,144477.0,140960.84856396867,288966.6662818211,45769.249942885115,148005.81771785248,NEWPORT_BEACH_CITY
8397970,2017,CITY,87182.0,NEWPORT BEACH,FIRE,FIRE CAPTAIN 112 HRS,106400.0,230372.0,42126.0,ORANGE,123972.0,108998.79569190601,235998.78346932115,43154.91792591384,126999.98777741514,NEWPORT_BEACH_CITY
8397971,2017,CITY,87182.0,NEWPORT BEACH,FIRE,FIRE CAPTAIN 112 HRS,104009.0,228236.0,42338.0,ORANGE,124227.0,106549.39606315274,233810.61215731068,43372.095977480414,127261.21609415796,NEWPORT_BEACH_CITY
8397972,2017,CITY,87182.0,NEWPORT BEACH,FIRE,FIRE CAPTAIN 112 HRS,100359.0,228488.0,42829.0,ORANGE,128129.0,102810.24564703002,234068.76719973888,43875.08854030679,131258.52155270887,NEWPORT_BEACH_CITY
8397973,2017,CITY,87182.0,NEWPORT BEACH,FIRE,FIRE CAPTAIN 112 HRS,82562.0,214186.0,43366.0,ORANGE,131624.0,84578.55798792427,219417.44411716712,44425.20464262402,134838.8861292428,NEWPORT_BEACH_CITY
8397974,2017,CITY,87182.0,NEWPORT BEACH,FIRE,FIRE CAPTAIN 112 HRS,81588.0,221957.0,21098.0,ORANGE,140369.0,83580.76826044387,227378.24901680808,21613.313829960833,143797.48075636424,NEWPORT_BEACH_CITY
8397975,2017,CITY,87182.0,NEWPORT BEACH,FIRE,FIRE CAPTAIN 112 HRS,78566.0,186400.0,39637.0,ORANGE,107834.0,80484.95660084856,190952.7774151436,40605.12466954961,110467.82081429505,NEWPORT_BEACH_CITY
8397976,2017,CITY,87182.0,NEWPORT BEACH,FIRE,FIRE CAPTAIN 112 HRS,75572.0,200891.0,42329.0,ORANGE,125319.0,77417.8288348564,205797.71677953654,43362.87615453655,128379.88794468016,NEWPORT_BEACH_CITY
8397977,2017,CITY,87182.0,NEWPORT BEACH,FIRE,FIRE CAPTAIN 112 HRS,74834.0,219688.0,27188.0,ORANGE,144854.0,76661.80335345953,225053.82921018274,27852.060688642297,148392.02585672322,NEWPORT_BEACH_CITY
8397978,2017,CITY,87182.0,NEWPORT BEACH,FIRE,FIRE CAPTAIN 112 HRS,73971.0,210549.0,41577.0,ORANGE,136578.0,75777.7247756201,215691.6112230744,42592.50872633812,139913.8864474543,NEWPORT_BEACH_CITY
8397979,2017,CITY,87182.0,NEWPORT BEACH,FIRE,FIRE CAPTAIN 112 HRS,73901.0,203600.0,42289.0,ORANGE,129699.0,75706.01504161228,208572.8834856397,43321.899163674934,132866.8684440274,NEWPORT_BEACH_CITY
8397980,2017,CITY,87182.0,NEWPORT BEACH,FIRE,FIRE CAPTAIN 112 HRS,69068.0,201619.0,41875.0,ORANGE,132551.0,70754.97012075718,206543.49801321802,42897.78730825718,135788.5278924608,NEWPORT_BEACH_CITY
8397981,2017,CITY,87182.0,NEWPORT BEACH,FIRE,FIRE CAPTAIN 112 HRS,66104.0,190282.0,42288.0,ORANGE,124178.0,67718.57509791123,194929.59437826372,43320.87473890339,127211.01928035248,NEWPORT_BEACH_CITY
8397982,2017,CITY,87182.0,NEWPORT BEACH,FIRE,FIRE CAPTAIN 112 HRS,65200.0,202422.0,44480.0,ORANGE,137222.0,66792.49510443864,207366.111104765,45566.413838120105,140573.61600032638,NEWPORT_BEACH_CITY
8397983,2017,CITY,87182.0,NEWPORT BEACH,FIRE,FIRE CAPTAIN 112 HRS,64536.0,184272.0,33112.0,ORANGE,119736.0,66112.27705613578,188772.80150130548,33920.75303524804,122660.5244451697,NEWPORT_BEACH_CITY
8397984,2017,CITY,87182.0,NEWPORT BEACH,FIRE,FIRE CAPTAIN 112 HRS,61940.0,210372.0,27462.0,ORANGE,148432.0,63452.87034921671,215510.28803851173,28132.753076044388,152057.41768929502,NEWPORT_BEACH_CITY
8397985,2017,CITY,87182.0,NEWPORT BEACH,FIRE,FIRE CAPTAIN 112 HRS,61753.0,185119.0,41847.0,ORANGE,123366.0,63261.30291693864,189640.48928280026,42869.10341465405,126379.18636586162,NEWPORT_BEACH_CITY
8397986,2017,CITY,87182.0,NEWPORT BEACH,FIRE,FIRE CAPTAIN 112 HRS,60849.0,155810.0,40811.0,ORANGE,94961.0,62335.222923466055,159615.62365372063,41807.79935133812,97280.40073025457,NEWPORT_BEACH_CITY
8397987,2017,CITY,87182.0,NEWPORT BEACH,FIRE,FIRE CAPTAIN 112 HRS,55762.0,188203.0,26024.0,ORANGE,132441.0,57123.97411063968,192799.81527823108,26659.63025456919,135675.84116759137,NEWPORT_BEACH_CITY
8397988,2017,CITY,87182.0,NEWPORT BEACH,FIRE,FIRE CAPTAIN 112 HRS,49531.0,178323.0,42288.0,ORANGE,128792.0,50740.783359171015,182678.4985354112,43320.87473890339,131937.7151762402,NEWPORT_BEACH_CITY
8397989,2017,CITY,87182.0,NEWPORT BEACH,FIRE,FIRE CAPTAIN 112 HRS,48644.0,182167.0,43430.0,ORANGE,133523.0,49832.11858681462,186616.3873572128,44490.76782800261,136784.26877039816,NEWPORT_BEACH_CITY
8397990,2017,CITY,87182.0,NEWPORT BEACH,FIRE,FIRE CAPTAIN 112 HRS,30174.0,156127.0,42288.0,ORANGE,125953.0,30910.99305646214,159940.36630629897,43320.87473890339,129029.37324983682,NEWPORT_BEACH_CITY
8397991,2017,CITY,87182.0,NEWPORT BEACH,FIRE,FIRE CAPTAIN 112 HRS,28801.0,167887.0,41018.0,ORANGE,139086.0,29504.457845137076,171987.6016196149,42019.85527904699,142483.1437744778,NEWPORT_BEACH_CITY
8397992,2017,CITY,87182.0,NEWPORT BEACH,FIRE,FIRE CAPTAIN 112 HRS,26656.0,158432.0,42733.0,ORANGE,131776.0,27307.066710182768,162301.66540469974,43776.743762238904,134994.598694517,NEWPORT_BEACH_CITY
8397993,2017,CITY,87182.0,NEWPORT BEACH,FIRE,FIRE CAPTAIN 112 HRS,26522.0,165119.0,20665.0,ORANGE,138597.0,27169.793790796346,169151.99385199088,21169.73790388381,141982.2000611945,NEWPORT_BEACH_CITY
8397994,2017,CITY,87182.0,NEWPORT BEACH,FIRE,FIRE CAPTAIN 112 HRS,23597.0,170600.0,22065.0,ORANGE,147003.0,24173.351334040468,174766.86602480419,22603.93258404047,150593.51469076372,NEWPORT_BEACH_CITY
8397995,2017,CITY,87182.0,NEWPORT BEACH,FIRE,FIRE CAPTAIN 112 HRS,20300.0,167385.0,38859.0,ORANGE,147085.0,20795.82286227154,171473.34038430155,39808.12219729112,150677.51752203002,NEWPORT_BEACH_CITY
8397996,2017,CITY,87182.0,NEWPORT BEACH,FIRE,FIRE CAPTAIN 112 HRS,9409.0,136551.0,42439.0,ORANGE,127142.0,9638.81267542428,139886.22697862273,43475.562879406,130247.41430319843,NEWPORT_BEACH_CITY
8397997,2017,CITY,87182.0,NEWPORT BEACH,FIRE,FIRE CAPTAIN 112 HRS,2775.0,143983.0,28452.0,ORANGE,141208.0,2842.7787410248043,147499.7518807115,29146.93359986945,144656.97313968668,NEWPORT_BEACH_CITY
8397998,2017,CITY,87182.0,NEWPORT BEACH,FIRE,FIRE CAPTAIN 112 HRS,131.0,21405.0,1601.0,ORANGE,21274.0,134.19964507180157,21927.81223482376,1640.1040592362922,21793.612589751956,NEWPORT_BEACH_CITY
8397999,2017,CITY,87182.0,NEWPORT BEACH,FIRE,FIRE CHIEF,0.0,125152.0,0.0,ORANGE,125152.0,0.0,128208.8090078329,0.0,128208.8090078329,NEWPORT_BEACH_CITY
8398000,2017,CITY,87182.0,NEWPORT BEACH,FIRE,FIRE CHIEF,0.0,246453.0,58566.0,ORANGE,246453.0,0.0,252472.55822046346,59996.46117003917,252472.55822046346,NEWPORT_BEACH_CITY
8398082,2017,CITY,87182.0,NEWPORT BEACH,FIRE,FIREFIGHTER 112 HRS,16522.0,46229.0,7030.0,ORANGE,29707.0,16925.546075391645,47358.13276354439,7201.706143929504,30432.586688152744,NEWPORT_BEACH_CITY
8398083,2017,CITY,87182.0,NEWPORT BEACH,FIRE,FIREFIGHTER 112 HRS,2541.0,26871.0,11300.0,ORANGE,24330.0,2603.0633444843343,27527.318036063967,11575.999918407311,24924.254691579634,NEWPORT_BEACH_CITY
8398092,2017,CITY,87182.0,NEWPORT BEACH,FIRE,LIFEGUARD BATTALION CHIEF,37802.0,167093.0,39112.0,ORANGE,129291.0,38725.305213772845,171174.20835101174,40067.30166449086,132448.9031372389,NEWPORT_BEACH_CITY
8398093,2017,CITY,87182.0,NEWPORT BEACH,FIRE,LIFEGUARD BATTALION CHIEF,18122.0,145868.0,24544.0,ORANGE,127746.0,18564.625709856395,149430.79257506528,25143.48159268929,130866.16686520887,NEWPORT_BEACH_CITY
8398095,2017,CITY,87182.0,NEWPORT BEACH,FIRE,LIFEGUARD CAPTAIN,13873.0,99611.0,19873.0,ORANGE,85738.0,14211.84485558094,102043.97591791775,20358.393484823762,87832.1310623368,NEWPORT_BEACH_CITY
8398096,2017,CITY,87182.0,NEWPORT BEACH,FIRE,LIFEGUARD CAPTAIN,20530.0,133281.0,19718.0,ORANGE,112751.0,21031.44055972585,136536.3579756854,20199.607645234988,115504.91741595953,NEWPORT_BEACH_CITY
8398097,2017,CITY,87182.0,NEWPORT BEACH,FIRE,LIFEGUARD CAPTAIN,19759.0,123756.0,22327.0,ORANGE,103997.0,20241.609060868144,126778.7120267624,22872.331874184074,106537.10296589426,NEWPORT_BEACH_CITY
8398098,2017,CITY,87182.0,NEWPORT BEACH,FIRE,LIFEGUARD CAPTAIN,14221.0,114112.0,12622.0,ORANGE,99891.0,14568.344676077022,116899.15953002611,12930.289466383812,102330.8148539491,NEWPORT_BEACH_CITY
8398099,2017,CITY,87182.0,NEWPORT BEACH,FIRE,LIFEGUARD CAPTAIN,14023.0,129447.0,24219.0,ORANGE,115424.0,14365.508571312012,132608.7134015992,24810.54354193864,118243.20483028721,NEWPORT_BEACH_CITY
8398100,2017,CITY,87182.0,NEWPORT BEACH,FIRE,LIFEGUARD CAPTAIN,13344.0,102432.0,11058.0,ORANGE,89088.0,13669.924151436031,104933.87819843342,11328.089123694515,91263.95404699739,NEWPORT_BEACH_CITY
8398101,2017,CITY,87182.0,NEWPORT BEACH,FIRE,LIFEGUARD CAPTAIN,12805.0,123557.0,35189.0,ORANGE,110752.0,13117.759199575718,126574.85149722584,36048.483285737595,113457.09229765013,NEWPORT_BEACH_CITY
8398102,2017,CITY,87182.0,NEWPORT BEACH,FIRE,LIFEGUARD CAPTAIN,3913.0,114063.0,22351.0,ORANGE,110150.0,4008.574131037859,116848.96271622063,22896.918068701045,112840.38858518277,NEWPORT_BEACH_CITY
8723994,2016,CITY,84915.0,NEWPORT BEACH,FIRE,FIRE ASSISTANT CHIEF,0.0,241880.0,144995.0,ORANGE,241880.0,0.0,253066.6237234747,151700.82316349106,253066.6237234747,NEWPORT_BEACH_CITY
8723995,2016,CITY,84915.0,NEWPORT BEACH,FIRE,FIRE ASSISTANT CHIEF,0.0,93332.0,24665.0,ORANGE,93332.0,0.0,97648.47910269284,25805.722978913116,97648.47910269284,NEWPORT_BEACH_CITY
8724000,2016,CITY,84915.0,NEWPORT BEACH,FIRE,FIRE CAPTAIN + 7.5%,130011.0,279303.0,106032.0,ORANGE,149292.0,136023.8333756932,292220.3869928794,110935.83697142165,156196.55361718617,NEWPORT_BEACH_CITY
8724001,2016,CITY,84915.0,NEWPORT BEACH,FIRE,FIRE CAPTAIN + 7.5%,60499.0,193537.0,100680.0,ORANGE,133038.0,63296.99714175003,202487.82518426544,105336.3141908361,139190.8280425154,NEWPORT_BEACH_CITY
8724002,2016,CITY,84915.0,NEWPORT BEACH,FIRE,FIRE CAPTAIN 112 HRS,35550.0,169228.0,100009.0,ORANGE,133678.0,37194.13954592991,177054.56672513718,104634.28134596074,139860.42717920727,NEWPORT_BEACH_CITY
8724003,2016,CITY,84915.0,NEWPORT BEACH,FIRE,FIRE CAPTAIN 112 HRS,63815.0,194220.0,96587.0,ORANGE,130405.0,66766.35766873466,203202.4130129538,101054.01846196153,136436.05534421912,NEWPORT_BEACH_CITY
8724004,2016,CITY,84915.0,NEWPORT BEACH,FIRE,FIRE CAPTAIN 112 HRS,63218.0,210923.0,87453.0,ORANGE,147705.0,66141.7472240393,220677.9042319599,91497.58328298759,154536.1570079206,NEWPORT_BEACH_CITY
8724005,2016,CITY,84915.0,NEWPORT BEACH,FIRE,FIRE CAPTAIN 112 HRS,44928.0,188498.0,87766.0,ORANGE,143570.0,47005.85939576762,197215.77823146823,91825.05911077594,150209.91883570064,NEWPORT_BEACH_CITY
8724006,2016,CITY,84915.0,NEWPORT BEACH,FIRE,FIRE CAPTAIN 112 HRS,16086.0,126913.0,69831.0,ORANGE,110827.0,16829.95580128913,132782.55505464424,73060.58955363801,115952.5992533551,NEWPORT_BEACH_CITY
8724007,2016,CITY,84915.0,NEWPORT BEACH,FIRE,FIRE CAPTAIN 112 HRS,38537.0,179836.0,100198.0,ORANGE,141299.0,40319.28426670889,188153.17241580453,104832.02234101505,147833.88814909564,NEWPORT_BEACH_CITY
8724008,2016,CITY,84915.0,NEWPORT BEACH,FIRE,FIRE CAPTAIN 112 HRS,30945.0,156649.0,96834.0,ORANGE,125704.0,32376.16450770186,163893.80494318914,101312.44187877854,131517.6404354873,NEWPORT_BEACH_CITY
8724009,2016,CITY,84915.0,NEWPORT BEACH,FIRE,FIRE CAPTAIN 112 HRS,41321.0,184855.0,80451.0,ORANGE,143534.0,43232.04051131842,193404.29439558013,84171.75022811834,150172.25388426168,NEWPORT_BEACH_CITY
8724010,2016,CITY,84915.0,NEWPORT BEACH,FIRE,FIRE CAPTAIN 112 HRS,53396.0,175849.0,96724.0,ORANGE,122453.0,55865.49297312161,183981.77904394455,101197.35452715962,128116.28607082294,NEWPORT_BEACH_CITY
8724011,2016,CITY,84915.0,NEWPORT BEACH,FIRE,FIRE CAPTAIN 112 HRS,55580.0,180551.0,96847.0,ORANGE,124971.0,58150.50002708255,188901.24020132745,101326.04311124259,130750.74017424491,NEWPORT_BEACH_CITY
8724012,2016,CITY,84915.0,NEWPORT BEACH,FIRE,FIRE CAPTAIN 112 HRS,43739.0,176212.0,100627.0,ORANGE,132473.0,45761.86974963231,184361.56730428696,105280.86301232882,138599.69755465465,NEWPORT_BEACH_CITY
8724013,2016,CITY,84915.0,NEWPORT BEACH,FIRE,FIRE CAPTAIN 112 HRS,79695.0,220212.0,89236.0,ORANGE,140517.0,83380.7862479011,230396.5079518514,93363.04462786502,147015.7217039503,NEWPORT_BEACH_CITY
8724014,2016,CITY,84915.0,NEWPORT BEACH,FIRE,FIRE CAPTAIN 112 HRS,58711.0,198628.0,89822.0,ORANGE,139917.0,61426.304553617185,207814.27706691888,93976.14633739849,146387.9725133017,NEWPORT_BEACH_CITY
8724015,2016,CITY,84915.0,NEWPORT BEACH,FIRE,FIRE CAPTAIN 112 HRS,85237.0,222825.0,100486.0,ORANGE,137588.0,89179.09627219207,233130.35567712606,105133.34195252639,143951.259404934,NEWPORT_BEACH_CITY
8724016,2016,CITY,84915.0,NEWPORT BEACH,FIRE,FIRE CAPTAIN 112 HRS,33704.0,157191.0,96506.0,ORANGE,123487.0,35262.76453603437,164460.87171207505,100969.27232122397,129198.1071760407,NEWPORT_BEACH_CITY
8724017,2016,CITY,84915.0,NEWPORT BEACH,FIRE,FIRE CAPTAIN 112 HRS,50462.0,195390.0,85846.0,ORANGE,144928.0,52795.79943084993,204426.52393471854,89816.2617007004,151630.7245038686,NEWPORT_BEACH_CITY
8724018,2016,CITY,84915.0,NEWPORT BEACH,FIRE,FIRE CAPTAIN 112 HRS,13571.0,151543.0,76858.0,ORANGE,137972.0,14198.640443820388,158551.65933076953,80412.57882478429,144353.01888694914,NEWPORT_BEACH_CITY
8724019,2016,CITY,84915.0,NEWPORT BEACH,FIRE,FIRE CAPTAIN 112 HRS,93299.0,221918.0,97593.0,ORANGE,128619.0,97613.95289720717,232181.4081505956,102106.54460494903,134567.45525338844,NEWPORT_BEACH_CITY
8724020,2016,CITY,84915.0,NEWPORT BEACH,FIRE,FIRE CAPTAIN 112 HRS,7220.0,146063.0,77655.0,ORANGE,138843.0,7553.9152608048935,152818.21672284557,81246.43899969585,145264.3014620407,NEWPORT_BEACH_CITY
8724021,2016,CITY,84915.0,NEWPORT BEACH,FIRE,FIRE CAPTAIN 112 HRS,10681.0,134960.0,97704.0,ORANGE,124279.0,11174.98184219627,141201.71794989312,102222.67820521902,130026.73610769685,NEWPORT_BEACH_CITY
8724022,2016,CITY,84915.0,NEWPORT BEACH,FIRE,FIRE CAPTAIN 112 HRS,80891.0,215392.0,100604.0,ORANGE,134501.0,84632.099634594,225353.58945364092,105256.79929335394,140721.48981904695,NEWPORT_BEACH_CITY
8724023,2016,CITY,84915.0,NEWPORT BEACH,FIRE,FIRE CAPTAIN 112 HRS,48284.0,190390.0,79486.0,ORANGE,142106.0,50517.069868795494,199195.2806793135,83162.12027982518,148678.21081051804,NEWPORT_BEACH_CITY
8724024,2016,CITY,84915.0,NEWPORT BEACH,FIRE,FIRE CAPTAIN 112 HRS,98099.0,234675.0,99889.0,ORANGE,136576.0,102635.94642239601,245528.40219243604,104508.73150783102,142892.45577004005,NEWPORT_BEACH_CITY
8724025,2016,CITY,84915.0,NEWPORT BEACH,FIRE,FIRE CAPTAIN 112 HRS,38877.0,146039.0,80309.0,ORANGE,107162.0,40675.008808076425,152793.10675521963,84023.18291966485,112118.09794714321,NEWPORT_BEACH_CITY
8724026,2016,CITY,84915.0,NEWPORT BEACH,FIRE,FIRE CAPTAIN 112 HRS,48152.0,185712.0,104324.0,ORANGE,137560.0,50378.9650468528,194300.92948955655,109148.8442753753,143921.96444270376,NEWPORT_BEACH_CITY
8724027,2016,CITY,84915.0,NEWPORT BEACH,FIRE,FIRE CAPTAIN 112 HRS,85033.0,241817.0,100678.0,ORANGE,156784.0,88965.66154737154,253000.71005845664,105334.22169353394,164035.04851108507,NEWPORT_BEACH_CITY
8724028,2016,CITY,84915.0,NEWPORT BEACH,FIRE,FIRE CAPTAIN 112 HRS,79726.0,203940.0,97047.0,ORANGE,124214.0,83413.2199560846,213371.9499014612,101535.29284145878,129958.72994537659,NEWPORT_BEACH_CITY
8724029,2016,CITY,84915.0,NEWPORT BEACH,FIRE,FIRE CAPTAIN 112 HRS,53653.0,229244.0,100098.0,ORANGE,175591.0,56134.37887644943,239846.22576841508,104727.39747590695,183711.84689196566,NEWPORT_BEACH_CITY
8724030,2016,CITY,84915.0,NEWPORT BEACH,FIRE,FIRE CAPTAIN 112 HRS,80517.0,239414.0,101825.0,ORANGE,158897.0,84240.80263908968,250486.57454990895,106534.26889632385,166245.77191081928,NEWPORT_BEACH_CITY
8724031,2016,CITY,84915.0,NEWPORT BEACH,FIRE,FIRE CHIEF,0.0,285357.0,145115.0,ORANGE,285357.0,0.0,298554.3763265238,151826.37300162078,298554.3763265238,NEWPORT_BEACH_CITY
8724117,2016,CITY,84915.0,NEWPORT BEACH,FIRE,LG OPS ASSISTANT CHIEF,0.0,198618.0,100815.0,ORANGE,198618.0,0.0,207803.81458040807,105477.55775873203,207803.81458040807,NEWPORT_BEACH_CITY
8724125,2016,CITY,84915.0,NEWPORT BEACH,FIRE,LIFEGUARD CAPTAIN,21554.0,119165.0,63013.0,ORANGE,97611.0,22550.843425400093,124676.22050606858,65927.2662505677,102125.37708066848,NEWPORT_BEACH_CITY
8724126,2016,CITY,84915.0,NEWPORT BEACH,FIRE,LIFEGUARD CAPTAIN,5478.0,84532.0,44888.0,ORANGE,79054.0,5731.350110621774,88441.49097317994,46964.009449724384,82710.14086255818,NEWPORT_BEACH_CITY
8724127,2016,CITY,84915.0,NEWPORT BEACH,FIRE,LIFEGUARD CAPTAIN,19421.0,114327.0,49532.0,ORANGE,94906.0,20319.1950526443,119614.46953213864,51822.788185344594,99295.27447949436,NEWPORT_BEACH_CITY
8724128,2016,CITY,84915.0,NEWPORT BEACH,FIRE,LIFEGUARD CAPTAIN,17521.0,130568.0,71143.0,ORANGE,113047.0,18331.32261559038,136606.59387434533,74433.2677838563,118275.27125875495,NEWPORT_BEACH_CITY
8724129,2016,CITY,84915.0,NEWPORT BEACH,FIRE,LIFEGUARD CAPTAIN,11355.0,108932.0,64345.0,ORANGE,97577.0,11880.153433024869,113969.9580595566,67320.8694538076,102089.80462653172,NEWPORT_BEACH_CITY
8724130,2016,CITY,84915.0,NEWPORT BEACH,FIRE,LIFEGUARD CAPTAIN,7394.0,113109.0,60131.0,ORANGE,105715.0,7735.962526092989,118340.13867512197,62911.97763815222,110604.17614902898,NEWPORT_BEACH_CITY
8724131,2016,CITY,84915.0,NEWPORT BEACH,FIRE,LIFEGUARD CAPTAIN,17898.0,121743.0,55436.0,ORANGE,103845.0,18725.75835704792,127373.4495285554,57999.84022132688,108647.6911715075,NEWPORT_BEACH_CITY
8724132,2016,CITY,84915.0,NEWPORT BEACH,FIRE,LIFEGUARD CAPTAIN,0.0,9832.0,952.0,ORANGE,9832.0,0.0,10286.716737428493,996.0287158291217,10286.716737428493,NEWPORT_BEACH_CITY
8724133,2016,CITY,84915.0,NEWPORT BEACH,FIRE,LIFEGUARD CAPTAIN,0.0,38733.0,17272.0,ORANGE,38733.0,0.0,40524.34900232076,18070.806701471207,40524.34900232076,NEWPORT_BEACH_CITY
8724134,2016,CITY,84915.0,NEWPORT BEACH,FIRE,LIFEGUARD CAPTAIN,7815.0,63100.0,36439.0,ORANGE,55285.0,8176.433208198095,66018.28988321174,38124.254596740924,57841.85667501364,NEWPORT_BEACH_CITY
