,zip,name,teslas,all_vehicles,tesla_rate_1k,avg_house_income,avg_net_worth
0,90004,Los Angeles,200,22597,8.85,65893,232653
1,90005,Los Angeles,58,12410,4.67,53191,105569
2,90006,Los Angeles,26,17142,1.52,42242,39289
3,90007,Los Angeles,27,10520,2.57,38564,39966
4,90008,Los Angeles,54,12562,4.3,56286,284531
5,90010,Los Angeles,39,6082,6.41,53753,59071
6,90012,Los Angeles,88,17717,4.97,51188,68935
7,90013,Los Angeles,40,3210,12.46,49192,63747
8,90014,Los Angeles,56,2796,20.03,43242,39950
9,90015,Los Angeles,126,8770,14.37,62200,100689
10,90016,Los Angeles,73,18972,3.85,55582,175853
11,90017,Los Angeles,86,8514,10.1,43408,40713
12,90018,Los Angeles,32,17986,1.78,52309,115776
13,90019,Los Angeles,181,25774,7.02,72111,177964
14,90020,Los Angeles,67,14870,4.51,57416,128492
15,90021,Los Angeles,42,1914,21.94,40958,39156
16,90023,Los Angeles,11,14444,0.76,45562,79217
17,90024,Los Angeles,482,15817,30.47,123841,709379
18,90025,Los Angeles,453,24135,18.77,115619,333376
19,90026,Los Angeles,186,24518,7.59,72819,152557
20,90027,Los Angeles,302,21097,14.31,86923,349921
21,90028,Los Angeles,101,12049,8.38,50625,37237
22,90029,Los Angeles,25,11945,2.09,51845,58247
23,90031,Los Angeles,44,13581,3.24,55158,125306
24,90032,Los Angeles,51,17198,2.97,60507,196457
25,90034,Los Angeles,275,27149,10.13,88027,284628
26,90035,Los Angeles,148,14782,10.01,113986,502212
27,90036,Los Angeles,244,20228,12.06,117665,317300
28,90038,Los Angeles,53,10787,4.91,56852,63824
29,90039,Los Angeles,184,14611,12.59,100278,439489
30,90040,Los Angeles,30,6567,4.57,61815,174156
31,90041,Los Angeles,103,12441,8.28,94562,517547
32,90042,Los Angeles,145,24416,5.94,71450,238700
33,90043,Los Angeles,90,18582,4.84,66403,443312
34,90044,Los Angeles,11,28329,0.39,43448,85014
35,90045,Los Angeles,352,119426,2.95,122098,969118
36,90046,Los Angeles,507,27324,18.56,104552,416475
37,90047,Los Angeles,24,19989,1.2,55403,269341
38,90048,Los Angeles,243,12811,18.97,131176,392422
39,90049,Los Angeles,1003,23004,43.6,199864,1678098
40,90056,Los Angeles,88,5015,17.55,134704,1546050
41,90058,Los Angeles,17,2580,6.59,34949,39695
42,90064,Los Angeles,436,16106,27.07,148352,1156819
43,90065,Los Angeles,173,20332,8.51,83940,402613
44,90066,Los Angeles,459,27512,16.68,109187,587302
45,90067,Los Angeles,191,3690,51.76,180115,2157237
46,90068,Los Angeles,361,12724,28.37,132979,666654
47,90069,West Hollywood,337,13134,25.66,125721,484728
48,90071,Los Angeles,13,722,18.01,0,0
49,90077,Los Angeles,342,6308,54.22,280179,3548806
50,90094,Playa Vista,263,5962,44.11,157974,466653
51,90201,Bell Gardens,14,33373,0.42,48301,69959
52,90210,Beverly Hills,726,15555,46.67,220906,2702726
53,90211,Beverly Hills,153,7038,21.74,116068,645404
54,90212,Beverly Hills,200,8341,23.98,141008,514251
55,90230,Culver City,183,16465,11.11,105774,709926
56,90232,Culver City,122,8957,13.62,108537,485501
57,90240,Downey,93,13775,6.75,95286,609134
58,90241,Downey,90,22227,4.05,74214,290737
59,90242,Downey,43,19617,2.19,70518,221923
60,90245,El Segundo,168,10752,15.62,135843,709807
61,90247,Gardena,50,20688,2.42,58579,160881
62,90248,Gardena,37,7533,4.91,75330,647759
63,90249,Gardena,37,13078,2.83,72663,442182
64,90250,Hawthorne,213,39888,5.34,64245,236515
65,90254,Hermosa Beach,367,12015,30.55,166092,747082
66,90260,Lawndale,45,14612,3.08,69590,207643
67,90265,Malibu,395,10153,38.9,207202,2132316
68,90266,Manhattan Beach,1102,22098,49.87,213257,2035741
69,90272,Pacific Palisades,810,14953,54.17,249224,2989010
70,90274,Palos Verdes Peninsula,718,17542,40.93,242723,3353489
71,90275,Rancho Palos Verdes,734,26252,27.96,184359,2450299
72,90277,Redondo Beach,420,21305,19.71,142284,860004
73,90278,Redondo Beach,490,23039,21.27,145674,908039
74,90280,South Gate,12,35448,0.34,56448,166830
75,90290,Topanga,113,3766,30.01,193089,1680110
76,90291,Venice,348,12937,26.9,126054,431291
77,90292,Marina Del Rey,418,15203,27.49,156192,673849
78,90293,Playa Del Rey,116,7463,15.54,149295,827229
79,90301,Inglewood,14,14178,0.99,53344,95660
80,90302,Inglewood,23,11452,2.01,58562,144432
81,90304,Inglewood,11,9794,1.12,52446,92139
82,90305,Inglewood,24,7214,3.33,78001,593882
83,90401,Santa Monica,90,4877,18.45,94417,117705
84,90402,Santa Monica,392,7024,55.81,206819,2163557
85,90403,Santa Monica,318,14019,22.68,127062,413427
86,90404,Santa Monica,114,10624,10.73,85373,172368
87,90405,Santa Monica,357,14605,24.44,135529,566023
88,90501,Torrance,137,23998,5.71,83350,416071
89,90502,Torrance,47,9041,5.2,91555,564832
90,90503,Torrance,230,25329,9.08,108919,757464
91,90504,Torrance,106,17585,6.03,96776,647630
92,90505,Torrance,234,21295,10.99,109157,874747
93,90601,Whittier,60,16625,3.61,94171,604267
94,90602,Whittier,13,10584,1.23,72744,318550
95,90603,Whittier,37,11046,3.35,117356,1111934
96,90604,Whittier,45,18744,2.4,84049,469582
97,90605,Whittier,46,18674,2.46,88987,554203
98,90620,Buena Park,104,24354,4.27,88020,530149
99,90621,Buena Park,120,18725,6.41,79342,331696
100,90623,La Palma,92,9417,9.77,116937,1003741
101,90630,Cypress,261,28895,9.03,110053,920375
102,90631,La Habra,240,34611,6.93,98209,736679
103,90638,La Mirada,114,24988,4.56,105345,936622
104,90640,Montebello,66,28175,2.34,69890,323108
105,90650,Norwalk,89,46798,1.9,73108,322209
106,90660,Pico Rivera,40,27745,1.44,70392,319547
107,90670,Santa Fe Springs,52,11815,4.4,71313,313722
108,90680,Stanton,43,13111,3.28,73882,263482
109,90701,Artesia,31,7568,4.1,80879,410750
110,90703,Cerritos,474,31114,15.23,120427,1146304
111,90706,Bellflower,56,33733,1.66,65931,199185
112,90710,Harbor City,31,11856,2.61,80812,661267
113,90712,Lakewood,82,17124,4.79,95209,755797
114,90713,Lakewood,50,15168,3.3,103330,935664
115,90715,Lakewood,26,9447,2.75,86966,374759
116,90717,Lomita,44,10015,4.39,87430,376061
117,90720,Los Alamitos,207,13732,15.07,143111,1632930
118,90723,Paramount,22,21879,1.01,54911,130448
119,90731,San Pedro,76,24402,3.11,72825,291847
120,90732,San Pedro,55,11067,4.97,113500,1186743
121,90740,Seal Beach,186,14965,12.43,95989,1302513
122,90745,Carson,61,27214,2.24,89636,588657
123,90746,Carson,42,14744,2.85,98017,1127137
124,90755,Signal Hill,50,8064,6.2,104032,539569
125,90802,Long Beach,76,16437,4.62,65755,122565
126,90803,Long Beach,268,18133,14.78,121310,721693
127,90804,Long Beach,45,14062,3.2,60211,102358
128,90805,Long Beach,56,35546,1.58,59548,165563
129,90806,Long Beach,36,16874,2.13,61161,230518
130,90807,Long Beach,122,16734,7.29,103317,581649
131,90808,Long Beach,159,22017,7.22,119296,1107113
132,90814,Long Beach,63,9237,6.82,95214,387944
133,90815,Long Beach,134,20593,6.51,110388,946732
134,91001,Altadena,272,19214,14.16,129531,1271815
135,91006,Arcadia,397,19307,20.56,131366,1243235
136,91007,Arcadia,318,17654,18.01,109631,853608
137,91008,Duarte,12,727,16.51,142935,1859995
138,91010,Duarte,40,12730,3.14,85006,592386
139,91011,La Canada Flintridge,516,14141,36.49,231624,3288780
140,91016,Monrovia,154,21467,7.17,96345,564860
141,91020,Montrose,14,4444,3.15,96486,398626
142,91024,Sierra Madre,101,6399,15.78,148110,1350352
143,91030,South Pasadena,282,14120,19.97,133405,792975
144,91040,Sunland,61,11699,5.21,95298,659225
145,91042,Tujunga,70,14946,4.68,83626,517163
146,91101,Pasadena,94,10963,8.57,85812,164361
147,91103,Pasadena,148,11778,12.57,101427,748983
148,91104,Pasadena,186,17016,10.93,103117,571372
149,91105,Pasadena,256,8847,28.94,173598,1552365
150,91106,Pasadena,206,12818,16.07,108197,542515
151,91107,Pasadena,331,19474,17.0,125031,1041178
152,91108,San Marino,377,8515,44.27,239942,3340540
153,91201,Glendale,64,12707,5.04,78738,388277
154,91202,Glendale,113,13005,8.69,105003,691121
155,91203,Glendale,60,8799,6.82,65629,116537
156,91204,Glendale,28,9225,3.04,58175,78111
157,91205,Glendale,43,17307,2.48,58063,112137
158,91206,Glendale,165,18096,9.12,95669,710468
159,91207,Glendale,72,6424,11.21,148638,1751091
160,91208,Glendale,141,10431,13.52,146988,1498843
161,91214,La Crescenta,186,19061,9.76,129470,1258527
162,91301,Agoura Hills,345,17400,19.83,168350,1688037
163,91302,Calabasas,664,19007,34.93,211611,2517388
164,91303,Canoga Park,41,11585,3.54,61313,174150
165,91304,Canoga Park,139,24357,5.71,92273,794891
166,91306,Winnetka,70,21748,3.22,79425,425429
167,91307,West Hills,240,15349,15.64,135866,1441657
168,91311,Chatsworth,200,22566,8.86,118345,1093829
169,91316,Encino,248,17011,14.58,103968,731822
170,91320,Newbury Park,447,27409,16.31,143648,1270033
171,91321,Newhall,79,16423,4.81,88605,619146
172,91324,Northridge,74,15052,4.92,97386,608537
173,91325,Northridge,140,17400,8.05,98211,699763
174,91326,Porter Ranch,558,23632,23.61,139870,1522543
175,91331,Pacoima,37,41593,0.89,63208,235670
176,91335,Reseda,86,34896,2.46,73121,261729
177,91340,San Fernando,12,14843,0.81,59630,189128
178,91342,Sylmar,87,45141,1.93,77173,415201
179,91343,North Hills,84,27672,3.04,78425,476746
180,91344,Granada Hills,271,30257,8.96,111994,1158138
181,91345,Mission Hills,22,9689,2.27,84499,482163
182,91350,Santa Clarita,270,24190,11.16,132465,1256389
183,91351,Canyon Country,66,17799,3.71,91078,615569
184,91352,Sun Valley,36,22263,1.62,71041,320464
185,91354,Valencia,297,19984,14.86,139161,942945
186,91355,Valencia,204,21144,9.65,119330,909188
187,91356,Tarzana,340,18184,18.7,132921,1369568
188,91360,Thousand Oaks,196,23846,8.22,129574,1314973
189,91361,Westlake Village,365,14758,24.73,166828,1854091
190,91362,Thousand Oaks,498,26079,19.1,161540,1770328
191,91364,Woodland Hills,304,17595,17.28,160518,1590126
192,91367,Woodland Hills,362,26094,13.87,121497,974122
193,91377,Oak Park,179,9582,18.68,181554,1492577
194,91381,Stevenson Ranch,272,12816,21.22,157862,918692
195,91384,Castaic,75,13331,5.63,133698,1014464
196,91387,Canyon Country,179,23971,7.47,110860,758188
197,91390,Santa Clarita,82,11949,6.86,143814,1180205
198,91401,Van Nuys,115,20497,5.61,82920,342491
199,91402,Panorama City,35,26811,1.31,55078,137216
200,91403,Sherman Oaks,332,15944,20.82,132678,949848
201,91405,Van Nuys,46,25445,1.81,60769,106123
202,91406,Van Nuys,127,26205,4.85,71740,255376
203,91411,Van Nuys,73,11339,6.44,76692,207784
204,91423,Sherman Oaks,367,19940,18.41,129164,751791
205,91436,Encino,511,11823,43.22,213009,2626425
206,91501,Burbank,70,11778,5.94,91902,436870
207,91502,Burbank,29,6171,4.7,56999,72947
208,91504,Burbank,113,15175,7.45,108498,879492
209,91505,Burbank,163,17973,9.07,98280,412924
210,91506,Burbank,75,10811,6.94,110765,633859
211,91601,North Hollywood,93,18247,5.1,71800,134791
212,91602,North Hollywood,156,11724,13.31,108939,387835
213,91604,Studio City,468,19055,24.56,147998,898797
214,91605,North Hollywood,45,25603,1.76,62031,202026
215,91606,North Hollywood,49,19680,2.49,61774,160007
216,91607,Valley Village,109,16258,6.7,94301,311034
217,91701,Rancho Cucamonga,94,22883,4.11,105282,997816
218,91702,Azusa,137,26708,5.13,73870,335223
219,91706,Baldwin Park,81,34601,2.34,67399,242148
220,91708,Chino,66,6606,9.99,116706,535702
221,91709,Chino Hills,683,49035,13.93,128066,1030773
222,91710,Chino,273,44454,6.14,93050,579195
223,91711,Claremont,225,18135,12.41,128594,1348155
224,91722,Covina,36,17644,2.04,79632,382013
225,91723,Covina,23,9553,2.41,78368,312185
226,91724,Covina,59,14298,4.13,99322,865970
227,91730,Rancho Cucamonga,151,37410,4.04,82939,404364
228,91731,El Monte,29,12080,2.4,52971,172794
229,91732,El Monte,71,24320,2.92,58419,171873
230,91733,South El Monte,50,17931,2.79,57838,180486
231,91737,Rancho Cucamonga,93,14818,6.28,137859,1299038
232,91739,Rancho Cucamonga,318,23408,13.59,138582,926096
233,91740,Glendora,56,13886,4.03,91060,603415
234,91741,Glendora,144,15434,9.33,118203,1271792
235,91744,La Puente,51,37250,1.37,70385,322567
236,91745,Hacienda Heights,265,30851,8.59,102176,804861
237,91746,La Puente,17,14415,1.18,76775,359256
238,91748,Rowland Heights,298,25957,11.48,91524,668865
239,91750,La Verne,111,19510,5.69,108367,1148637
240,91752,Mira Loma,85,19692,4.32,95378,469997
241,91754,Monterey Park,177,18707,9.46,84216,518507
242,91755,Monterey Park,94,15137,6.21,81093,454532
243,91761,Ontario,115,34865,3.3,81978,463779
244,91762,Ontario,68,28080,2.42,71149,290912
245,91763,Montclair,43,17931,2.4,66558,252740
246,91764,Ontario,46,24078,1.91,63441,198871
247,91765,Diamond Bar,497,29361,16.93,121105,1168809
248,91766,Pomona,81,29558,2.74,71375,373016
249,91767,Pomona,33,20851,1.58,66144,266975
250,91768,Pomona,15,13281,1.13,62552,310689
251,91770,Rosemead,183,31768,5.76,69099,292995
252,91773,San Dimas,101,19873,5.08,113247,1074709
253,91775,San Gabriel,152,12741,11.93,117981,958699
254,91776,San Gabriel,142,20652,6.88,76586,316964
255,91780,Temple City,232,19461,11.92,97616,638493
256,91784,Upland,183,17735,10.32,142873,1770833
257,91786,Upland,66,26308,2.51,73864,409011
258,91789,Walnut,502,26808,18.73,127094,1332165
259,91790,West Covina,85,22804,3.73,81679,455888
260,91791,West Covina,161,18731,8.6,98631,722410
261,91792,West Covina,52,15017,3.46,85864,504543
262,91801,Alhambra,135,26552,5.08,75891,276767
263,91803,Alhambra,91,15338,5.93,81659,366041
264,91901,Alpine,29,9893,2.93,111364,1054039
265,91902,Bonita,30,10908,2.75,122019,1268827
266,91910,Chula Vista,115,40074,2.87,75844,438566
267,91911,Chula Vista,53,43307,1.22,67833,289019
268,91913,Chula Vista,171,28925,5.91,105713,577627
269,91914,Chula Vista,127,11102,11.44,141692,963993
270,91915,Chula Vista,118,18219,6.48,123717,728012
271,91935,Jamul,34,5431,6.26,126756,1383614
272,91941,La Mesa,152,17559,8.66,99953,967694
273,91942,La Mesa,48,20045,2.39,72043,302386
274,91945,Lemon Grove,11,12802,0.86,68262,303544
275,91977,Spring Valley,50,29235,1.71,80595,517436
276,92003,Bonsall,18,3151,5.71,122461,1561160
277,92007,Cardiff By The Sea,102,6641,15.36,132296,902909
278,92008,Carlsbad,179,17349,10.32,98539,675039
279,92009,Carlsbad,595,28244,21.07,149902,1247313
280,92010,Carlsbad,153,11036,13.86,110420,988779
281,92011,Carlsbad,283,15614,18.12,147070,1272243
282,92014,Del Mar,367,9667,37.96,205084,2161052
283,92019,El Cajon,78,24149,3.23,103709,1013423
284,92020,El Cajon,55,28926,1.9,75839,577728
285,92021,El Cajon,44,32183,1.37,70762,483981
286,92024,Encinitas,697,31548,22.09,141305,1230108
287,92025,Escondido,75,22239,3.37,81709,557453
288,92026,Escondido,144,26691,5.4,82061,675974
289,92027,Escondido,73,26022,2.81,82705,547927
290,92028,Fallbrook,163,25912,6.29,101581,1303310
291,92029,Escondido,130,14353,9.06,113185,1283045
292,92037,La Jolla,755,23710,31.84,159756,1545600
293,92040,Lakeside,28,22290,1.26,86514,756096
294,92054,Oceanside,75,18114,4.14,72486,386662
295,92056,Oceanside,119,30014,3.96,88969,773611
296,92057,Oceanside,143,29701,4.81,91716,616671
297,92058,Oceanside,35,16653,2.1,68771,287431
298,92064,Poway,405,29266,13.84,138685,1616625
299,92065,Ramona,64,19375,3.3,105722,969268
300,92067,Rancho Santa Fe,461,8525,54.08,235690,3311315
301,92069,San Marcos,107,24915,4.29,80753,485559
302,92071,Santee,99,30350,3.26,87688,627121
303,92075,Solana Beach,201,8200,24.51,151013,1187272
304,92078,San Marcos,388,27000,14.37,90652,594348
305,92081,Vista,79,16674,4.74,84756,541619
306,92082,Valley Center,38,11185,3.4,116494,1196856
307,92083,Vista,23,16643,1.38,69220,234307
308,92084,Vista,75,22592,3.32,81375,616732
309,92091,Rancho Santa Fe,53,1575,33.65,175708,2667558
310,92101,San Diego,354,34833,10.16,89150,196433
311,92102,San Diego,39,16691,2.34,58669,128228
312,92103,San Diego,274,18715,14.64,99163,360483
313,92104,San Diego,117,21789,5.37,70526,184213
314,92105,San Diego,27,26559,1.02,49990,103076
315,92106,San Diego,142,10835,13.11,128973,1246204
316,92107,San Diego,105,14452,7.27,95976,592325
317,92108,San Diego,133,14626,9.09,88893,242737
318,92109,San Diego,229,24083,9.51,96140,335985
319,92110,San Diego,87,15524,5.6,85446,494545
320,92111,San Diego,105,25724,4.08,80382,431171
321,92114,San Diego,40,30631,1.31,72841,430502
322,92115,San Diego,102,23905,4.27,62314,208622
323,92116,San Diego,100,16921,5.91,77306,305640
324,92117,San Diego,168,27317,6.15,88772,586601
325,92118,Coronado,131,9246,14.17,137812,1273862
326,92119,San Diego,51,13556,3.76,92809,1021584
327,92120,San Diego,140,17698,7.91,103501,1087052
328,92121,San Diego,116,5969,19.43,153783,1108024
329,92122,San Diego,265,21625,12.25,108323,627178
330,92123,San Diego,116,19663,5.9,92289,408165
331,92124,San Diego,123,15005,8.2,109520,907617
332,92126,San Diego,303,41045,7.38,100493,573633
333,92127,San Diego,1032,29356,35.15,158748,1066618
334,92128,San Diego,379,30020,12.62,123334,1218479
335,92129,San Diego,467,30972,15.08,139578,1073496
336,92130,San Diego,1437,37308,38.52,183826,1403611
337,92131,San Diego,511,23578,21.67,172094,1474486
338,92139,San Diego,13,17262,0.75,78980,429469
339,92154,San Diego,65,46607,1.39,73187,328140
340,92201,Indio,32,27519,1.16,66806,467187
341,92203,Indio,49,17610,2.78,96755,1037175
342,92210,Indian Wells,40,3140,12.74,127125,2078023
343,92211,Palm Desert,87,16847,5.16,99307,1852504
344,92223,Beaumont,64,30912,2.07,89867,750567
345,92234,Cathedral City,40,25317,1.58,68415,617602
346,92243,El Centro,13,26297,0.49,63639,310809
347,92253,La Quinta,127,22405,5.67,118830,1452156
348,92260,Palm Desert,77,17050,4.52,88677,1164053
349,92262,Palm Springs,155,13893,11.16,75909,565236
350,92264,Palm Springs,94,11263,8.35,85661,998467
351,92270,Rancho Mirage,199,11894,16.73,119941,2059917
352,92307,Apple Valley,30,18514,1.62,77937,732326
353,92324,Colton,32,25832,1.24,61327,259947
354,92335,Fontana,28,40762,0.69,57866,174519
355,92336,Fontana,218,53819,4.05,101792,590569
356,92337,Fontana,31,19622,1.58,82754,383896
357,92344,Hesperia,12,11322,1.06,86726,573163
358,92346,Highland,63,28054,2.25,87020,671494
359,92354,Loma Linda,48,10656,4.5,86227,424691
360,92373,Redlands,188,19285,9.75,109095,1203337
361,92374,Redlands,51,20527,2.48,88821,712158
362,92377,Rialto,16,11534,1.39,96092,744940
363,92392,Victorville,14,26994,0.52,78231,408566
364,92395,Victorville,30,18042,1.66,59131,280539
365,92399,Yucaipa,61,27698,2.2,83329,719445
366,92407,San Bernardino,54,28891,1.87,71998,372394
367,92501,Riverside,11,9785,1.12,62654,216196
368,92503,Riverside,138,42877,3.22,76679,436809
369,92504,Riverside,53,29335,1.81,75800,459606
370,92505,Riverside,30,22153,1.35,73774,299368
371,92506,Riverside,164,24919,6.58,120198,1386320
372,92507,Riverside,54,23095,2.34,58825,213398
373,92508,Riverside,104,20218,5.14,120112,842734
374,92509,Riverside,37,36127,1.02,71753,346070
375,92530,Lake Elsinore,57,25920,2.2,69681,324579
376,92532,Lake Elsinore,57,15367,3.71,89637,464713
377,92553,Moreno Valley,12,29619,0.41,57695,164364
378,92555,Moreno Valley,40,22123,1.81,90981,515047
379,92557,Moreno Valley,30,25156,1.19,80737,520161
380,92562,Murrieta,222,36330,6.11,108317,959259
381,92563,Murrieta,180,38305,4.7,105393,669964
382,92570,Perris,16,23534,0.68,62606,315591
383,92571,Perris,34,25653,1.33,65825,214389
384,92584,Menifee,76,28631,2.65,91836,665848
385,92585,Sun City,26,12232,2.13,80208,540129
386,92587,Quail Valley,34,9772,3.48,98786,949793
387,92590,Temecula,13,3588,3.62,103746,711896
388,92591,Temecula,98,22850,4.29,94309,617928
389,92592,Temecula,288,45439,6.34,111031,800215
390,92595,Wildomar,44,17701,2.49,93994,608100
391,92596,Winchester,59,15724,3.75,108919,636781
392,92602,Irvine,619,17478,35.42,150269,583761
393,92603,Irvine,600,13007,46.13,183212,1606021
394,92604,Irvine,230,15804,14.55,119363,1099390
395,92606,Irvine,227,14265,15.91,122888,659541
396,92610,Foothill Ranch,157,8181,19.19,155622,1093125
397,92612,Irvine,305,16295,18.72,108033,595327
398,92614,Irvine,324,19462,16.65,127856,791614
399,92617,Irvine,70,3974,17.61,30542,38666
400,92618,Irvine,1371,35058,39.11,119937,486310
401,92620,Irvine,1146,35858,31.96,139489,984647
402,92624,Capistrano Beach,40,4230,9.46,120419,1108779
403,92625,Corona Del Mar,419,8901,47.07,206930,2057149
404,92626,Costa Mesa,348,29314,11.87,108758,645087
405,92627,Costa Mesa,318,29876,10.64,88891,313728
406,92629,Dana Point,313,17006,18.41,141140,1302451
407,92630,Lake Forest,530,39380,13.46,118389,931495
408,92637,Laguna Woods,14,9735,1.44,63155,1460072
409,92646,Huntington Beach,402,33689,11.93,118078,1270882
410,92647,Huntington Beach,228,31269,7.29,98790,694189
411,92648,Huntington Beach,592,28862,20.51,139961,1151248
412,92649,Huntington Beach,386,21929,17.6,135201,1343836
413,92651,Laguna Beach,685,16906,40.52,175060,1520859
414,92653,Laguna Hills,301,18862,15.96,144930,1578778
415,92656,Aliso Viejo,520,32299,16.1,124490,651011
416,92657,Newport Coast,573,8297,69.06,244565,2836260
417,92660,Newport Beach,879,27664,31.77,187964,1709031
418,92661,Newport Beach,21,2211,9.5,164062,1246566
419,92662,Newport Beach,12,1728,6.94,142349,1352337
420,92663,Newport Beach,326,13173,24.75,146014,950975
421,92672,San Clemente,341,21262,16.04,121378,1072617
422,92673,San Clemente,520,19428,26.77,155489,1453097
423,92675,San Juan Capistrano,398,20679,19.25,132048,1536462
424,92677,Laguna Niguel,854,42035,20.32,157496,1533490
425,92679,Trabuco Canyon,582,22675,25.67,204677,2064131
426,92683,Westminster,349,46179,7.56,84945,541349
427,92688,Rancho Santa Margarita,277,28165,9.83,125601,893311
428,92691,Mission Viejo,240,29228,8.21,124900,1145618
429,92692,Mission Viejo,437,30652,14.26,134963,1539986
430,92694,Ladera Ranch,649,21053,30.83,169419,1062666
431,92701,Santa Ana,37,17890,2.07,55249,113342
432,92703,Santa Ana,52,23846,2.18,63430,192975
433,92704,Santa Ana,159,35782,4.44,74016,307406
434,92705,Santa Ana,445,27855,15.98,139500,1690506
435,92706,Santa Ana,63,15296,4.12,86689,481384
436,92707,Santa Ana,73,24549,2.97,77500,263962
437,92708,Fountain Valley,443,34540,12.83,112135,1158925
438,92780,Tustin,162,27438,5.9,85557,461297
439,92782,Tustin,552,18334,30.11,142610,878016
440,92801,Anaheim,59,27434,2.15,68699,198096
441,92802,Anaheim,56,17198,3.26,70566,226952
442,92804,Anaheim,113,37335,3.03,72399,261456
443,92805,Anaheim,144,31000,4.65,67825,188469
444,92806,Anaheim,85,22867,3.72,80499,359401
445,92807,Anaheim,350,25259,13.86,137602,1597305
446,92808,Anaheim,247,13681,18.05,143699,1285053
447,92821,Brea,341,25083,13.59,107675,817648
448,92823,Brea,94,3657,25.7,160500,1860622
449,92831,Fullerton,153,16902,9.05,91744,679259
450,92832,Fullerton,61,11275,5.41,82081,347847
451,92833,Fullerton,301,28280,10.64,96711,568578
452,92835,Fullerton,255,14994,17.01,135210,1550453
453,92840,Garden Grove,109,25642,4.25,79942,372722
454,92841,Garden Grove,89,16706,5.33,82218,392223
455,92843,Garden Grove,91,21063,4.32,69395,246632
456,92844,Garden Grove,63,11536,5.46,73401,239443
457,92845,Garden Grove,37,9304,3.98,109560,1144311
458,92860,Norco,42,13165,3.19,116705,1032919
459,92861,Villa Park,121,4186,28.91,230380,3525386
460,92865,Orange,83,12458,6.66,100453,658907
461,92866,Orange,34,7046,4.83,82905,339656
462,92867,Orange,321,24544,13.08,126665,1162849
463,92868,Orange,54,20257,2.67,82232,200301
464,92869,Orange,233,20616,11.3,135867,1365314
465,92870,Placentia,240,28601,8.39,109646,1000273
466,92879,Corona,78,23587,3.31,81327,417531
467,92880,Corona,416,42172,9.86,124588,718534
468,92881,Corona,152,18240,8.33,126491,971571
469,92882,Corona,199,35327,5.63,96500,610973
470,92883,Corona,170,20480,8.3,127029,931065
471,92886,Yorba Linda,624,31950,19.53,151665,1693974
472,92887,Yorba Linda,281,14775,19.02,191454,2298632
473,93001,Ventura,117,15714,7.45,82863,430264
474,93003,Ventura,124,26229,4.73,93714,780099
475,93004,Ventura,60,16689,3.6,99941,754774
476,93010,Camarillo,178,24335,7.31,114172,1177479
477,93012,Camarillo,245,22377,10.95,136911,1495270
478,93013,Carpinteria,52,8292,6.27,104910,865209
479,93021,Moorpark,266,22950,11.59,132478,1113583
480,93023,Ojai,96,10499,9.14,102629,970021
481,93030,Oxnard,48,24246,1.98,76617,300006
482,93035,Oxnard,94,15052,6.25,108335,756912
483,93036,Oxnard,73,21328,3.42,84882,411872
484,93063,Simi Valley,239,32681,7.31,112351,872694
485,93065,Simi Valley,367,43365,8.46,127849,1069502
486,93066,Somis,19,2011,9.45,148052,1560354
487,93101,Santa Barbara,106,13668,7.76,74558,207049
488,93103,Santa Barbara,88,9059,9.71,115047,745200
489,93105,Santa Barbara,184,13048,14.1,125455,1111492
490,93108,Santa Barbara,273,6954,39.26,168627,2111912
491,93109,Santa Barbara,86,5595,15.37,124814,959957
492,93110,Santa Barbara,99,8397,11.79,120891,1081846
493,93111,Santa Barbara,107,10142,10.55,132988,1705087
494,93117,Goleta,147,17952,8.19,86925,585123
495,93230,Hanford,29,31321,0.93,74504,403337
496,93257,Porterville,12,28342,0.42,57748,262436
497,93274,Tulare,22,31096,0.71,66023,287004
498,93277,Visalia,40,22277,1.8,75410,560586
499,93291,Visalia,69,27238,2.53,81508,476413
500,93292,Visalia,12,19343,0.62,74339,437017
501,93306,Bakersfield,28,28952,0.97,74681,551897
502,93309,Bakersfield,15,25367,0.59,67090,416729
503,93311,Bakersfield,117,28191,4.15,116278,912168
504,93312,Bakersfield,64,31663,2.02,115166,839205
505,93313,Bakersfield,29,28118,1.03,77577,384244
506,93314,Bakersfield,51,19259,2.65,130489,1005572
507,93401,San Luis Obispo,169,15520,10.89,84844,544298
508,93402,Los Osos,46,7135,6.45,82620,891333
509,93405,San Luis Obispo,55,7382,7.45,64275,429569
510,93420,Arroyo Grande,120,16805,7.14,101987,1208892
511,93422,Atascadero,54,16725,3.23,89955,873095
512,93427,Buellton,16,3383,4.73,105386,781866
513,93428,Cambria,11,3460,3.18,99016,1551427
514,93436,Lompoc,34,21514,1.58,74251,558281
515,93442,Morro Bay,12,5754,2.09,77336,671582
516,93444,Nipomo,51,11961,4.26,93777,979276
517,93446,Paso Robles,54,23510,2.3,89608,814803
518,93449,Pismo Beach,47,5023,9.36,94406,1149053
519,93455,Santa Maria,29,22947,1.26,93664,972670
520,93460,Santa Ynez,15,3572,4.2,152951,1694228
521,93463,Solvang,28,4550,6.15,119596,1242182
522,93465,Templeton,23,5960,3.86,116019,1224056
523,93534,Lancaster,13,15280,0.85,55028,205093
524,93535,Lancaster,11,29277,0.38,60054,203408
525,93536,Lancaster,82,34238,2.39,90350,624724
526,93550,Palmdale,12,30621,0.39,55487,191578
527,93551,Palmdale,93,29334,3.17,110433,907895
528,93555,Ridgecrest,25,14762,1.69,78229,663056
529,93561,Tehachapi,37,15259,2.42,87442,975945
530,93611,Clovis,68,24761,2.75,98278,867370
531,93619,Clovis,180,26337,6.83,138524,1229486
532,93635,Los Banos,12,20044,0.6,71225,320256
533,93636,Madera,11,7265,1.51,98079,1210085
534,93657,Sanger,12,15676,0.77,71250,499714
535,93710,Fresno,11,11554,0.95,58789,460792
536,93711,Fresno,125,21980,5.69,108938,1320509
537,93720,Fresno,135,25579,5.28,107159,739276
538,93722,Fresno,68,37983,1.79,72231,336818
539,93723,Fresno,11,6003,1.83,88644,494795
540,93727,Fresno,61,33109,1.84,65109,362689
541,93730,Fresno,104,7952,13.08,145888,1425125
542,93901,Salinas,15,13176,1.14,74403,310363
543,93907,Salinas,11,11691,0.94,94111,838870
544,93908,Salinas,49,8215,5.96,155792,1849136
545,93921,Carmel By The Sea,22,1934,11.38,111710,1420588
546,93923,Carmel,157,7039,22.3,145334,2015400
547,93924,Carmel Valley,60,3838,15.63,129452,1607933
548,93933,Marina,51,11868,4.3,75642,293339
549,93940,Monterey,113,15042,7.51,99910,804611
550,93950,Pacific Grove,49,7343,6.67,107981,723272
551,93953,Pebble Beach,41,3029,13.54,172778,2815949
552,93955,Seaside,22,13802,1.59,76454,284273
553,94002,Belmont,595,16130,36.89,153464,1318219
554,94005,Brisbane,60,3037,19.76,129571,730994
555,94010,Burlingame,1217,35012,34.76,182761,1704921
556,94014,Daly City,98,21268,4.61,99605,577496
557,94015,Daly City,220,30113,7.31,101482,696394
558,94018,El Granada,13,1979,6.57,157949,1122459
559,94019,Half Moon Bay,169,8961,18.86,151305,1312367
560,94022,Los Altos,1227,13697,89.58,248970,3041961
561,94024,Los Altos,1210,14870,81.37,259185,3442702
562,94025,Menlo Park,1266,23646,53.54,189555,1560589
563,94027,Atherton,527,5132,102.69,297732,3680197
564,94028,Portola Valley,358,4794,74.68,263238,3322715
565,94030,Millbrae,319,12963,24.61,124010,1055268
566,94037,Montara,20,1684,11.88,181921,1599678
567,94038,Moss Beach,16,1618,9.89,143367,1370182
568,94040,Mountain View,709,18513,38.3,154399,1037811
569,94041,Mountain View,260,7873,33.02,141630,450008
570,94043,Mountain View,612,18015,33.97,126536,495343
571,94044,Pacifica,236,21234,11.11,127839,1045532
572,94061,Redwood City,368,18491,19.9,120124,744872
573,94062,Redwood City,826,16717,49.41,201482,2218705
574,94063,Redwood City,247,17015,14.52,77062,184537
575,94065,Redwood City,422,7882,53.54,180636,1163567
576,94066,San Bruno,240,23001,10.43,108465,658667
577,94070,San Carlos,740,19708,37.55,183383,1803477
578,94080,South San Francisco,334,106998,3.12,103433,673397
579,94085,Sunnyvale,301,13062,23.04,115405,337408
580,94086,Sunnyvale,724,25433,28.47,132924,530081
581,94087,Sunnyvale,1136,30692,37.01,159236,1315787
582,94089,Sunnyvale,275,12817,21.46,113191,892703
583,94102,San Francisco,92,5781,15.91,60364,74169
584,94103,San Francisco,178,9111,19.54,95306,166682
585,94105,San Francisco,237,9205,25.75,201519,662474
586,94107,San Francisco,344,11827,29.09,178675,574303
587,94108,San Francisco,14,2511,5.58,70664,101875
588,94109,San Francisco,216,13744,15.72,117269,254692
589,94110,San Francisco,352,20827,16.9,120222,378572
590,94111,San Francisco,23,1966,11.7,144347,438188
591,94112,San Francisco,206,30503,6.75,100712,575002
592,94114,San Francisco,410,12520,32.75,176643,636680
593,94115,San Francisco,215,12066,17.82,132801,356693
594,94116,San Francisco,286,19191,14.9,126197,951919
595,94117,San Francisco,265,12099,21.9,148185,389444
596,94118,San Francisco,236,14688,16.07,127604,454335
597,94121,San Francisco,228,15889,14.35,111435,481321
598,94122,San Francisco,295,22172,13.31,118066,516092
599,94123,San Francisco,242,10495,23.06,181522,498004
600,94124,San Francisco,112,19118,5.86,75251,321540
601,94127,San Francisco,237,9733,24.35,189060,2151953
602,94129,San Francisco,29,1484,19.54,214222,208164
603,94131,San Francisco,348,12579,27.67,153520,841595
604,94132,San Francisco,123,10589,11.62,97259,591524
605,94133,San Francisco,116,7023,16.52,103741,257170
606,94134,San Francisco,107,16840,6.35,84520,486762
607,94158,San Francisco,109,2666,40.89,160642,395472
608,94301,Palo Alto,764,9338,81.82,224861,1760729
609,94303,Palo Alto,693,22880,30.29,143089,1232486
610,94304,Palo Alto,44,1977,22.26,180386,650523
611,94305,Stanford,82,3172,25.85,99957,870099
612,94306,Palo Alto,793,14763,53.72,185911,1201613
613,94401,San Mateo,203,16282,12.47,103435,448435
614,94402,San Mateo,498,15435,32.26,177661,1670015
615,94403,San Mateo,516,23952,21.54,137065,917227
616,94404,San Mateo,680,21592,31.49,155522,1178802
617,94501,Alameda,374,28259,13.23,102776,510704
618,94502,Alameda,167,8009,20.85,160510,1993109
619,94503,American Canyon,73,11293,6.46,107973,728081
620,94505,Discovery Bay,49,9220,5.31,136854,1481242
621,94506,Danville,726,17300,41.97,230398,2503017
622,94507,Alamo,448,11220,39.93,249153,3459025
623,94509,Antioch,40,28736,1.39,72282,404511
624,94510,Benicia,143,17183,8.32,121179,1088440
625,94513,Brentwood,339,36841,9.2,115596,914371
626,94517,Clayton,51,7789,6.55,171070,1921217
627,94518,Concord,73,13787,5.29,99278,752736
628,94519,Concord,35,9145,3.83,92201,565757
629,94520,Concord,43,18772,2.29,64702,206329
630,94521,Concord,128,22034,5.81,114689,871602
631,94523,Pleasant Hill,161,18887,8.52,116533,1021503
632,94526,Danville,579,21777,26.59,190271,2332454
633,94528,Diablo,15,817,18.36,219754,3271353
634,94530,El Cerrito,104,12220,8.51,117308,1059582
635,94531,Antioch,76,22704,3.35,119048,833120
636,94533,Fairfield,94,34482,2.73,75500,477044
637,94534,Fairfield,263,25359,10.37,128958,1199434
638,94536,Fremont,877,35812,24.49,117933,718505
639,94538,Fremont,1525,36046,42.31,107573,461390
640,94539,Fremont,1931,31330,61.63,198198,2070851
641,94541,Hayward,173,28939,5.98,79328,265947
642,94542,Hayward,193,7664,25.18,138124,1171673
643,94544,Hayward,215,35471,6.06,79041,358011
644,94545,Hayward,186,18672,9.96,94069,566075
645,94546,Castro Valley,209,22864,9.14,103962,835348
646,94547,Hercules,140,14348,9.76,121237,955095
647,94549,Lafayette,574,17459,32.88,210471,2569686
648,94550,Livermore,409,29152,14.03,143422,1189894
649,94551,Livermore,195,24107,8.09,130939,941460
650,94552,Castro Valley,244,9257,26.36,174983,1777464
651,94553,Martinez,151,27749,5.44,106138,834830
652,94555,Fremont,911,19526,46.66,138683,991742
653,94556,Moraga,190,9114,20.85,208972,2912917
654,94558,Napa,326,34836,9.36,104875,1095473
655,94559,Napa,85,13845,6.14,86166,480593
656,94560,Newark,540,25129,21.49,105880,722037
657,94561,Oakley,58,22138,2.62,101881,596132
658,94563,Orinda,551,12570,43.83,244323,3410284
659,94564,Pinole,39,10095,3.86,103533,946957
660,94565,Pittsburg,146,43439,3.36,78942,353593
661,94566,Pleasanton,938,27365,34.28,169838,1556393
662,94568,Dublin,1551,39117,39.65,154413,858285
663,94571,Rio Vista,15,6048,2.48,80152,1419818
664,94574,Saint Helena,82,5189,15.8,126259,1278706
665,94577,San Leandro,150,24458,6.13,91843,525313
666,94578,San Leandro,48,17427,2.75,72180,239566
667,94579,San Leandro,82,11119,7.37,85595,629407
668,94580,San Lorenzo,47,14010,3.35,86181,464206
669,94582,San Ramon,1577,26758,58.94,176036,1093448
670,94583,San Ramon,552,23676,23.31,160053,1325313
671,94585,Suisun City,16,14583,1.1,90790,612368
672,94587,Union City,633,35930,17.62,112813,761205
673,94588,Pleasanton,555,21442,25.88,162913,1363120
674,94590,Vallejo,29,15240,1.9,62524,245144
675,94591,Vallejo,158,28102,5.62,102156,770203
676,94595,Walnut Creek,114,9997,11.4,112962,2366179
677,94596,Walnut Creek,197,13579,14.51,126629,1043768
678,94597,Walnut Creek,148,12510,11.83,116445,694873
679,94598,Walnut Creek,314,15808,19.86,177971,2289845
680,94601,Oakland,35,17270,2.03,54627,109304
681,94602,Oakland,161,13577,11.86,114792,815142
682,94605,Oakland,146,18009,8.11,82175,636947
683,94606,Oakland,31,13802,2.25,64738,104028
684,94607,Oakland,95,9718,9.78,58403,108994
685,94608,Emeryville,159,12095,13.15,84697,218243
686,94609,Oakland,68,7823,8.69,82951,194871
687,94610,Oakland,280,13980,20.03,122235,798126
688,94611,Oakland,678,20675,32.79,175084,1709480
689,94612,Oakland,44,6640,6.63,54564,75391
690,94618,Oakland,257,8377,30.68,190294,1695164
691,94619,Oakland,101,11399,8.86,110238,818296
692,94702,Berkeley,48,6433,7.46,93237,396063
693,94703,Berkeley,51,6711,7.6,89402,309316
694,94704,Berkeley,25,4155,6.02,49206,93107
695,94705,Berkeley,191,6465,29.54,159264,1343898
696,94706,Albany,80,7979,10.03,117996,683825
697,94707,Berkeley,153,6694,22.86,194557,2364257
698,94708,Berkeley,164,5840,28.08,192715,2152058
699,94709,Berkeley,14,3371,4.15,96296,269378
700,94710,Berkeley,32,3618,8.84,85933,225314
701,94801,Richmond,35,12196,2.87,65883,282029
702,94803,El Sobrante,77,13225,5.82,114538,863384
703,94804,Richmond,65,18201,3.57,68593,251840
704,94805,Richmond,22,6444,3.41,94609,624420
705,94806,San Pablo,71,26875,2.64,72118,296244
706,94901,San Rafael,344,21210,16.22,124144,1035361
707,94903,San Rafael,242,16469,14.69,129209,1401311
708,94904,Greenbrae,260,7479,34.76,188966,1925807
709,94920,Belvedere Tiburon,417,8274,50.4,205133,2177265
710,94925,Corte Madera,123,6178,19.91,151381,1162090
711,94928,Rohnert Park,51,21519,2.37,77821,409552
712,94930,Fairfax,40,4462,8.96,144515,1056904
713,94939,Larkspur,109,4321,25.23,166201,1257126
714,94941,Mill Valley,544,18295,29.73,185265,1674267
715,94945,Novato,122,10170,12.0,126317,1401995
716,94946,Nicasio,14,392,35.71,186814,2294765
717,94947,Novato,126,13405,9.4,122070,1232453
718,94949,Novato,132,10286,12.83,125292,1115584
719,94952,Petaluma,192,18099,10.61,106819,765094
720,94954,Petaluma,110,21089,5.22,107727,918082
721,94957,Ross,64,1455,43.99,233807,2913115
722,94960,San Anselmo,174,8298,20.97,160731,1427678
723,94965,Sausalito,128,6329,20.22,149261,921521
724,95003,Aptos,181,13769,13.15,124983,1431623
725,95006,Boulder Creek,20,4703,4.25,117483,929670
726,95008,Campbell,650,27129,23.96,118177,657840
727,95010,Capitola,27,5117,5.28,85384,348398
728,95014,Cupertino,1727,34413,50.18,178367,1479079
729,95020,Gilroy,342,33783,10.12,108018,750917
730,95023,Hollister,80,28106,2.85,92387,576599
731,95030,Los Gatos,568,9309,61.02,233429,2476366
732,95032,Los Gatos,769,16949,45.37,185005,1819614
733,95033,Los Gatos,178,5757,30.92,175424,1723653
734,95035,Milpitas,1162,42482,27.35,127543,828894
735,95037,Morgan Hill,689,30494,22.59,143533,1241853
736,95046,San Martin,13,3621,3.59,139724,1165319
737,95050,Santa Clara,313,20139,15.54,99256,351405
738,95051,Santa Clara,839,33096,25.35,127738,690714
739,95054,Santa Clara,537,14854,36.15,153481,518975
740,95060,Santa Cruz,312,19277,16.19,104008,633948
741,95062,Santa Cruz,150,16322,9.19,95638,410296
742,95065,Santa Cruz,35,4148,8.44,137331,1220387
743,95066,Scotts Valley,129,8625,14.96,143216,1286981
744,95070,Saratoga,1586,21379,74.18,243915,3157204
745,95073,Soquel,47,6015,7.81,121684,1127115
746,95076,Watsonville,111,34973,3.17,80086,500030
747,95110,San Jose,127,9385,13.53,85428,203469
748,95111,San Jose,196,27479,7.13,89747,402117
749,95112,San Jose,266,25665,10.36,80241,210675
750,95113,San Jose,43,1370,31.39,133963,437253
751,95116,San Jose,69,19678,3.51,64535,147790
752,95117,San Jose,183,14532,12.59,98589,316977
753,95118,San Jose,292,17156,17.02,118796,836277
754,95119,San Jose,55,5628,9.77,134441,1068565
755,95120,San Jose,1057,24301,43.5,218748,2958861
756,95121,San Jose,303,19346,15.66,118059,794045
757,95122,San Jose,73,23515,3.1,67963,215328
758,95123,San Jose,568,35730,15.9,115867,798094
759,95124,San Jose,672,27120,24.78,142140,1149519
760,95125,San Jose,860,29296,29.36,140815,1048723
761,95126,San Jose,365,18115,20.15,108951,414231
762,95127,San Jose,218,28788,7.57,97033,575368
763,95128,San Jose,268,16815,15.94,99432,358266
764,95129,San Jose,688,22257,30.91,147898,1218365
765,95130,San Jose,178,7085,25.12,119829,640022
766,95131,San Jose,452,20125,22.46,141655,811180
767,95132,San Jose,367,21860,16.79,124442,933427
768,95133,San Jose,225,15010,14.99,104319,633670
769,95134,San Jose,520,16907,30.76,154500,364447
770,95135,San Jose,617,12652,48.77,164351,1918281
771,95136,San Jose,395,25242,15.65,115491,652574
772,95138,San Jose,710,11800,60.17,181584,1376395
773,95139,San Jose,53,3808,13.92,132891,1052529
774,95148,San Jose,507,25117,20.19,138119,1050433
775,95206,Stockton,29,26305,1.1,60295,212852
776,95207,Stockton,27,18284,1.48,59050,300350
777,95209,Stockton,40,19692,2.03,90131,603907
778,95212,Stockton,58,14158,4.1,99619,790877
779,95219,Stockton,96,14939,6.43,110718,835105
780,95240,Lodi,13,19587,0.66,65638,395020
781,95242,Lodi,31,14197,2.18,97174,891229
782,95301,Atwater,26,17049,1.53,67832,419355
783,95304,Tracy,43,8067,5.33,113442,702541
784,95307,Ceres,14,19491,0.72,63030,273748
785,95330,Lathrop,70,13096,5.35,81150,354629
786,95336,Manteca,43,22907,1.88,76842,635628
787,95337,Manteca,98,21426,4.57,86627,490260
788,95340,Merced,22,14428,1.52,70901,480018
789,95348,Merced,11,12149,0.91,65116,217549
790,95350,Modesto,29,21175,1.37,65174,400444
791,95355,Modesto,77,27747,2.78,82765,587959
792,95356,Modesto,87,17870,4.87,90925,668471
793,95361,Oakdale,31,16593,1.87,86561,754141
794,95363,Patterson,28,13235,2.12,75724,307426
795,95366,Ripon,25,10015,2.5,112998,906608
796,95376,Tracy,68,25540,2.66,82877,450067
797,95377,Tracy,119,18471,6.44,121243,609573
798,95380,Turlock,14,17199,0.81,60738,336592
799,95382,Turlock,47,18239,2.58,85571,553895
800,95391,Tracy,341,10670,31.96,119406,627394
801,95401,Santa Rosa,19,17207,1.1,72928,483960
802,95403,Santa Rosa,91,20896,4.35,88410,664458
803,95404,Santa Rosa,148,18552,7.98,101200,996236
804,95405,Santa Rosa,69,11445,6.03,98723,936689
805,95407,Santa Rosa,15,18907,0.79,71243,224237
806,95409,Santa Rosa,121,14453,8.37,97970,1238604
807,95425,Cloverdale,11,6079,1.81,77699,706158
808,95442,Glen Ellen,12,1612,7.44,123534,1278946
809,95448,Healdsburg,120,10423,11.51,95752,853996
810,95472,Sebastopol,133,14859,8.95,102711,1098163
811,95476,Sonoma,198,17503,11.31,100924,1011312
812,95482,Ukiah,16,14912,1.07,60048,416235
813,95492,Windsor,67,15181,4.41,104778,812602
814,95503,Eureka,11,9868,1.11,63086,527894
815,95521,Arcata,11,6538,1.68,49247,177270
816,95602,Auburn,34,9523,3.57,95690,1311674
817,95603,Auburn,46,14700,3.13,91080,967671
818,95605,West Sacramento,13,9221,1.41,55701,152059
819,95608,Carmichael,144,29016,4.96,88593,740497
820,95610,Citrus Heights,13,19906,0.65,69896,439914
821,95616,Davis,174,16418,10.6,85125,477773
822,95618,Davis,211,14013,15.06,122966,856154
823,95620,Dixon,13,11143,1.17,91776,616320
824,95624,Elk Grove,187,34794,5.37,105657,846046
825,95628,Fair Oaks,97,22430,4.32,109045,1147866
826,95630,Folsom,500,41829,11.95,127240,1003746
827,95648,Lincoln,162,29766,5.44,95310,1392260
828,95650,Loomis,80,8048,9.94,134924,1603256
829,95661,Roseville,136,22393,6.07,105531,839337
830,95662,Orangevale,31,16014,1.94,89488,858502
831,95667,Placerville,40,18741,2.13,85240,950320
832,95670,Rancho Cordova,99,25758,3.84,80535,662656
833,95677,Rocklin,111,15878,6.99,97181,833225
834,95678,Roseville,93,22616,4.11,86841,404902
835,95682,Shingle Springs,61,16524,3.69,112768,1174870
836,95683,Sloughhouse,13,4138,3.14,132464,1882634
837,95687,Vacaville,109,31463,3.46,91046,688626
838,95688,Vacaville,113,21170,5.34,107372,1048921
839,95691,West Sacramento,77,19930,3.86,83458,478248
840,95695,Woodland,26,17140,1.52,78836,593681
841,95722,Meadow Vista,15,2939,5.1,111143,1682102
842,95742,Rancho Cordova,54,11783,4.58,128313,726012
843,95746,Granite Bay,300,14464,20.74,180464,2208803
844,95747,Roseville,303,40970,7.4,113187,1008588
845,95757,Elk Grove,215,27922,7.7,106674,678223
846,95758,Elk Grove,132,33579,3.93,99579,633797
847,95762,El Dorado Hills,549,30037,18.28,160127,1543210
848,95765,Rocklin,244,23314,10.47,116563,888236
849,95776,Woodland,39,13114,2.97,90068,482047
850,95811,Sacramento,19,5514,3.45,55377,55217
851,95814,Sacramento,27,6493,4.16,51500,55903
852,95816,Sacramento,51,12265,4.16,76004,221692
853,95817,Sacramento,11,5137,2.14,53980,134896
854,95818,Sacramento,76,10618,7.16,95800,660562
855,95819,Sacramento,74,9161,8.08,108789,724214
856,95821,Sacramento,18,15769,1.14,68201,407099
857,95822,Sacramento,41,18924,2.17,68900,520615
858,95825,Sacramento,16,13651,1.17,60192,247132
859,95826,Sacramento,16,17124,0.93,68970,410250
860,95827,Sacramento,11,11766,0.93,71516,379740
861,95828,Sacramento,27,27646,0.98,65583,320466
862,95829,Sacramento,94,16474,5.71,99795,620222
863,95831,Sacramento,159,21606,7.36,96519,877031
864,95833,Sacramento,39,17314,2.25,73378,235487
865,95834,Sacramento,91,19269,4.72,75299,207743
866,95835,Sacramento,155,21109,7.34,104237,622226
867,95843,Antelope,38,22921,1.66,87811,506312
868,95864,Sacramento,160,12834,12.47,124719,1478050
869,95926,Chico,19,13634,1.39,62000,343423
870,95928,Chico,38,15107,2.52,66127,424839
871,95945,Grass Valley,12,10863,1.1,61511,575553
872,95949,Grass Valley,11,9814,1.12,83405,1295710
873,95959,Nevada City,39,8864,4.4,80843,997236
874,95961,Olivehurst,11,11105,0.99,65335,256634
875,95973,Chico,35,18121,1.93,75970,541008
876,95993,Yuba City,47,18629,2.52,89449,821226
877,96001,Redding,32,14745,2.17,74459,751869
878,96002,Redding,14,14377,0.97,66377,560356
879,96003,Redding,29,19669,1.47,68816,563305
880,96150,South Lake Tahoe,12,8692,1.38,73629,420464
881,96161,Truckee,54,8857,6.1,101103,755014
