,zip,total
0,90000,169
1,90001,32659
2,90002,29124
3,90003,39507
4,90004,32088
5,90005,15958
6,90006,27404
7,90007,16431
8,90008,17788
9,90009,386
10,90010,5402
11,90011,56196
12,90012,31199
13,90013,3067
14,90014,1787
15,90015,10176
16,90016,29779
17,90017,10673
18,90018,29621
19,90019,37667
20,90020,18428
21,90021,2038
22,90022,40393
23,90023,26610
24,90024,17918
25,90025,28647
26,90026,36839
27,90027,26901
28,90028,14676
29,90029,17858
30,90030,26
31,90031,21978
32,90032,28386
33,90033,23431
34,90034,36305
35,90035,17292
36,90036,23025
37,90037,33535
38,90038,14491
39,90039,19715
40,90040,10261
41,90041,17527
42,90042,37916
43,90043,28785
44,90044,52072
45,90045,133991
46,90046,32568
47,90047,33026
48,90048,14077
49,90049,25638
50,90050,47
51,90051,228
52,90054,197
53,90056,5492
54,90057,17023
55,90058,3974
56,90059,23566
57,90060,12
58,90061,16249
59,90062,19524
60,90063,41688
61,90064,19538
62,90065,31741
63,90066,37979
64,90067,3014
65,90068,14569
66,90069,14596
67,90071,129
68,90075,17
69,90076,13
70,90077,5836
71,90078,123
72,90086,37
73,90089,54
74,90091,11
75,90093,14
76,90094,4948
77,90095,557
78,90201,58887
79,90202,92
80,90209,135
81,90210,16165
82,90211,6983
83,90212,8579
84,90213,63
85,90220,33811
86,90221,34639
87,90222,18167
88,90224,86
89,90230,22437
90,90231,121
91,90232,10908
92,90239,78
93,90240,18841
94,90241,31843
95,90242,29144
96,90245,13763
97,90247,32958
98,90248,11736
99,90249,19838
100,90250,63963
101,90251,193
102,90254,13945
103,90255,43028
104,90260,22860
105,90262,42789
106,90263,96
107,90264,34
108,90265,12383
109,90266,26984
110,90267,66
111,90270,15791
112,90272,16604
113,90274,21612
114,90275,33474
115,90277,27598
116,90278,30165
117,90280,62427
118,90290,3633
119,90291,17125
120,90292,16721
121,90293,7955
122,90294,79
123,90295,138
124,90301,22903
125,90302,17356
126,90303,15260
127,90304,16670
128,90305,9500
129,90308,12
130,90401,4743
131,90402,7163
132,90403,16620
133,90404,13408
134,90405,19167
135,90406,139
136,90408,11
137,90409,35
138,90501,34500
139,90502,12877
140,90503,33817
141,90504,25516
142,90505,28795
143,90506,19
144,90508,33
145,90509,27
146,90510,103
147,90601,23987
148,90602,15325
149,90603,14589
150,90604,27673
151,90605,29692
152,90606,22281
153,90607,95
154,90608,40
155,90620,35896
156,90621,25554
157,90622,176
158,90623,11396
159,90630,38742
160,90631,51500
161,90632,51
162,90633,64
163,90637,60
164,90638,37610
165,90640,46403
166,90650,73767
167,90651,125
168,90660,45986
169,90670,18232
170,90680,21167
171,90701,10139
172,90702,26
173,90703,42537
174,90704,1058
175,90706,52966
176,90707,196
177,90710,17791
178,90711,63
179,90712,23836
180,90713,21197
181,90714,145
182,90715,13074
183,90716,7805
184,90717,14590
185,90720,18190
186,90723,36251
187,90731,39031
188,90732,14557
189,90733,144
190,90734,12
191,90740,19248
192,90742,208
193,90743,33
194,90744,35699
195,90745,43586
196,90746,21144
197,90748,239
198,90749,205
199,90755,9299
200,90801,244
201,90802,21387
202,90803,23163
203,90804,21016
204,90805,59601
205,90806,27099
206,90807,23043
207,90808,30611
208,90809,111
209,90810,25356
210,90813,27538
211,90814,11388
212,90815,27896
213,90840,27
214,90853,16
215,91001,27567
216,91003,31
217,91006,24256
218,91007,21536
219,91008,277
220,91009,36
221,91010,18928
222,91011,16233
223,91012,77
224,91016,30250
225,91017,123
226,91020,4391
227,91021,32
228,91024,7151
229,91025,39
230,91030,17666
231,91031,105
232,91040,16099
233,91041,46
234,91042,20179
235,91046,22
236,91066,92
237,91077,18
238,91101,11379
239,91102,29
240,91103,16761
241,91104,24052
242,91105,9184
243,91106,15563
244,91107,25477
245,91108,9107
246,91109,505
247,91111,132
248,91114,24
249,91117,44
250,91118,16
251,91125,13
252,91201,16453
253,91202,15492
254,91203,9343
255,91204,10167
256,91205,22280
257,91206,22721
258,91207,6552
259,91208,11928
260,91209,118
261,91214,24300
262,91221,55
263,91224,11
264,91225,36
265,91226,50
266,91301,20361
267,91302,20786
268,91303,17263
269,91304,34822
270,91306,33077
271,91307,19065
272,91308,42
273,91309,44
274,91310,12
275,91311,30545
276,91313,69
277,91316,19636
278,91319,28
279,91320,37174
280,91321,24195
281,91322,61
282,91324,19838
283,91325,23051
284,91326,27980
285,91327,12
286,91328,42
287,91330,75
288,91331,73373
289,91333,119
290,91335,53359
291,91337,87
292,91340,24208
293,91341,40
294,91342,71755
295,91343,41439
296,91344,41347
297,91345,14216
298,91346,54
299,91350,30189
300,91351,25506
301,91352,36862
302,91353,142
303,91354,23166
304,91355,26224
305,91356,21326
306,91357,77
307,91358,40
308,91359,148
309,91360,34241
310,91361,16660
311,91362,32146
312,91364,20345
313,91365,30
314,91367,31759
315,91376,33
316,91377,10090
317,91380,149
318,91381,13587
319,91384,17299
320,91386,69
321,91387,31421
322,91390,15407
323,91392,163
324,91393,12
325,91394,32
326,91395,23
327,91396,63
328,91401,26854
329,91402,43126
330,91403,17849
331,91405,38341
332,91406,38786
333,91408,26
334,91409,157
335,91411,14765
336,91412,57
337,91413,141
338,91416,43
339,91423,22805
340,91436,12407
341,91501,13785
342,91502,7322
343,91503,14
344,91504,18842
345,91505,23998
346,91506,13995
347,91507,49
348,91510,172
349,91521,64
350,91522,49
351,91601,23852
352,91602,13260
353,91603,23
354,91604,21584
355,91605,39726
356,91606,28850
357,91607,19439
358,91608,76
359,91609,12
360,91610,14
361,91614,29
362,91615,69
363,91617,11
364,91700,17
365,91701,31474
366,91702,41689
367,91706,57642
368,91708,5919
369,91709,61492
370,91710,65887
371,91711,23853
372,91715,131
373,91716,67
374,91720,43
375,91722,25950
376,91723,12533
377,91724,19502
378,91729,553
379,91730,50544
380,91731,18887
381,91732,39694
382,91733,30057
383,91734,785
384,91737,18582
385,91739,28065
386,91740,19095
387,91741,20416
388,91743,12
389,91744,61496
390,91745,43226
391,91746,24027
392,91747,265
393,91748,35317
394,91750,26640
395,91752,27638
396,91754,24611
397,91755,19470
398,91759,109
399,91760,42
400,91761,51921
401,91762,44049
402,91763,27550
403,91764,36917
404,91765,37142
405,91766,49474
406,91767,33221
407,91768,22320
408,91769,420
409,91770,48738
410,91773,26800
411,91775,16363
412,91776,28114
413,91778,86
414,91780,25714
415,91784,22627
416,91785,268
417,91786,37753
418,91788,94
419,91789,35071
420,91790,33427
421,91791,24996
422,91792,20433
423,91793,205
424,91801,35960
425,91802,905
426,91803,21319
427,91901,12980
428,91902,14370
429,91903,165
430,91905,1321
431,91906,3427
432,91908,126
433,91909,135
434,91910,59697
435,91911,67839
436,91912,908
437,91913,34786
438,91914,11919
439,91915,20484
440,91916,1483
441,91917,338
442,91921,91
443,91931,249
444,91932,16387
445,91933,139
446,91934,356
447,91935,7055
448,91941,24633
449,91942,27659
450,91943,19
451,91944,183
452,91945,19875
453,91946,86
454,91948,67
455,91950,41173
456,91951,271
457,91962,1398
458,91963,1289
459,91976,40
460,91977,45471
461,91978,6431
462,91979,134
463,91980,2435
464,92000,141
465,92003,3283
466,92004,3499
467,92007,7783
468,92008,22748
469,92009,34029
470,92010,11737
471,92011,18042
472,92013,55
473,92014,10885
474,92018,763
475,92019,33270
476,92020,42819
477,92021,49162
478,92022,162
479,92023,484
480,92024,43011
481,92025,36265
482,92026,38790
483,92027,40667
484,92028,40282
485,92029,18798
486,92030,217
487,92033,198
488,92036,3502
489,92037,29263
490,92038,136
491,92039,14
492,92040,35208
493,92041,14
494,92046,271
495,92049,60
496,92050,22
497,92051,215
498,92052,208
499,92054,27587
500,92055,1487
501,92056,41942
502,92057,41626
503,92058,22818
504,92059,1159
505,92060,205
506,92061,1296
507,92064,40954
508,92065,31827
509,92066,220
510,92067,8298
511,92068,68
512,92069,36414
513,92070,944
514,92071,43320
515,92072,234
516,92074,88
517,92075,9209
518,92078,34879
519,92079,339
520,92081,21307
521,92082,17523
522,92083,26705
523,92084,36893
524,92085,558
525,92086,764
526,92088,430
527,92091,969
528,92092,157
529,92093,473
530,92100,139
531,92101,42311
532,92102,28032
533,92103,23516
534,92104,30032
535,92105,44842
536,92106,13672
537,92107,19695
538,92108,15746
539,92109,31687
540,92110,20072
541,92111,38412
542,92112,383
543,92113,32911
544,92114,51415
545,92115,34970
546,92116,22289
547,92117,41021
548,92118,11094
549,92119,17479
550,92120,22602
551,92121,6579
552,92122,26478
553,92123,25144
554,92124,18082
555,92126,57288
556,92127,32845
557,92128,36444
558,92129,40438
559,92130,41092
560,92131,27757
561,92133,13
562,92136,274
563,92137,27
564,92138,472
565,92139,25584
566,92142,69
567,92143,955
568,92145,114
569,92149,31
570,92150,161
571,92153,252
572,92154,75175
573,92159,52
574,92160,63
575,92163,195
576,92165,126
577,92166,68
578,92167,46
579,92168,56
580,92169,153
581,92170,207
582,92171,99
583,92172,82
584,92173,32628
585,92174,137
586,92175,65
587,92176,89
588,92177,90
589,92178,159
590,92182,156
591,92191,11
592,92192,96
593,92193,32
594,92195,90
595,92196,165
596,92198,99
597,92201,39836
598,92202,896
599,92203,20412
600,92210,2318
601,92211,19120
602,92220,21799
603,92222,16
604,92223,39755
605,92225,9953
606,92226,371
607,92227,20408
608,92230,823
609,92231,45120
610,92232,679
611,92233,2407
612,92234,36935
613,92235,378
614,92236,26923
615,92239,56
616,92240,22812
617,92241,4212
618,92242,288
619,92243,40847
620,92244,463
621,92247,106
622,92248,195
623,92249,5633
624,92250,6556
625,92251,16936
626,92252,5064
627,92253,27406
628,92254,7130
629,92255,217
630,92256,1817
631,92257,836
632,92258,226
633,92259,468
634,92260,21642
635,92261,171
636,92262,17853
637,92263,481
638,92264,13531
639,92266,184
640,92267,25
641,92268,229
642,92270,12704
643,92273,748
644,92274,11507
645,92275,1492
646,92276,5448
647,92277,11299
648,92278,101
649,92281,1088
650,92282,224
651,92283,338
652,92284,16684
653,92285,858
654,92286,260
655,92301,19245
656,92305,132
657,92307,29003
658,92308,29138
659,92309,83
660,92310,1489
661,92311,17975
662,92312,195
663,92313,8078
664,92314,6473
665,92315,4865
666,92316,24233
667,92317,1596
668,92318,13
669,92320,6290
670,92321,516
671,92322,192
672,92324,39380
673,92325,6785
674,92327,75
675,92328,50
676,92329,2265
677,92330,11
678,92331,126
679,92333,162
680,92334,314
681,92335,73369
682,92336,72997
683,92337,29269
684,92339,336
685,92340,530
686,92341,79
687,92342,3361
688,92343,22
689,92344,15214
690,92345,60748
691,92346,39776
692,92347,239
693,92352,3331
694,92354,13896
695,92356,3345
696,92358,196
697,92359,5168
698,92363,2288
699,92365,646
700,92368,219
701,92369,102
702,92371,8694
703,92372,3032
704,92373,25042
705,92374,27894
706,92375,218
707,92376,58106
708,92377,15970
709,92378,211
710,92382,3165
711,92383,20
712,92385,107
713,92386,888
714,92389,38
715,92391,906
716,92392,39023
717,92393,572
718,92394,20049
719,92395,26695
720,92397,3191
721,92398,421
722,92399,41850
723,92401,458
724,92402,143
725,92403,11
726,92404,34555
727,92405,16787
728,92406,83
729,92407,41746
730,92408,9851
731,92410,29350
732,92411,15660
733,92413,105
734,92415,3155
735,92423,166
736,92427,98
737,92501,14296
738,92502,83
739,92503,64213
740,92504,44127
741,92505,33272
742,92506,34382
743,92507,33088
744,92508,25856
745,92509,60681
746,92513,120
747,92514,18
748,92516,56
749,92517,305
750,92518,192
751,92519,62
752,92521,90
753,92522,116
754,92530,38214
755,92531,177
756,92532,16178
757,92536,1741
758,92539,2493
759,92543,20745
760,92544,31013
761,92545,27780
762,92546,195
763,92548,4026
764,92549,2515
765,92551,19900
766,92552,230
767,92553,46516
768,92554,41
769,92555,28708
770,92556,86
771,92557,35366
772,92561,522
773,92562,48390
774,92563,47824
775,92564,124
776,92567,6303
777,92570,39856
778,92571,37182
779,92572,421
780,92581,530
781,92582,11023
782,92583,18267
783,92584,35638
784,92585,15031
785,92586,15564
786,92587,12718
787,92589,485
788,92590,3544
789,92591,29274
790,92592,59141
791,92593,316
792,92595,25257
793,92596,18649
794,92600,37
795,92602,17164
796,92603,13415
797,92604,19213
798,92605,31
799,92606,15836
800,92607,91
801,92609,114
802,92610,8156
803,92612,16999
804,92613,26
805,92614,20923
806,92615,132
807,92616,25
808,92617,3550
809,92618,33010
810,92619,129
811,92620,39509
812,92621,22
813,92623,185
814,92624,5039
815,92625,9244
816,92626,43869
817,92627,45034
818,92628,160
819,92629,21437
820,92630,52800
821,92633,12
822,92637,11878
823,92640,69
824,92646,46684
825,92647,44773
826,92648,37282
827,92649,28721
828,92651,20066
829,92652,141
830,92653,24193
831,92654,93
832,92655,5030
833,92656,37704
834,92657,7565
835,92658,369
836,92659,127
837,92660,31362
838,92661,1447
839,92662,1043
840,92663,15417
841,92666,62
842,92667,43
843,92670,57
844,92672,28525
845,92673,23308
846,92674,156
847,92675,29208
848,92676,717
849,92677,52334
850,92678,83
851,92679,25578
852,92680,19
853,92683,70097
854,92684,110
855,92685,176
856,92688,33830
857,92690,154
858,92691,39605
859,92692,38076
860,92693,92
861,92694,19918
862,92697,137
863,92700,84
864,92701,31445
865,92702,167
866,92703,42892
867,92704,59837
868,92705,37987
869,92706,23119
870,92707,41562
871,92708,47555
872,92711,150
873,92728,123
874,92735,45
875,92780,39135
876,92781,242
877,92782,19577
878,92799,115
879,92801,42234
880,92802,26007
881,92803,258
882,92804,58105
883,92805,55645
884,92806,32711
885,92807,31878
886,92808,15026
887,92809,44
888,92812,102
889,92814,61
890,92815,135
891,92816,14
892,92817,62
893,92821,32357
894,92822,156
895,92823,2592
896,92831,22469
897,92832,15730
898,92833,38485
899,92834,158
900,92835,17908
901,92836,58
902,92837,56
903,92838,23
904,92840,39075
905,92841,24678
906,92842,346
907,92843,32860
908,92844,16346
909,92845,12081
910,92846,19
911,92856,64
912,92859,73
913,92860,20576
914,92861,3721
915,92863,573
916,92865,16820
917,92866,9083
918,92867,34298
919,92868,37224
920,92869,28201
921,92870,39397
922,92871,90
923,92877,108
924,92878,909
925,92879,34138
926,92880,53173
927,92881,23109
928,92882,50980
929,92883,23499
930,92885,45
931,92886,40426
932,92887,16648
933,93001,24777
934,93002,243
935,93003,40931
936,93004,24279
937,93005,68
938,93006,224
939,93007,116
940,93010,35463
941,93011,269
942,93012,29051
943,93013,12472
944,93014,129
945,93015,12594
946,93016,125
947,93020,36
948,93021,30751
949,93022,4169
950,93023,16199
951,93024,126
952,93030,42431
953,93031,632
954,93032,140
955,93033,57284
956,93034,182
957,93035,21269
958,93036,32862
959,93040,795
960,93041,13641
961,93044,151
962,93060,23760
963,93061,114
964,93062,102
965,93063,46887
966,93065,62124
967,93066,2009
968,93067,343
969,93094,66
970,93101,21651
971,93102,202
972,93103,14408
973,93105,18657
974,93106,193
975,93108,8201
976,93109,7108
977,93110,11536
978,93111,14546
979,93116,143
980,93117,28251
981,93118,37
982,93120,30
983,93121,55
984,93130,109
985,93140,308
986,93150,72
987,93160,112
988,93190,50
989,93201,292
990,93202,1784
991,93203,10866
992,93204,4984
993,93205,932
994,93206,911
995,93207,70
996,93210,8117
997,93212,8330
998,93215,29250
999,93216,357
1000,93218,296
1001,93219,5269
1002,93220,86
1003,93221,10158
1004,93222,751
1005,93223,6143
1006,93224,158
1007,93225,3060
1008,93226,54
1009,93227,274
1010,93230,47245
1011,93232,114
1012,93234,3055
1013,93235,2298
1014,93238,790
1015,93239,362
1016,93240,3434
1017,93241,8326
1018,93242,1490
1019,93243,561
1020,93244,110
1021,93245,21938
1022,93246,13
1023,93247,10681
1024,93249,927
1025,93250,8043
1026,93251,107
1027,93252,361
1028,93254,211
1029,93255,217
1030,93256,2776
1031,93257,49251
1032,93258,1012
1033,93260,56
1034,93261,995
1035,93263,13331
1036,93265,2210
1037,93266,438
1038,93267,3387
1039,93268,9249
1040,93270,3509
1041,93271,1082
1042,93272,1894
1043,93274,49738
1044,93275,221
1045,93276,44
1046,93277,33970
1047,93278,96
1048,93279,167
1049,93280,13413
1050,93283,897
1051,93285,1227
1052,93286,5694
1053,93287,22
1054,93290,89
1055,93291,39224
1056,93292,28603
1057,93301,10451
1058,93302,64
1059,93303,242
1060,93304,26664
1061,93305,17139
1062,93306,44096
1063,93307,52810
1064,93308,39422
1065,93309,36939
1066,93311,33920
1067,93312,41642
1068,93313,39603
1069,93314,24332
1070,93380,770
1071,93383,11
1072,93384,286
1073,93385,72
1074,93386,84
1075,93387,123
1076,93388,47
1077,93389,313
1078,93390,144
1079,93401,22917
1080,93402,11066
1081,93403,155
1082,93405,10070
1083,93406,206
1084,93407,113
1085,93408,114
1086,93412,39
1087,93420,25934
1088,93421,223
1089,93422,26971
1090,93423,358
1091,93424,249
1092,93426,430
1093,93427,4134
1094,93428,4409
1095,93429,14
1096,93430,1577
1097,93432,601
1098,93433,9175
1099,93434,4602
1100,93436,38470
1101,93437,474
1102,93438,247
1103,93440,723
1104,93441,480
1105,93442,7897
1106,93443,78
1107,93444,18064
1108,93445,4207
1109,93446,38419
1110,93447,868
1111,93448,164
1112,93449,5826
1113,93450,135
1114,93451,2591
1115,93452,133
1116,93453,1552
1117,93454,28881
1118,93455,35946
1119,93456,973
1120,93457,119
1121,93458,40262
1122,93460,4307
1123,93461,481
1124,93463,5520
1125,93464,103
1126,93465,7827
1127,93475,86
1128,93483,101
1129,93501,2632
1130,93502,38
1131,93504,50
1132,93505,6315
1133,93510,6182
1134,93512,68
1135,93513,1005
1136,93514,12313
1137,93515,416
1138,93516,590
1139,93517,428
1140,93518,414
1141,93522,12
1142,93523,659
1143,93526,470
1144,93527,1244
1145,93528,11
1146,93529,299
1147,93531,107
1148,93532,1310
1149,93534,23748
1150,93535,48137
1151,93536,50902
1152,93539,189
1153,93541,238
1154,93543,9422
1155,93544,290
1156,93545,1133
1157,93546,7249
1158,93549,175
1159,93550,51204
1160,93551,42082
1161,93552,28208
1162,93553,643
1163,93555,23732
1164,93556,147
1165,93560,13710
1166,93561,24333
1167,93562,501
1168,93563,13
1169,93581,348
1170,93586,15
1171,93590,142
1172,93591,4025
1173,93592,69
1174,93599,79
1175,93601,963
1176,93602,1926
1177,93603,45
1178,93604,177
1179,93605,30
1180,93606,484
1181,93608,306
1182,93609,3423
1183,93610,10662
1184,93611,34438
1185,93612,21653
1186,93613,294
1187,93614,8506
1188,93615,2754
1189,93616,984
1190,93618,19079
1191,93619,30933
1192,93620,6371
1193,93621,117
1194,93622,6593
1195,93623,60
1196,93624,220
1197,93625,4918
1198,93626,676
1199,93627,14
1200,93628,21
1201,93630,12925
1202,93631,11480
1203,93635,32324
1204,93636,9483
1205,93637,27055
1206,93638,29927
1207,93639,86
1208,93640,7634
1209,93641,131
1210,93643,1802
1211,93644,6335
1212,93645,102
1213,93646,5466
1214,93647,6577
1215,93648,8812
1216,93650,1726
1217,93651,676
1218,93652,183
1219,93653,391
1220,93654,19894
1221,93656,3684
1222,93657,25472
1223,93660,2013
1224,93662,20420
1225,93664,233
1226,93665,186
1227,93666,224
1228,93667,1090
1229,93668,414
1230,93669,82
1231,93670,13
1232,93673,272
1233,93675,1874
1234,93701,4506
1235,93702,25616
1236,93703,18281
1237,93704,17102
1238,93705,19597
1239,93706,25786
1240,93710,16196
1241,93711,28510
1242,93720,32546
1243,93721,2693
1244,93722,56926
1245,93723,7291
1246,93725,19049
1247,93726,22245
1248,93727,50461
1249,93728,8272
1250,93729,118
1251,93730,7666
1252,93737,2723
1253,93740,47
1254,93744,30
1255,93745,27
1256,93747,49
1257,93755,92
1258,93776,20
1259,93777,13
1260,93778,11
1261,93790,58
1262,93794,21
1263,93901,21441
1264,93902,605
1265,93905,43828
1266,93906,43635
1267,93907,18590
1268,93908,10738
1269,93912,868
1270,93915,331
1271,93920,619
1272,93921,1883
1273,93922,602
1274,93923,8326
1275,93924,4640
1276,93925,685
1277,93926,6185
1278,93927,12268
1279,93928,11
1280,93930,10435
1281,93932,190
1282,93933,16360
1283,93940,21734
1284,93942,535
1285,93944,22
1286,93950,10128
1287,93953,2922
1288,93954,71
1289,93955,23153
1290,93960,12506
1291,93962,226
1292,94000,17
1293,94002,20896
1294,94003,16
1295,94005,2894
1296,94010,42262
1297,94011,111
1298,94014,31525
1299,94015,43031
1300,94017,129
1301,94018,1843
1302,94019,12432
1303,94020,645
1304,94021,36
1305,94022,16452
1306,94023,123
1307,94024,18532
1308,94025,30656
1309,94026,272
1310,94027,4944
1311,94028,4996
1312,94030,16881
1313,94037,1329
1314,94038,1468
1315,94039,90
1316,94040,23591
1317,94041,9209
1318,94042,131
1319,94043,22753
1320,94044,30499
1321,94060,651
1322,94061,27077
1323,94062,22494
1324,94063,28317
1325,94064,350
1326,94065,8513
1327,94066,33765
1328,94070,26204
1329,94074,87
1330,94080,124834
1331,94083,145
1332,94085,16372
1333,94086,33229
1334,94087,40939
1335,94088,150
1336,94089,16404
1337,94100,103
1338,94102,6375
1339,94103,10666
1340,94104,1167
1341,94105,12076
1342,94107,14245
1343,94108,2156
1344,94109,17673
1345,94110,30439
1346,94111,968
1347,94112,45369
1348,94114,15763
1349,94115,14839
1350,94116,26235
1351,94117,15645
1352,94118,19497
1353,94119,31
1354,94121,21124
1355,94122,30747
1356,94123,12557
1357,94124,30499
1358,94127,12070
1359,94128,348
1360,94129,705
1361,94130,246
1362,94131,15756
1363,94132,13485
1364,94133,8706
1365,94134,24161
1366,94140,44
1367,94141,37
1368,94142,698
1369,94158,1680
1370,94159,14
1371,94188,153
1372,94236,281
1373,94240,14
1374,94244,1541
1375,94283,276
1376,94296,127
1377,94301,11125
1378,94302,111
1379,94303,35588
1380,94304,1165
1381,94305,2978
1382,94306,19356
1383,94309,46
1384,94401,25278
1385,94402,20560
1386,94403,32542
1387,94404,26331
1388,94501,41543
1389,94502,9718
1390,94503,16153
1391,94505,10988
1392,94506,19325
1393,94507,13034
1394,94508,1376
1395,94509,47157
1396,94510,24613
1397,94511,802
1398,94513,50651
1399,94514,590
1400,94515,4422
1401,94516,77
1402,94517,9667
1403,94518,19955
1404,94519,13327
1405,94520,29404
1406,94521,32065
1407,94522,119
1408,94523,25998
1409,94524,216
1410,94525,1620
1411,94526,27593
1412,94528,199
1413,94530,17272
1414,94531,31732
1415,94533,55041
1416,94534,33846
1417,94535,836
1418,94536,50594
1419,94537,220
1420,94538,50668
1421,94539,41165
1422,94540,157
1423,94541,47127
1424,94542,9076
1425,94543,41
1426,94544,57861
1427,94545,28503
1428,94546,34549
1429,94547,19474
1430,94548,307
1431,94549,22493
1432,94550,42659
1433,94551,34505
1434,94552,11389
1435,94553,42893
1436,94555,25319
1437,94556,10713
1438,94557,32
1439,94558,57014
1440,94559,20651
1441,94560,36733
1442,94561,32281
1443,94562,51
1444,94563,15161
1445,94564,14465
1446,94565,71141
1447,94566,35506
1448,94567,158
1449,94568,43606
1450,94569,29
1451,94570,28
1452,94571,7086
1453,94572,5601
1454,94573,210
1455,94574,6445
1456,94575,13
1457,94576,14
1458,94577,39855
1459,94578,26432
1460,94579,15910
1461,94580,21604
1462,94581,302
1463,94582,30163
1464,94583,30846
1465,94585,22096
1466,94586,360
1467,94587,55063
1468,94588,27467
1469,94589,22148
1470,94590,26020
1471,94591,43984
1472,94592,159
1473,94595,12311
1474,94596,16387
1475,94597,15435
1476,94598,20514
1477,94599,1232
1478,94601,30759
1479,94602,18816
1480,94603,22276
1481,94604,312
1482,94605,27540
1483,94606,20905
1484,94607,12485
1485,94608,16371
1486,94609,10551
1487,94610,18505
1488,94611,27150
1489,94612,8578
1490,94614,38
1491,94618,10121
1492,94619,15756
1493,94620,37
1494,94621,21596
1495,94623,665
1496,94624,25
1497,94662,74
1498,94701,20
1499,94702,9026
1500,94703,9408
1501,94704,5439
1502,94705,7948
1503,94706,10592
1504,94707,8198
1505,94708,7166
1506,94709,4129
1507,94710,4272
1508,94720,11
1509,94801,20942
1510,94802,349
1511,94803,19397
1512,94804,28957
1513,94805,8979
1514,94806,44112
1515,94807,20
1516,94820,134
1517,94901,33613
1518,94903,22853
1519,94904,8488
1520,94912,693
1521,94913,97
1522,94914,15
1523,94915,227
1524,94920,9135
1525,94922,262
1526,94923,706
1527,94924,556
1528,94925,6535
1529,94927,154
1530,94928,31951
1531,94930,5364
1532,94931,6582
1533,94933,308
1534,94937,294
1535,94938,168
1536,94939,4250
1537,94940,14
1538,94941,23267
1539,94942,206
1540,94945,14187
1541,94946,138
1542,94947,19501
1543,94948,541
1544,94949,13324
1545,94951,2845
1546,94952,28626
1547,94953,235
1548,94954,31318
1549,94955,111
1550,94956,699
1551,94957,757
1552,94960,10448
1553,94963,127
1554,94964,73
1555,94965,7546
1556,94966,209
1557,94970,154
1558,94971,100
1559,94972,97
1560,94973,597
1561,94975,190
1562,94976,40
1563,94977,37
1564,94978,86
1565,94979,87
1566,95001,458
1567,95002,951
1568,95003,19352
1569,95004,3005
1570,95005,4267
1571,95006,6838
1572,95007,196
1573,95008,37487
1574,95009,75
1575,95010,6768
1576,95011,221
1577,95012,8039
1578,95013,15
1579,95014,44457
1580,95015,223
1581,95017,399
1582,95018,5679
1583,95019,4966
1584,95020,51555
1585,95021,616
1586,95023,44405
1587,95024,363
1588,95030,10496
1589,95031,512
1590,95032,21341
1591,95033,6963
1592,95035,58154
1593,95036,215
1594,95037,43240
1595,95038,593
1596,95039,705
1597,95041,162
1598,95043,211
1599,95044,55
1600,95045,2478
1601,95046,5170
1602,95050,27992
1603,95051,44892
1604,95052,154
1605,95054,17536
1606,95055,194
1607,95056,92
1608,95060,31763
1609,95061,469
1610,95062,27029
1611,95063,614
1612,95064,336
1613,95065,5436
1614,95066,11304
1615,95067,227
1616,95070,27689
1617,95071,11
1618,95073,8601
1619,95075,214
1620,95076,65772
1621,95077,853
1622,95100,15
1623,95105,17
1624,95106,401
1625,95109,156
1626,95110,14164
1627,95111,45087
1628,95112,40428
1629,95113,780
1630,95116,34962
1631,95117,20238
1632,95118,23537
1633,95119,6781
1634,95120,31402
1635,95121,29289
1636,95122,41141
1637,95123,50245
1638,95124,37609
1639,95125,40277
1640,95126,24416
1641,95127,48604
1642,95128,24017
1643,95129,29101
1644,95130,8874
1645,95131,25670
1646,95132,32048
1647,95133,21405
1648,95134,19229
1649,95135,15468
1650,95136,34148
1651,95138,13543
1652,95139,3840
1653,95140,82
1654,95148,37383
1655,95150,257
1656,95151,466
1657,95152,64
1658,95153,128
1659,95154,115
1660,95155,36
1661,95156,232
1662,95157,142
1663,95158,112
1664,95159,241
1665,95160,57
1666,95161,377
1667,95164,11
1668,95170,15
1669,95173,135
1670,95200,11
1671,95201,129
1672,95202,3050
1673,95203,8348
1674,95204,17758
1675,95205,25165
1676,95206,46658
1677,95207,28368
1678,95208,149
1679,95209,28798
1680,95210,23266
1681,95212,20167
1682,95213,182
1683,95215,17704
1684,95219,19253
1685,95220,4990
1686,95221,725
1687,95222,3234
1688,95223,4110
1689,95224,302
1690,95225,517
1691,95226,14
1692,95227,251
1693,95228,3898
1694,95230,216
1695,95231,1894
1696,95232,111
1697,95233,219
1698,95234,64
1699,95236,3541
1700,95237,1952
1701,95240,33608
1702,95241,339
1703,95242,20093
1704,95245,1287
1705,95246,1322
1706,95247,3596
1707,95248,360
1708,95249,3270
1709,95251,328
1710,95252,14100
1711,95253,127
1712,95254,255
1713,95255,1365
1714,95257,284
1715,95258,2392
1716,95267,66
1717,95269,180
1718,95301,27539
1719,95303,245
1720,95304,11073
1721,95305,249
1722,95306,486
1723,95307,32689
1724,95309,100
1725,95310,1564
1726,95311,1610
1727,95312,58
1728,95313,526
1729,95315,8449
1730,95316,4353
1731,95317,295
1732,95318,196
1733,95319,856
1734,95320,9806
1735,95321,3383
1736,95322,6395
1737,95323,513
1738,95324,4911
1739,95325,26
1740,95326,7064
1741,95327,5029
1742,95328,1934
1743,95329,1753
1744,95330,17895
1745,95333,1277
1746,95334,10791
1747,95335,260
1748,95336,36377
1749,95337,29667
1750,95338,10984
1751,95340,22444
1752,95341,18770
1753,95344,139
1754,95345,421
1755,95346,794
1756,95348,18003
1757,95350,34698
1758,95351,30954
1759,95352,223
1760,95353,503
1761,95354,16648
1762,95355,41007
1763,95356,25387
1764,95357,8652
1765,95358,24053
1766,95360,8414
1767,95361,26854
1768,95363,19640
1769,95364,165
1770,95365,2494
1771,95366,13427
1772,95367,16708
1773,95368,9822
1774,95369,262
1775,95370,25582
1776,95372,1456
1777,95373,102
1778,95374,629
1779,95375,12
1780,95376,40114
1781,95377,24636
1782,95378,165
1783,95379,2905
1784,95380,29879
1785,95381,478
1786,95382,25487
1787,95383,3919
1788,95385,79
1789,95386,6305
1790,95387,363
1791,95388,8199
1792,95389,461
1793,95391,10219
1794,95401,27840
1795,95402,713
1796,95403,31757
1797,95404,28563
1798,95405,16152
1799,95406,165
1800,95407,32379
1801,95409,20554
1802,95410,534
1803,95412,98
1804,95415,900
1805,95416,973
1806,95417,42
1807,95418,240
1808,95419,133
1809,95420,28
1810,95421,933
1811,95422,11217
1812,95423,2985
1813,95424,174
1814,95425,10127
1815,95426,1115
1816,95427,176
1817,95428,1456
1818,95429,12
1819,95430,92
1820,95431,102
1821,95432,148
1822,95433,311
1823,95435,205
1824,95436,5304
1825,95437,11879
1826,95439,365
1827,95441,1986
1828,95442,1734
1829,95443,95
1830,95444,399
1831,95445,1870
1832,95446,4049
1833,95448,18273
1834,95449,793
1835,95450,129
1836,95451,10587
1837,95452,521
1838,95453,10447
1839,95454,1941
1840,95456,290
1841,95457,3105
1842,95458,1613
1843,95459,215
1844,95460,1869
1845,95461,3014
1846,95462,638
1847,95463,30
1848,95464,1415
1849,95465,1547
1850,95466,814
1851,95467,3848
1852,95468,684
1853,95469,1288
1854,95470,4673
1855,95471,181
1856,95472,24601
1857,95473,260
1858,95476,27614
1859,95480,23
1860,95481,522
1861,95482,26485
1862,95485,1655
1863,95486,14
1864,95487,146
1865,95488,37
1866,95490,11388
1867,95492,21942
1868,95493,111
1869,95494,114
1870,95497,124
1871,95501,15966
1872,95502,794
1873,95503,18116
1874,95511,99
1875,95514,31
1876,95518,521
1877,95519,13617
1878,95521,11795
1879,95524,1152
1880,95525,1050
1881,95526,295
1882,95527,181
1883,95528,466
1884,95531,14834
1885,95534,72
1886,95536,1649
1887,95537,88
1888,95538,73
1889,95540,10714
1890,95542,1767
1891,95543,214
1892,95545,51
1893,95546,1061
1894,95547,600
1895,95548,373
1896,95549,293
1897,95550,157
1898,95551,658
1899,95552,160
1900,95553,442
1901,95554,200
1902,95555,146
1903,95556,170
1904,95558,186
1905,95559,71
1906,95560,1858
1907,95562,1663
1908,95563,254
1909,95564,137
1910,95565,288
1911,95567,856
1912,95568,42
1913,95569,83
1914,95570,1406
1915,95571,75
1916,95573,879
1917,95585,201
1918,95587,37
1919,95589,844
1920,95595,105
1921,95601,66
1922,95602,15017
1923,95603,23059
1924,95604,1314
1925,95605,11556
1926,95606,58
1927,95607,88
1928,95608,44023
1929,95609,403
1930,95610,31079
1931,95611,234
1932,95612,511
1933,95613,142
1934,95614,2669
1935,95615,329
1936,95616,22382
1937,95617,419
1938,95618,17374
1939,95619,3378
1940,95620,17374
1941,95621,29981
1942,95623,3194
1943,95624,50440
1944,95625,79
1945,95626,3890
1946,95627,2119
1947,95628,33202
1948,95629,620
1949,95630,54646
1950,95631,4681
1951,95632,24208
1952,95633,2019
1953,95634,2202
1954,95635,489
1955,95636,396
1956,95637,128
1957,95638,1121
1958,95639,67
1959,95640,6969
1960,95641,756
1961,95642,6779
1962,95645,561
1963,95646,44
1964,95648,41290
1965,95650,11332
1966,95651,404
1967,95652,2005
1968,95653,171
1969,95655,2024
1970,95656,214
1971,95658,5178
1972,95659,195
1973,95660,21556
1974,95661,29056
1975,95662,25590
1976,95663,1556
1977,95664,552
1978,95665,3997
1979,95666,5281
1980,95667,33574
1981,95668,630
1982,95669,2015
1983,95670,38476
1984,95671,66
1985,95672,3093
1986,95673,11121
1987,95674,353
1988,95675,203
1989,95676,112
1990,95677,21310
1991,95678,32072
1992,95680,20
1993,95681,535
1994,95682,25702
1995,95683,4124
1996,95684,1814
1997,95685,3747
1998,95686,320
1999,95687,46883
2000,95688,31913
2001,95689,969
2002,95690,1172
2003,95691,29749
2004,95692,2841
2005,95693,5325
2006,95694,7270
2007,95695,28233
2008,95696,396
2009,95697,198
2010,95698,78
2011,95699,30
2012,95701,451
2013,95703,991
2014,95709,3453
2015,95712,263
2016,95713,6174
2017,95714,123
2018,95715,14
2019,95717,55
2020,95720,16
2021,95722,3496
2022,95726,6501
2023,95728,158
2024,95735,12
2025,95736,537
2026,95741,248
2027,95742,14947
2028,95746,18810
2029,95747,50711
2030,95757,34823
2031,95758,46569
2032,95759,192
2033,95762,37444
2034,95763,308
2035,95765,27538
2036,95776,18657
2037,95798,48
2038,95800,237
2039,95803,12
2040,95810,14
2041,95811,5666
2042,95812,352
2043,95813,48
2044,95814,8328
2045,95815,14506
2046,95816,21501
2047,95817,7039
2048,95818,14537
2049,95819,11631
2050,95820,21713
2051,95821,23854
2052,95822,31057
2053,95823,47312
2054,95824,17470
2055,95825,18943
2056,95826,25228
2057,95827,16894
2058,95828,46683
2059,95829,22407
2060,95830,224
2061,95831,30798
2062,95832,5920
2063,95833,24581
2064,95834,21805
2065,95835,25377
2066,95837,123
2067,95838,25591
2068,95841,12669
2069,95842,20087
2070,95843,32683
2071,95851,224
2072,95852,210
2073,95860,96
2074,95864,16789
2075,95865,122
2076,95866,69
2077,95899,228
2078,95901,22167
2079,95903,179
2080,95910,49
2081,95912,3673
2082,95913,145
2083,95914,370
2084,95916,700
2085,95917,1812
2086,95918,1159
2087,95919,538
2088,95920,81
2089,95922,254
2090,95923,57
2091,95924,617
2092,95925,62
2093,95926,21148
2094,95927,1175
2095,95928,23114
2096,95929,20
2097,95930,92
2098,95932,5483
2099,95934,108
2100,95935,252
2101,95936,293
2102,95937,469
2103,95938,2648
2104,95939,110
2105,95941,185
2106,95942,717
2107,95943,323
2108,95945,20984
2109,95946,7685
2110,95947,1153
2111,95948,7551
2112,95949,17601
2113,95950,155
2114,95951,1398
2115,95953,6911
2116,95954,8395
2117,95955,632
2118,95956,218
2119,95957,264
2120,95959,15920
2121,95960,862
2122,95961,17194
2123,95962,635
2124,95963,12258
2125,95965,13701
2126,95966,21458
2127,95967,609
2128,95968,1011
2129,95969,22045
2130,95970,139
2131,95971,5436
2132,95972,63
2133,95973,27028
2134,95974,91
2135,95975,973
2136,95977,673
2137,95978,70
2138,95979,164
2139,95981,68
2140,95982,1754
2141,95983,203
2142,95984,18
2143,95986,38
2144,95987,3999
2145,95988,6220
2146,95991,28040
2147,95992,647
2148,95993,29629
2149,96001,25007
2150,96002,23942
2151,96003,33538
2152,96006,317
2153,96007,17570
2154,96008,800
2155,96009,327
2156,96010,49
2157,96011,50
2158,96013,2242
2159,96014,119
2160,96015,142
2161,96016,140
2162,96019,6398
2163,96020,2043
2164,96021,11842
2165,96022,12100
2166,96023,496
2167,96024,458
2168,96025,1437
2169,96027,1463
2170,96028,620
2171,96029,51
2172,96031,58
2173,96032,1520
2174,96033,133
2175,96034,145
2176,96035,1648
2177,96037,170
2178,96038,357
2179,96039,492
2180,96040,59
2181,96041,1683
2182,96044,468
2183,96046,142
2184,96047,359
2185,96048,380
2186,96049,754
2187,96050,206
2188,96051,542
2189,96052,787
2190,96054,185
2191,96055,2201
2192,96056,819
2193,96057,821
2194,96058,341
2195,96059,231
2196,96062,398
2197,96064,3440
2198,96065,129
2199,96067,6852
2200,96068,17
2201,96069,353
2202,96071,24
2203,96073,3435
2204,96074,15
2205,96075,63
2206,96076,66
2207,96078,94
2208,96080,22666
2209,96084,220
2210,96085,11
2211,96086,149
2212,96087,372
2213,96088,3336
2214,96089,124
2215,96090,94
2216,96091,504
2217,96092,164
2218,96093,3425
2219,96094,5154
2220,96096,282
2221,96097,8342
2222,96099,332
2223,96101,3963
2224,96103,1080
2225,96104,371
2226,96105,231
2227,96106,169
2228,96107,368
2229,96108,47
2230,96109,439
2231,96112,25
2232,96113,293
2233,96114,2004
2234,96115,39
2235,96116,93
2236,96117,163
2237,96118,863
2238,96119,13
2239,96120,371
2240,96121,175
2241,96122,3013
2242,96123,26
2243,96124,193
2244,96125,185
2245,96126,166
2246,96127,340
2247,96128,349
2248,96129,83
2249,96130,11516
2250,96133,15
2251,96134,1106
2252,96136,29
2253,96137,2468
2254,96140,668
2255,96141,356
2256,96142,431
2257,96143,2054
2258,96145,3096
2259,96146,919
2260,96148,437
2261,96150,14540
2262,96151,3988
2263,96155,425
2264,96158,2013
2265,96160,1349
2266,96161,11797
2267,96162,630
2268,97062,28
2269,97209,40
2270,97211,155
2271,97232,12
2272,97708,11
2273,98027,177
2274,98072,14
2275,98390,11
2276,98661,315
2277,OOS,643992
2278,Other,33756
