tract,name,tract_percent
06037101110,Tujunga,1.0
06037101122,Sunland,0.0032348069326550793
06037101122,Tujunga,0.996765193067358
06037101210,Tujunga,1.0
06037101220,Tujunga,1.0
06037101300,Tujunga,0.995854981226283
06037101300,Shadow Hills,0.004145016363689463
06037101400,Tujunga,0.9907501315668832
06037101400,Sunland,0.0038557714851589894
06037101400,Shadow Hills,0.005394096947959105
06037102103,Sun Valley,0.027921783793253645
06037102103,Shadow Hills,0.9720782162068118
06037102104,Shadow Hills,0.9223572873129171
06037102104,Sun Valley,0.07640872251914095
06037102105,Sun Valley,1.0
06037102107,Sun Valley,8.464706009974382e-06
06037102107,Sunland,0.012661639432636613
06037102107,Shadow Hills,0.8864167446989869
06037102107,Tujunga,0.10088700794494071
06037103101,Lake View Terrace,0.00349802929145848
06037103101,Sunland,0.9094022156366028
06037103101,Tujunga,0.08709975507188164
06037103102,Sunland,0.7897050808799394
06037103102,Tujunga,0.21029491912025064
06037103200,Sunland,0.35320663620888637
06037103200,Hansen Dam,0.0030161575373916713
06037103200,Shadow Hills,0.03445700665187244
06037103200,Lake View Terrace,0.5120835560165412
06037103300,Hansen Dam,0.004296038266426498
06037103300,Shadow Hills,0.9932009096964756
06037103300,Sunland,0.002503052037105639
06037103400,Tujunga,0.05300298275604376
06037103400,Sunland,0.9469970172439148
06037104103,Lake View Terrace,1.0
06037104105,Lake View Terrace,0.10272090864737181
06037104105,Pacoima,0.8972790913530905
06037104108,Lake View Terrace,0.32481562291844024
06037104108,Hansen Dam,0.01778110597016245
06037104108,Pacoima,0.6574032711112325
06037104124,Lake View Terrace,0.3447357785208396
06037104201,Sylmar,0.006988638993637545
06037104201,Lake View Terrace,0.00011808099187426733
06037104201,Pacoima,0.992991533775827
06037104203,Pacoima,1.0
06037104204,Lake View Terrace,0.8298976002741539
06037104204,Pacoima,0.12920175058763467
06037104310,Pacoima,0.9912853950899296
06037104320,Pacoima,1.0
06037104401,Pacoima,1.0
06037104403,Pacoima,1.0
06037104404,Pacoima,1.0
06037104500,Pacoima,1.0
06037104610,Pacoima,1.0
06037104620,Pacoima,1.0
06037104701,Pacoima,1.0
06037104703,Hansen Dam,0.0022549753441122164
06037104703,Pacoima,0.9977450246558193
06037104704,Hansen Dam,0.000187309797008523
06037104704,Pacoima,0.9998126902031298
06037104810,Pacoima,1.0
06037104821,Pacoima,1.0
06037104822,Pacoima,1.0
06037106010,Sylmar,0.9998859066950023
06037106020,Sylmar,0.9999999825091727
06037106111,Sylmar,0.7202727016092184
06037106112,Lake View Terrace,0.00048332076340047773
06037106112,Pacoima,0.013341012869901775
06037106112,Sylmar,0.9843321067571718
06037106113,Sylmar,1.0
06037106114,Sylmar,0.9994100381220812
06037106403,Sylmar,0.9999934685001466
06037106405,Sylmar,1.0
06037106406,Sylmar,1.0
06037106407,Sylmar,1.0
06037106408,Sylmar,1.0
06037106510,Granada Hills,0.013717389944868385
06037106510,Sylmar,0.9862774590631661
06037106520,Sylmar,1.0
06037106603,Granada Hills,0.6653972088652645
06037106603,Porter Ranch,8.083368367388828e-05
06037106603,Sylmar,0.008525424721793904
06037106604,Sylmar,0.9999972720091553
06037106641,Granada Hills,1.0
06037106642,Granada Hills,1.0
06037106643,Granada Hills,0.9995914049057985
06037106643,Porter Ranch,0.0004118688144970743
06037106645,Granada Hills,1.0
06037106646,Granada Hills,1.0
06037106648,Sylmar,0.9999911985582427
06037106649,Mission Hills,0.007813470060539295
06037106649,Sylmar,0.9898904124371741
06037106649,Granada Hills,0.00014472700940052892
06037107010,Sylmar,0.9999953380991216
06037107020,Sylmar,0.9999988525706193
06037108101,Porter Ranch,1.0
06037108102,Porter Ranch,0.9994601764762505
06037108102,Chatsworth,0.0005398235237442203
06037108103,Porter Ranch,0.9949087838126154
06037108103,Granada Hills,0.0052538952521915625
06037108104,Granada Hills,8.713335793375755e-07
06037108104,Porter Ranch,0.9999990452360275
06037108201,Porter Ranch,0.8625382830550031
06037108201,Chatsworth,0.1374389988322514
06037108202,Chatsworth,0.9893813470245023
06037108202,Porter Ranch,0.010311588517228309
06037109100,Pacoima,0.00013994141137375267
06037109100,Granada Hills,0.001341610927015685
06037109100,Mission Hills,0.9664563048342537
06037109100,Sylmar,0.03159208969394621
06037109200,Mission Hills,0.0147431991659394
06037109200,Granada Hills,0.9859785027320318
06037109300,Mission Hills,0.0012244566838563173
06037109300,Granada Hills,0.9987775048013666
06037109400,Mission Hills,0.996664875303787
06037109400,Pacoima,0.003346260695622288
06037109500,Sylmar,0.0009741266456377173
06037109500,Mission Hills,0.21907681970097692
06037109500,Pacoima,0.7622661665476655
06037109601,Arleta,0.17267071273577306
06037109601,Mission Hills,0.8183157998362746
06037109601,Panorama City,0.0048772401265303215
06037109601,North Hills,0.0006737315979924857
06037109601,Pacoima,0.0035306598892578768
06037109603,Granada Hills,0.00012906425746393195
06037109603,North Hills,0.010099959995401612
06037109603,Mission Hills,0.9897872238188172
06037109604,Mission Hills,0.9947970610112326
06037109604,Granada Hills,0.005224823452731061
06037109700,Granada Hills,1.0
06037109800,North Hills,0.9829501031265118
06037109800,Granada Hills,0.022314232051916762
06037111100,Granada Hills,1.0
06037111201,Granada Hills,0.9998475719960543
06037111201,Porter Ranch,6.746904789877398e-05
06037111202,Granada Hills,0.9631039165522086
06037111202,Porter Ranch,0.03689608344777662
06037111204,Northridge,0.23213729676495892
06037111204,Chatsworth,0.00026052494531517037
06037111204,Porter Ranch,0.7665457536943132
06037111205,Granada Hills,0.0015640970111447405
06037111205,Northridge,0.9836711543481526
06037111205,Porter Ranch,0.00763047209317377
06037111206,Porter Ranch,0.9966919515656257
06037111206,Granada Hills,0.003088208476664646
06037111301,Northridge,0.0004638281922332012
06037111301,Granada Hills,0.9948523476339408
06037111301,Porter Ranch,0.004683824173782386
06037111302,Granada Hills,0.013795155199393738
06037111302,Northridge,0.9848169676403852
06037111302,North Hills,0.002256677026308123
06037111400,North Hills,0.45423527178565776
06037111400,Granada Hills,0.5483663058818669
06037113101,Chatsworth,1.0
06037113102,Chatsworth,0.9867176228050525
06037113102,Porter Ranch,0.01328237719499354
06037113211,Chatsworth,0.9958484143354878
06037113212,Chatsworth,1.0
06037113213,Chatsworth,1.0
06037113231,West Hills,0.44322180639023046
06037113231,Chatsworth Reservoir,0.009445803036816242
06037113231,Chatsworth,0.5472312290400569
06037113232,Chatsworth,1.0325565195467064e-06
06037113232,Chatsworth Reservoir,0.0022150095328753146
06037113232,West Hills,0.9949554789620645
06037113232,Canoga Park,0.0029667651597587935
06037113233,Chatsworth,0.009941557782320738
06037113233,West Hills,0.009944017591016058
06037113233,Chatsworth Reservoir,1.7921170729749026e-06
06037113233,Canoga Park,0.9814044864932714
06037113234,Chatsworth,0.00829247643013221
06037113234,Winnetka,0.03112660475368146
06037113234,Canoga Park,0.9613386472323122
06037113235,Chatsworth,0.9899303239667975
06037113235,Chatsworth Reservoir,0.0016088874063119678
06037113237,Chatsworth,0.9728178219519975
06037113237,Chatsworth Reservoir,0.025058004632397574
06037113301,Porter Ranch,0.0013457964447069603
06037113301,Chatsworth,0.01895308679253836
06037113301,Northridge,0.9795711742334464
06037113303,Chatsworth,0.9991606829817861
06037113303,Northridge,0.0008393170182972554
06037113321,Chatsworth,1.0
06037113322,Northridge,0.000847482490959615
06037113322,Porter Ranch,4.851462993556003e-05
06037113322,Chatsworth,0.9991040237271829
06037113401,Winnetka,0.5337168528333793
06037113401,Chatsworth,0.005520305820687349
06037113401,Northridge,0.4624633773994277
06037113421,Chatsworth,0.453383717014864
06037113421,Canoga Park,0.1572056275115272
06037113421,Winnetka,0.39096838934712946
06037113422,Canoga Park,0.0805965942565099
06037113422,Winnetka,0.9194034057435769
06037115101,Northridge,0.9999945370133388
06037115101,North Hills,5.4629865970232015e-06
06037115103,Northridge,0.9946235206597832
06037115103,Granada Hills,0.004685267939125103
06037115104,Northridge,1.0
06037115201,Northridge,1.0
06037115202,Northridge,1.0
06037115301,Northridge,1.0
06037115302,Northridge,1.0
06037115401,Northridge,1.0
06037115403,Northridge,1.0
06037115404,Northridge,1.0
06037117101,North Hills,1.0
06037117102,Panorama City,0.004631978973622743
06037117102,North Hills,0.994405850627328
06037117102,Mission Hills,0.000962170399249999
06037117201,Mission Hills,0.003145293956957475
06037117201,North Hills,0.9968547077817629
06037117202,North Hills,1.0
06037117301,Northridge,0.008734579657391531
06037117301,North Hills,0.9912654203426335
06037117302,North Hills,0.03148480094751308
06037117302,Van Nuys,1.9878602518243555e-05
06037117302,Northridge,0.9684991215003655
06037117303,Northridge,0.005590244385154832
06037117303,North Hills,0.9944097556149097
06037117404,North Hills,1.0
06037117405,North Hills,1.0
06037117407,North Hills,1.0
06037117408,North Hills,1.0
06037117510,North Hills,1.0
06037117520,North Hills,1.0
06037117530,Panorama City,0.005291856682682933
06037117530,North Hills,0.9947081433174699
06037119001,Arleta,0.9919149490330682
06037119001,Sun Valley,0.0028422019697014757
06037119001,Pacoima,0.004298623007295265
06037119002,Pacoima,0.01925237031376491
06037119002,Arleta,0.9804410344054019
06037119201,Panorama City,0.017913175807680003
06037119201,Arleta,0.9820868241921736
06037119202,Pacoima,0.029631245458053495
06037119202,Arleta,0.9683986088622775
06037119202,Panorama City,0.0014305175601189307
06037119310,North Hills,0.015141054003888191
06037119310,Arleta,0.0011211815963126702
06037119310,Panorama City,0.9837377643998655
06037119320,North Hills,0.03805859218471887
06037119320,Panorama City,0.961941407815617
06037119340,Panorama City,1.0
06037119341,Panorama City,1.0
06037119342,Panorama City,1.0
06037119400,Arleta,0.9685943668854327
06037119400,Panorama City,0.031405633114509404
06037119700,Panorama City,0.42441426455408776
06037119700,Arleta,0.5304878012869916
06037119700,Sun Valley,0.04151016853230726
06037119800,Panorama City,0.0280232296486285
06037119800,Arleta,0.9719095894872279
06037119900,Panorama City,1.0
06037120010,Van Nuys,0.004275792423362056
06037120010,North Hills,0.03690008537441298
06037120010,Panorama City,0.9534604155885326
06037120020,North Hills,3.782404349609955e-05
06037120020,Panorama City,0.9999620668804031
06037120030,Panorama City,1.0
06037120103,Panorama City,1.0
06037120104,Panorama City,1.0
06037120105,Panorama City,1.0
06037120106,North Hills,0.0013209631783381618
06037120106,Panorama City,0.9986790368222834
06037120107,Panorama City,0.9580558152345147
06037120107,North Hills,0.04194418476470181
06037120108,Panorama City,0.8747629660087509
06037120108,North Hills,0.12523703399134373
06037120300,Panorama City,1.0
06037120400,Panorama City,1.0
06037121010,Arleta,6.739953275355538e-05
06037121010,Sun Valley,0.9998459041567491
06037121020,Sun Valley,1.0
06037121101,Sun Valley,0.999287765848407
06037121101,Shadow Hills,0.0007122341515366949
06037121102,Pacoima,0.10446801803445692
06037121102,Sun Valley,0.5093570185884903
06037121102,Shadow Hills,0.38617496337706547
06037121210,Sun Valley,0.39313884547939276
06037121210,Arleta,0.00044554248444893637
06037121210,Pacoima,0.6044330348849134
06037121221,Sun Valley,1.0
06037121222,Sun Valley,1.0
06037121600,Sun Valley,1.0
06037121801,Sun Valley,1.0
06037121802,Sun Valley,1.0
06037121900,Sun Valley,1.0
06037122000,Sun Valley,0.8120503964328252
06037122000,Arleta,0.0002892813828352231
06037122000,Valley Glen,0.18715405565497456
06037122000,Van Nuys,3.288452279057122e-05
06037122120,Sun Valley,1.0
06037122121,Sun Valley,1.0
06037122122,Sun Valley,1.0
06037122200,Sun Valley,1.0
06037122410,North Hollywood,0.07669634155951159
06037122410,Sun Valley,0.9225565135239867
06037122420,North Hollywood,0.24018905771741061
06037122420,Sun Valley,0.7570624398816469
06037123010,Sun Valley,0.6398452342982663
06037123010,North Hollywood,0.35594618371045306
06037123020,Sun Valley,0.9999330037053425
06037123103,North Hollywood,0.9984311484610473
06037123104,North Hollywood,1.0
06037123203,North Hollywood,0.9973234066381632
06037123203,Sun Valley,0.002965442241929137
06037123204,North Hollywood,1.0
06037123205,North Hollywood,1.0
06037123206,North Hollywood,1.0
06037123301,North Hollywood,0.5644239061888223
06037123301,Sun Valley,0.43561062195563155
06037123303,Sun Valley,0.008341824277575882
06037123303,Valley Glen,0.9914039827543883
06037123304,Valley Glen,0.9441346949867919
06037123304,Sun Valley,0.006814548400007472
06037123304,North Hollywood,0.04839016096340422
06037123410,Valley Glen,1.0
06037123420,Valley Glen,1.0
06037123510,Van Nuys,0.004766657295028432
06037123510,Valley Glen,0.9952333427051315
06037123520,Valley Glen,1.0
06037123601,Valley Village,0.014358373425997085
06037123601,Valley Glen,0.8397505211806356
06037123601,Sherman Oaks,0.14304634418217
06037123602,Valley Glen,1.0
06037123700,Valley Glen,1.0
06037123800,North Hollywood,0.014545578214392934
06037123800,Valley Glen,0.9854544217855821
06037123901,Valley Glen,0.002071672671509935
06037123901,North Hollywood,0.9979283273284103
06037123902,Valley Glen,0.4007319624331493
06037123902,North Hollywood,0.5994296795350506
06037124000,Valley Village,1.0
06037124102,North Hollywood,1.0
06037124103,North Hollywood,1.0
06037124104,North Hollywood,1.0
06037124105,North Hollywood,1.0
06037124201,North Hollywood,1.0
06037124203,North Hollywood,1.0
06037124204,North Hollywood,1.0
06037124300,North Hollywood,0.9999999999994255
06037124400,Valley Village,0.31662542675460514
06037124400,Valley Glen,0.6795234688383952
06037124500,Valley Glen,0.4686566883892299
06037124500,Sherman Oaks,0.5256453270945225
06037124600,Sherman Oaks,1.0
06037124700,Valley Village,0.23923376939297006
06037124700,Sherman Oaks,0.7559536473001286
06037124700,Studio City,0.0039097784235375575
06037124902,Valley Village,0.9793674030588009
06037124902,Valley Glen,0.014583254594385319
06037124903,Valley Village,1.0
06037125100,North Hollywood,0.002973426082616541
06037125100,Valley Glen,0.002799650383469106
06037125100,Valley Village,0.994231466748003
06037125200,Valley Village,0.5628242974270536
06037125200,North Hollywood,0.440080505850591
06037125310,North Hollywood,0.9999999741651062
06037125320,North Hollywood,1.0
06037125401,North Hollywood,1.0
06037125402,Toluca Lake,0.0069009079002484795
06037125402,Valley Village,1.1246841800932684e-05
06037125402,North Hollywood,0.9780190547375668
06037125402,Studio City,0.018500452095285745
06037125501,Toluca Lake,0.009648197311518827
06037125501,North Hollywood,0.9903507951613796
06037125502,North Hollywood,0.3490845063160727
06037125502,Toluca Lake,0.6509154936841649
06037125600,North Hollywood,0.002962262217426116
06037125600,Toluca Lake,0.992992817193377
06037127102,Van Nuys,0.9954014333689936
06037127102,Panorama City,0.004598566631078844
06037127103,Panorama City,0.01735769181480671
06037127103,Valley Glen,0.03658861443881396
06037127103,Van Nuys,0.9393765812643828
06037127103,Sun Valley,0.008000564001052842
06037127104,Van Nuys,0.9895113144370878
06037127104,Panorama City,0.010488685562745518
06037127210,Panorama City,0.014280033162855164
06037127210,Van Nuys,0.9857199668374155
06037127220,Van Nuys,1.0
06037127300,Panorama City,0.00014616400359878962
06037127300,Van Nuys,0.9998538359963279
06037127400,Van Nuys,0.9872064699965671
06037127400,North Hills,0.010948055204810894
06037127520,Van Nuys,0.9430952483461319
06037127520,Panorama City,0.011958431638081309
06037127520,North Hills,0.035652513213899104
06037127603,Van Nuys,1.0
06037127604,Van Nuys,1.0
06037127605,Van Nuys,1.0
06037127606,Van Nuys,1.0
06037127711,Van Nuys,1.0
06037127712,Van Nuys,1.0
06037127803,Van Nuys,1.0
06037127804,Van Nuys,1.0
06037127805,Van Nuys,1.0
06037127806,Van Nuys,1.0
06037127910,Van Nuys,1.0
06037127920,Van Nuys,0.9819710230485307
06037127920,Valley Glen,0.018028976951218422
06037128101,Valley Glen,0.9961541721600103
06037128101,Van Nuys,0.00384582783990215
06037128102,Valley Glen,0.020938065620716248
06037128102,Van Nuys,0.9790619343789316
06037128210,Van Nuys,0.974921913520588
06037128210,Valley Glen,0.025078086479284507
06037128220,Valley Glen,1.0
06037128302,Van Nuys,1.0
06037128303,Van Nuys,1.0
06037128400,Van Nuys,0.9516370454369049
06037128400,Sepulveda Basin,0.04815937544734242
06037128500,Van Nuys,0.3398658145031833
06037128500,Sherman Oaks,0.650307080235671
06037128500,Valley Glen,0.006043238425091945
06037128601,Van Nuys,0.610184580925913
06037128601,Valley Glen,0.38981541907440215
06037128602,Valley Glen,0.4370778458623909
06037128602,Sherman Oaks,0.5590854279038836
06037128702,Sherman Oaks,1.0
06037128801,Van Nuys,0.02283000630922369
06037128801,Sepulveda Basin,0.0005196939123096345
06037128801,Sherman Oaks,0.9755281421796101
06037128802,Van Nuys,0.0224653783316956
06037128802,Sherman Oaks,0.9745420914636158
06037128910,Sherman Oaks,1.0
06037131010,Northridge,0.01652479695571848
06037131010,Reseda,0.9797263292601184
06037131020,Reseda,1.0
06037131100,Lake Balboa,0.9864550031488799
06037131100,Northridge,0.012855411629276118
06037131200,Northridge,0.012493528054161275
06037131200,Reseda,0.007224112664792136
06037131200,Lake Balboa,0.9777364419744031
06037131300,Reseda,0.9848407457503997
06037131300,Northridge,0.010122744317794537
06037131400,Reseda,0.9838273285978494
06037131400,Northridge,0.011655319106459557
06037131600,Reseda,0.978367183576538
06037131600,Northridge,0.015443370251067928
06037131600,Winnetka,0.006687506543781302
06037131701,Reseda,0.9862519551112828
06037131701,Winnetka,0.014648400079022295
06037131702,Reseda,1.0
06037131800,Reseda,0.9999952736638615
06037131800,Lake Balboa,4.7263362629901896e-06
06037131900,Lake Balboa,0.99906219579362
06037131900,Reseda,0.0009378042061341047
06037132001,Lake Balboa,0.9991375566047919
06037132001,Reseda,0.0008624433953326308
06037132002,Lake Balboa,1.0
06037132101,Van Nuys,0.014892850385377708
06037132101,Lake Balboa,0.9851071496144095
06037132102,Van Nuys,0.18593003157346602
06037132102,Lake Balboa,0.8140699684266058
06037132300,Reseda,0.9988874135778373
06037132300,Lake Balboa,0.0011125864224134367
06037132501,Reseda,1.0
06037132502,Reseda,1.0
06037132700,Encino,0.09544634703389221
06037132700,Lake Balboa,0.0009438885820646298
06037132700,Reseda,0.9017718246015294
06037132700,Tarzana,0.006670872330681063
06037132900,Tarzana,0.45939588895453287
06037132900,Sepulveda Basin,0.03823362312673621
06037132900,Encino,0.38960629607117236
06037132900,Reseda,0.11628872593724557
06037133000,Reseda,0.9971187183804078
06037133000,Winnetka,0.002881281619569211
06037133100,Tarzana,0.7293426842921265
06037133100,Reseda,0.27478780303827727
06037134001,Canoga Park,1.0
06037134002,Canoga Park,0.025441118196908995
06037134002,Winnetka,0.9745588818033724
06037134101,Winnetka,1.0
06037134103,Winnetka,1.0
06037134104,Winnetka,1.0
06037134201,Winnetka,0.25928069430968953
06037134201,Canoga Park,0.7407193056902425
06037134302,Canoga Park,0.00010976793595809677
06037134302,West Hills,0.999890232064052
06037134303,West Hills,0.4244275327564374
06037134303,Canoga Park,0.5755724672437041
06037134304,Canoga Park,0.9778317141729459
06037134304,West Hills,0.022168285827406146
06037134305,West Hills,0.00014800448931629002
06037134305,Canoga Park,0.9998522378576202
06037134306,Canoga Park,1.0
06037134421,West Hills,1.0
06037134422,West Hills,1.0
06037134423,West Hills,1.0
06037134424,Chatsworth,0.3147861890602061
06037134424,West Hills,0.6848695602064179
06037134520,Canoga Park,1.0
06037134521,Canoga Park,1.0
06037134522,Canoga Park,1.0
06037134710,Winnetka,1.0
06037134720,Winnetka,1.0
06037134800,Winnetka,0.9976679604602848
06037134800,Reseda,0.0023320395399333248
06037134901,Winnetka,0.3266065958438171
06037134901,Woodland Hills,0.06547195935141821
06037134901,Reseda,0.2768502715541295
06037134901,Tarzana,0.33188862772629674
06037134903,Canoga Park,1.0
06037134904,Woodland Hills,0.0006576421834644531
06037134904,Canoga Park,0.00841678349670944
06037134904,Winnetka,0.9907125381629472
06037134905,Canoga Park,0.0046878400249830785
06037134905,Winnetka,0.00838025385922533
06037134905,Woodland Hills,0.9891537500429454
06037135102,West Hills,0.614970571517422
06037135102,Woodland Hills,0.38390580424405973
06037135111,West Hills,0.008318928812629587
06037135111,Canoga Park,0.991681071187461
06037135113,Woodland Hills,1.0
06037135114,West Hills,1.9409082717761058e-06
06037135114,Woodland Hills,0.5617412103914574
06037135114,Canoga Park,0.4364704467118154
06037135201,Woodland Hills,0.3942138419137933
06037135201,West Hills,0.6050224983478291
06037135202,Woodland Hills,0.34121393322648047
06037135202,West Hills,0.6583871556351876
06037135203,West Hills,0.8863052937291794
06037135203,Woodland Hills,0.11365259060924597
06037137000,Woodland Hills,0.9999964504543293
06037137103,Woodland Hills,1.0
06037137104,Woodland Hills,1.0
06037137201,Woodland Hills,1.0
06037137301,Woodland Hills,1.0
06037137302,Woodland Hills,0.998473222673636
06037137302,West Hills,0.0010431881753545308
06037137401,Woodland Hills,0.9999988769454587
06037137402,Woodland Hills,0.9998234817167415
06037137501,Woodland Hills,0.9975750764545641
06037137501,Tarzana,0.0024249235453679316
06037137502,Woodland Hills,1.0
06037137504,Woodland Hills,0.9857388828105894
06037137504,Tarzana,0.012148788929287163
06037137504,Pacific Palisades,0.00207150952942432
06037138000,Woodland Hills,1.0
06037139001,Sepulveda Basin,0.03205269513555263
06037139001,Encino,0.9679473048641375
06037139200,Tarzana,0.28132163714714614
06037139200,Sepulveda Basin,3.782194411662288e-05
06037139200,Encino,0.7186405409087049
06037139301,Winnetka,0.013420089017068962
06037139301,Tarzana,0.6040190656540115
06037139301,Woodland Hills,0.38256084532889806
06037139302,Tarzana,1.0
06037139303,Tarzana,1.0
06037139401,Tarzana,1.0
06037139402,Woodland Hills,0.003711404877759462
06037139402,Tarzana,0.9962885951221733
06037139502,Tarzana,0.49791547410307163
06037139502,Encino,0.5020845258969849
06037139503,Encino,1.0
06037139504,Encino,1.0
06037139600,Encino,1.0
06037139701,Sepulveda Basin,0.0008310231413649037
06037139701,Encino,0.9993560189335002
06037139702,Pacific Palisades,0.000585130822421626
06037139702,Tarzana,0.051474226257082374
06037139702,Encino,0.9285753794830016
06037139702,Brentwood,0.018981314501668525
06037139703,Tarzana,0.7989491590321552
06037139703,Pacific Palisades,4.9149991303148556e-05
06037139703,Encino,0.20120272207442222
06037139801,Tarzana,1.0
06037139802,Woodland Hills,0.013427284960044132
06037139802,Pacific Palisades,0.012731571373116052
06037139802,Tarzana,0.9737152095011635
06037141101,Studio City,0.0049377896859595935
06037141101,Sherman Oaks,0.9950622103142316
06037141102,Sherman Oaks,1.0
06037141201,Sherman Oaks,1.0
06037141202,Sherman Oaks,1.0
06037141302,Sherman Oaks,1.0
06037141303,Sherman Oaks,1.0
06037141304,Sherman Oaks,1.0
06037141400,Encino,0.9528483362793545
06037141400,Sepulveda Basin,0.014324714802695164
06037141400,Sherman Oaks,0.033195275319216296
06037141500,Sherman Oaks,0.02750775312974619
06037141500,Encino,0.9453497703608479
06037141500,Bel-Air,2.0339075005459393e-05
06037141500,Brentwood,0.0271251604129593
06037141600,Beverly Crest,0.0008131032631900595
06037141600,Sherman Oaks,0.9847702174905685
06037141600,Bel-Air,0.014416679246227995
06037141700,Beverly Crest,0.001475582747590674
06037141700,Sherman Oaks,0.9985244172524024
06037143100,Toluca Lake,0.994778993321096
06037143200,North Hollywood,0.00349040799580845
06037143200,Toluca Lake,0.013006311059470366
06037143200,Studio City,0.9817741995725168
06037143300,Valley Village,0.33015609073003005
06037143300,Studio City,0.6595591100442177
06037143300,North Hollywood,0.01101225033225401
06037143400,Sherman Oaks,0.22477586808740607
06037143400,Studio City,0.673417624806032
06037143400,Valley Village,0.10154167840548468
06037143500,Studio City,0.9406744450291317
06037143500,Sherman Oaks,0.05932555497105314
06037143602,Studio City,1.0
06037143603,Studio City,0.989838412626648
06037143603,Toluca Lake,0.006193678263760321
06037143604,Studio City,0.9980224653857523
06037143604,Toluca Lake,0.001476244349685668
06037143700,Hollywood Hills West,0.0005817694136827305
06037143700,Hollywood Hills,0.5892009397562528
06037143700,Studio City,0.4102146994123247
06037143800,Studio City,0.9960073024291306
06037143800,Hollywood Hills West,0.003992697570887713
06037143901,Beverly Crest,0.0015926781593772561
06037143901,Hollywood Hills West,0.00037638145485223337
06037143901,Studio City,0.9969926439183601
06037143901,Sherman Oaks,0.0008954808130975077
06037143902,Studio City,0.12354237472948122
06037143902,Beverly Crest,0.00190650830995169
06037143902,Sherman Oaks,0.8749485875890568
06037181000,Eagle Rock,0.9787368774199369
06037181300,Eagle Rock,0.9998725538331688
06037181400,Eagle Rock,1.0
06037181500,Highland Park,0.0021445822042432654
06037181500,Eagle Rock,0.9976911129831758
06037181600,Eagle Rock,0.999234330626061
06037181600,Highland Park,0.0007656693739091036
06037183101,Highland Park,0.9981835695769385
06037183101,Eagle Rock,0.0010638587019911484
06037183103,Montecito Heights,0.07524738020779403
06037183103,Highland Park,0.912691724786744
06037183104,Highland Park,0.9985357214960328
06037183220,Highland Park,1.0
06037183221,Eagle Rock,0.009396494878416354
06037183221,Highland Park,0.9897394501698815
06037183222,Highland Park,0.2107223650667095
06037183222,Eagle Rock,0.7899338422348731
06037183300,Highland Park,0.9973171417634417
06037183300,Eagle Rock,0.002682858236863224
06037183401,Highland Park,0.7786493862972025
06037183401,Eagle Rock,0.22135061370290657
06037183402,Highland Park,0.12224838412894093
06037183402,Eagle Rock,0.8777516158711473
06037183510,Highland Park,1.0
06037183520,Highland Park,1.0
06037183610,Highland Park,1.0
06037183620,Highland Park,1.0
06037183701,Montecito Heights,0.03436478952645643
06037183701,Highland Park,0.9656352104734398
06037183702,Highland Park,0.0003376857720362334
06037183702,Montecito Heights,0.9996623129619175
06037183810,Highland Park,1.0
06037183820,Highland Park,0.9872312585422152
06037183820,Montecito Heights,0.012768741457781226
06037185100,Highland Park,0.18938855180215314
06037185100,Glassell Park,0.0005962774748129357
06037185100,Mount Washington,0.8100151707230829
06037185202,Highland Park,0.0041569182687572715
06037185202,Mount Washington,0.9896786728189872
06037185202,Cypress Park,0.006165409494088642
06037185203,Mount Washington,0.36128128502505497
06037185203,Glassell Park,0.01959667608791441
06037185203,Cypress Park,0.6226348225996011
06037185204,Mount Washington,0.9918445565869818
06037185204,Glassell Park,0.00815544341302864
06037185310,Mount Washington,0.010632049787196516
06037185310,Cypress Park,0.9893679502128812
06037185320,Cypress Park,0.9930754695118615
06037185320,Elysian Park,0.006625785208960428
06037185320,Elysian Valley,0.00029874527912617936
06037186100,Glassell Park,0.6800543575830558
06037186100,Eagle Rock,0.31959760995934644
06037186201,Eagle Rock,0.9852105261154117
06037186201,Highland Park,0.013475316146447043
06037186201,Glassell Park,0.001314157738217567
06037186202,Eagle Rock,0.1205780486207645
06037186202,Glassell Park,0.8667208493295855
06037186202,Mount Washington,0.012701102049458162
06037186203,Mount Washington,0.6889807897185274
06037186203,Highland Park,0.3009521554666503
06037186203,Glassell Park,0.0023273594151754606
06037186203,Eagle Rock,0.007005149020467428
06037186301,Glassell Park,0.9999360349931542
06037186302,Glassell Park,0.9927124806734504
06037186302,Mount Washington,0.007287519326546435
06037186401,Glassell Park,0.9958288358098037
06037186401,Atwater Village,0.0038190479884088377
06037186403,Glassell Park,1.0
06037186404,Mount Washington,7.160270681203964e-05
06037186404,Glassell Park,0.9999410885121215
06037187101,Silver Lake,0.05259546535793708
06037187101,Atwater Village,0.9432817458086301
06037187101,Griffith Park,0.0018796476166572358
06037187101,Glassell Park,0.001540873228433381
06037187102,Silver Lake,0.020321988351704307
06037187102,Atwater Village,0.3212979317243085
06037187102,Cypress Park,0.10615820162122205
06037187102,Glassell Park,0.5025067023941518
06037187102,Elysian Valley,0.049038236965793264
06037187200,Glassell Park,0.002298061714419081
06037187200,Silver Lake,0.03189159007125801
06037187200,Elysian Valley,0.9658103482144068
06037187300,Silver Lake,0.91824229353676
06037187300,Echo Park,0.01129292027419157
06037187300,Elysian Valley,0.07183121873660277
06037188100,Griffith Park,0.0010284974004758493
06037188100,Atwater Village,0.9981882969705331
06037188201,Los Feliz,0.6887892444021748
06037188201,Silver Lake,0.3088353715484113
06037188201,Griffith Park,0.0007454717673813752
06037188202,Griffith Park,0.024491634096228416
06037188202,Los Feliz,0.9755998105741042
06037188300,Atwater Village,0.9866691296895291
06037188300,Griffith Park,0.015826210491471506
06037189101,Los Feliz,1.0
06037189102,Griffith Park,0.007633367056340357
06037189102,Los Feliz,0.9923666329436984
06037189201,East Hollywood,0.0022373703555918583
06037189201,Los Feliz,0.9981987030667717
06037189202,Los Feliz,0.9870669662401217
06037189202,Griffith Park,0.01293303375990341
06037189300,Hollywood Hills,0.6149667683394318
06037189300,Los Feliz,0.38063206662826865
06037189300,Griffith Park,0.00440116503236471
06037189400,Hollywood Hills,1.0
06037189500,Hollywood Hills,1.0
06037189600,Hollywood Hills,0.9983479429582296
06037189600,Hollywood,0.0016228348720100892
06037189701,Hollywood Hills,0.9945009305336244
06037189702,Hollywood Hills West,0.002282453818107211
06037189702,Hollywood Hills,0.9976768838035821
06037189702,Hollywood,4.066359493552541e-05
06037189800,Hollywood Hills West,0.22125360417504455
06037189800,Hollywood,0.771931773140889
06037189902,Hollywood,0.9997429938397173
06037189903,Hollywood Hills West,0.06126316723709807
06037189903,Hollywood,0.923976004294475
06037189904,Hollywood,1.0
06037189905,Hollywood,0.9768457620968495
06037189905,Hollywood Hills West,0.011743188505355924
06037190100,Hollywood Hills,0.01838438487240617
06037190100,Hollywood,0.9816157225217431
06037190201,Hollywood Hills,0.007260927121247657
06037190201,Hollywood,0.992309204307112
06037190202,Hollywood,0.9903757229141031
06037190202,Hollywood Hills,0.009624478573631927
06037190301,Los Feliz,0.012756157365607314
06037190301,Hollywood,0.9507535916440497
06037190301,Hollywood Hills,0.03339521762598584
06037190401,Los Feliz,1.0
06037190402,Los Feliz,1.0
06037190510,East Hollywood,0.26284730392719985
06037190510,Los Feliz,0.008169845677465211
06037190510,Hollywood,0.7311838280942291
06037190520,East Hollywood,0.9824063616629033
06037190520,Los Feliz,0.019154306122166596
06037190700,Hollywood,1.0
06037190801,Hollywood,1.0
06037190802,Hollywood,1.0
06037190901,Hollywood,0.9768183418717887
06037190901,East Hollywood,0.02649507953180155
06037190902,Hollywood,1.0
06037191000,Hollywood Hills,0.0001076494141707318
06037191000,Hollywood,0.9999946050224373
06037191110,East Hollywood,1.0
06037191120,East Hollywood,1.0
06037191201,Los Feliz,0.011606154482066797
06037191201,East Hollywood,0.9890050799179113
06037191203,East Hollywood,1.0
06037191204,East Hollywood,1.0
06037191301,Silver Lake,0.3230174514344069
06037191301,East Hollywood,0.6766333647403902
06037191302,East Hollywood,0.8937769575470418
06037191302,Los Feliz,0.028200507669121338
06037191302,Silver Lake,0.07643522576265713
06037191410,Silver Lake,0.02430961374255173
06037191410,East Hollywood,0.9747356614258108
06037191420,East Hollywood,0.9780035917528873
06037191420,Silver Lake,0.02057135447608733
06037191500,East Hollywood,1.0
06037191610,East Hollywood,1.0
06037191620,East Hollywood,1.0
06037191710,East Hollywood,0.008758319567481914
06037191710,Hollywood,0.9830450230768704
06037191710,Larchmont,0.014647046036017441
06037191720,East Hollywood,0.030187686948940192
06037191720,Hollywood,0.9738237085556662
06037191810,Hollywood,1.0
06037191820,Hollywood,0.980603965647684
06037191820,Larchmont,0.003286606609452572
06037191820,Hancock Park,0.0011347785906221442
06037191901,Hollywood,0.9999999999948863
06037191902,Hancock Park,0.428631553316596
06037191902,Hollywood,0.568742551770752
06037192001,Hancock Park,0.0037651932306900612
06037192001,Fairfax,0.9810921825520691
06037192001,Hollywood,0.006094915918782567
06037192002,Fairfax,0.9978369885578765
06037192300,Windsor Square,0.004056801662901446
06037192300,Hollywood,0.00018839465909391254
06037192300,Larchmont,0.29843448439816367
06037192300,Hancock Park,0.6965043101062455
06037192410,Larchmont,0.9804921778159208
06037192410,Koreatown,0.00025444745740175616
06037192410,Windsor Square,0.012654163292330945
06037192420,East Hollywood,0.03948796554628831
06037192420,Larchmont,0.9418668719759717
06037192420,Koreatown,0.01216695509637425
06037192510,Koreatown,0.014475370774691645
06037192510,East Hollywood,0.9787501188163212
06037192520,East Hollywood,0.982301718321573
06037192520,Koreatown,0.015563938224113439
06037192610,East Hollywood,1.0
06037192620,East Hollywood,0.9629480244326986
06037192620,Koreatown,0.04871555441728991
06037192700,Koreatown,0.014878310532251252
06037192700,East Hollywood,0.9695278034745736
06037192700,Silver Lake,0.01295069079987023
06037192700,Westlake,0.005830268275213849
06037194101,Hollywood Hills,0.02704247361899803
06037194101,Hollywood,0.00046072902083335755
06037194101,Hollywood Hills West,0.9724959886703758
06037194102,Studio City,0.005780526839627244
06037194102,Hollywood Hills West,0.9929989301857801
06037194102,Hollywood Hills,0.0012205429745810097
06037194200,Hollywood Hills West,0.9997478092327071
06037194300,Beverly Crest,1.610333865846312e-07
06037194300,Hollywood Hills West,0.9971284454180998
06037194401,Fairfax,0.04031866990709047
06037194401,Beverly Grove,0.9608027574465893
06037194402,Beverly Grove,0.9995865806735315
06037194500,Fairfax,0.00923796913631128
06037194500,Beverly Grove,0.9895012019641329
06037195100,Silver Lake,0.9999239461485125
06037195100,Los Feliz,7.605385148860585e-05
06037195201,Silver Lake,0.011398468475480131
06037195201,Los Feliz,0.9886015315242508
06037195202,Los Feliz,0.9792968100290702
06037195202,Silver Lake,0.020703189971464465
06037195300,Los Feliz,0.9891875075433497
06037195300,East Hollywood,3.451109236787999e-05
06037195300,Silver Lake,0.010777981372114071
06037195400,Silver Lake,1.0
06037195500,Silver Lake,0.7905779289861412
06037195500,Echo Park,0.20942207101393506
06037195600,Echo Park,0.9208558915217041
06037195600,Silver Lake,0.07914410847836331
06037195710,Westlake,0.28213865345784817
06037195710,Echo Park,0.7165824999045621
06037195720,Echo Park,0.989009256774406
06037195720,Westlake,0.012544098366731057
06037195802,Silver Lake,0.29260423387020396
06037195802,Westlake,0.6590172359246562
06037195802,Echo Park,0.049150056409168766
06037195803,Silver Lake,1.0
06037195804,Silver Lake,0.6201698337258188
06037195804,Echo Park,0.37983016627422533
06037195901,Silver Lake,1.0
06037195902,Silver Lake,1.0
06037195903,Silver Lake,0.9880072211024258
06037195903,Westlake,0.012460667281055922
06037197200,Elysian Valley,0.9998717149225891
06037197200,Elysian Park,0.0001282850774846586
06037197300,Elysian Park,0.002673214952209529
06037197300,Echo Park,0.99617549256588
06037197410,Silver Lake,0.007780409721679902
06037197410,Elysian Park,0.03449683936989628
06037197410,Echo Park,0.878820454659733
06037197410,Elysian Valley,0.07911658544055038
06037197420,Silver Lake,0.00028052966032404556
06037197420,Echo Park,0.9997194703399229
06037197500,Echo Park,1.0
06037197600,Chinatown,0.0003865879608097936
06037197600,Echo Park,0.8934181270318722
06037197600,Downtown,0.10523358001100663
06037197700,Downtown,0.0022736498766569167
06037197700,Elysian Park,0.1736097428871339
06037197700,Chinatown,0.3628774520739251
06037197700,Echo Park,0.45598412337015815
06037199000,Mount Washington,0.0016301082430671603
06037199000,Highland Park,0.0006649983804265907
06037199000,Cypress Park,0.18095795212646776
06037199000,Elysian Park,0.0024078471854226914
06037199000,Montecito Heights,0.00020917142575328272
06037199000,Lincoln Heights,0.817202248749378
06037199110,El Sereno,0.028765958317306467
06037199110,Lincoln Heights,0.6301525006871884
06037199110,Montecito Heights,0.341818836721359
06037199120,Boyle Heights,0.024008649832370013
06037199120,Lincoln Heights,0.9459841740568793
06037199120,El Sereno,0.03318698524663752
06037199201,Montecito Heights,0.0007800266358658997
06037199201,Lincoln Heights,0.9992199733641904
06037199202,Montecito Heights,0.651664412197845
06037199202,Lincoln Heights,0.34833558780214824
06037199300,Highland Park,0.007812162427668131
06037199300,Lincoln Heights,0.027534310311450847
06037199300,Montecito Heights,0.9646535272608783
06037199400,Lincoln Heights,0.17536911773100533
06037199400,Montecito Heights,0.31651946136610104
06037199400,Cypress Park,0.020529010439885136
06037199400,Highland Park,0.48685107928106963
06037199700,Lincoln Heights,1.0
06037199800,Lincoln Heights,1.0
06037199900,Boyle Heights,0.01626200106106375
06037199900,Lincoln Heights,0.9837379989389504
06037201110,El Sereno,0.999162379144606
06037201120,El Sereno,0.9951804197427095
06037201200,El Sereno,1.0
06037201301,Montecito Heights,0.7629634742093309
06037201301,El Sereno,0.23703652579066117
06037201302,El Sereno,0.032762002935658494
06037201302,Montecito Heights,0.9672379970643642
06037201401,El Sereno,0.9999216570144335
06037201401,Lincoln Heights,7.834298573783422e-05
06037201402,Boyle Heights,0.0038493578794992537
06037201402,El Sereno,0.9966326476417001
06037201402,Lincoln Heights,7.990470321133717e-05
06037201501,El Sereno,0.9958388001044053
06037201503,El Sereno,1.0
06037201504,El Sereno,1.0
06037201601,El Sereno,1.0
06037201602,El Sereno,0.9983814796310156
06037201700,El Sereno,0.9922151034257564
06037203100,El Sereno,0.002353412632432178
06037203100,Boyle Heights,0.992584670197885
06037203200,Boyle Heights,0.9927577354376327
06037203300,Boyle Heights,1.0
06037203500,Boyle Heights,0.5636705216198165
06037203500,Lincoln Heights,0.43664034515178324
06037203600,Boyle Heights,1.0
06037203710,Boyle Heights,1.0
06037203720,Boyle Heights,1.0
06037203800,Boyle Heights,0.9978465142516729
06037203900,Boyle Heights,0.9999963138353707
06037204110,Boyle Heights,1.0
06037204120,Boyle Heights,1.0
06037204200,Boyle Heights,1.0
06037204300,Boyle Heights,1.0
06037204410,Boyle Heights,1.0
06037204420,Boyle Heights,1.0
06037204600,Boyle Heights,1.0
06037204700,Boyle Heights,1.0
06037204810,Boyle Heights,1.0
06037204820,Boyle Heights,1.0
06037204910,Boyle Heights,0.9999549732475864
06037204920,Boyle Heights,0.9998302989538419
06037205110,Boyle Heights,1.0
06037205120,Boyle Heights,0.9926771314053606
06037206010,Elysian Park,0.36118032559372787
06037206010,Lincoln Heights,0.015062841109324536
06037206010,Chinatown,0.621556440307391
06037206020,Lincoln Heights,0.01813213373521947
06037206020,Boyle Heights,0.011733051655731248
06037206020,Chinatown,0.585441339657383
06037206020,Downtown,0.3843794799332409
06037206031,Downtown,0.9680970519427384
06037206031,Boyle Heights,0.030504928052619593
06037206031,Skid Row,0.0003174740164061653
06037206031,Central-Alameda,0.0005117255715286031
06037206032,Boyle Heights,1.0
06037206050,Boyle Heights,0.9999941240844061
06037206200,Downtown,0.6083124177542802
06037206200,Skid Row,0.39168758224582656
06037206300,Skid Row,0.9963594367870006
06037206300,Downtown,0.0036405632120779297
06037207101,Downtown,0.6192344040823454
06037207101,Chinatown,0.3807655959101766
06037207102,Chinatown,0.6010296252782659
06037207102,Downtown,0.3989703747265218
06037207103,Elysian Park,0.001209315612369055
06037207103,Chinatown,0.9987906843863391
06037207301,Downtown,1.0
06037207302,Skid Row,0.00044140743089162983
06037207302,Downtown,0.9995585925692753
06037207400,Downtown,1.0
06037207501,Downtown,1.0
06037207502,Downtown,1.0
06037207710,Downtown,1.0
06037207900,Downtown,1.0
06037208000,Echo Park,0.6660447644415713
06037208000,Westlake,0.17608316507248753
06037208000,Downtown,0.15645417140026444
06037208301,Westlake,1.0
06037208302,Echo Park,0.00019265383687397955
06037208302,Westlake,0.9998073461630492
06037208401,Westlake,1.0
06037208402,Echo Park,0.001913594846474392
06037208402,Westlake,0.9978974354074713
06037208501,Westlake,1.0
06037208502,Westlake,1.0
06037208610,Westlake,1.0
06037208620,Westlake,1.0
06037208710,Westlake,1.0
06037208720,Westlake,1.0
06037208801,Westlake,1.0
06037208802,Westlake,1.0
06037208902,Westlake,1.0
06037208903,Westlake,1.0
06037208904,Westlake,1.0
06037209102,Westlake,1.0
06037209103,Westlake,1.0
06037209104,Westlake,1.0
06037209200,Westlake,0.8625183618821851
06037209200,Downtown,0.13662422844237532
06037209300,Downtown,0.009759736986421262
06037209300,Westlake,0.9892199691642668
06037209401,Westlake,1.0
06037209402,Westlake,1.0
06037209403,Westlake,1.0
06037209510,Westlake,0.6330569119583156
06037209510,Pico-Union,0.36966695896316476
06037209520,Westlake,0.4742242399751797
06037209520,Pico-Union,0.5262831780154065
06037209810,Pico-Union,1.0
06037209820,Pico-Union,1.0
06037210010,Westlake,0.2884045270004461
06037210010,Pico-Union,0.6776896513592753
06037210010,Downtown,0.03735949119801758
06037211000,Windsor Square,0.21720620242824532
06037211000,Mid-Wilshire,0.07313612015765084
06037211000,Hancock Park,0.7097981344382158
06037211120,Koreatown,0.5862764590506502
06037211120,Westlake,0.41372354094940983
06037211121,Westlake,0.9999504103731089
06037211121,East Hollywood,4.958962692954628e-05
06037211122,Koreatown,0.978538911610672
06037211122,Westlake,0.021461088389656754
06037211201,Koreatown,1.0
06037211202,Koreatown,1.0
06037211310,Koreatown,1.0
06037211320,Koreatown,1.0
06037211410,Koreatown,1.0
06037211420,Koreatown,1.0
06037211500,Windsor Square,0.6041532201747339
06037211500,Koreatown,0.3958467798255542
06037211701,Windsor Square,0.956334847624798
06037211701,Koreatown,0.0321899090723402
06037211701,Mid-Wilshire,0.006744472944495177
06037211703,Koreatown,1.0
06037211704,Koreatown,0.9998577195354319
06037211704,Windsor Square,0.00014228046509088123
06037211802,Koreatown,1.0
06037211803,Koreatown,1.0
06037211804,Koreatown,1.0
06037211910,Koreatown,1.0
06037211921,Koreatown,1.0
06037211922,Koreatown,1.0
06037212101,Koreatown,1.0
06037212102,Koreatown,1.0
06037212202,Koreatown,0.3285693628746355
06037212202,Westlake,0.6714306371241716
06037212203,Koreatown,0.9735114662135332
06037212203,Westlake,0.026488533787046978
06037212204,Koreatown,0.10758742971527654
06037212204,Westlake,0.8924125702839997
06037212303,Koreatown,1.0
06037212304,Koreatown,1.0
06037212305,Koreatown,1.0
06037212306,Koreatown,1.0
06037212410,Koreatown,1.0
06037212420,Koreatown,1.0
06037212501,Koreatown,1.0
06037212502,Koreatown,1.0
06037212610,Koreatown,1.0
06037212620,Koreatown,1.0
06037212701,Arlington Heights,0.41017141515138444
06037212701,Koreatown,0.589828584848495
06037212702,Mid-Wilshire,0.9441519010880803
06037212702,Koreatown,0.05826219421035013
06037212702,Arlington Heights,0.0020110226006171115
06037212800,Mid-Wilshire,0.9829520721247695
06037212800,Mid-City,0.009814830301718794
06037212800,Arlington Heights,0.004770679685497964
06037212900,Arlington Heights,1.0
06037213100,Arlington Heights,0.338378715108914
06037213100,Harvard Heights,0.4495705647344517
06037213100,Koreatown,0.21028968317149535
06037213201,Pico-Union,0.0015835691134205988
06037213201,Harvard Heights,0.5692101737755826
06037213201,Koreatown,0.44937144374427007
06037213202,Pico-Union,0.0042761993030430165
06037213202,Harvard Heights,0.995723800697281
06037213310,Pico-Union,0.7774175965930432
06037213310,Koreatown,0.226910930603058
06037213310,Harvard Heights,0.001015907115088769
06037213320,Koreatown,0.2292113208836887
06037213320,Pico-Union,0.7719337060386385
06037213401,Westlake,0.6470054613054257
06037213401,Pico-Union,0.03372053070751815
06037213401,Koreatown,0.31572587494657844
06037213402,Koreatown,6.61584407827394e-05
06037213402,Pico-Union,0.999933841559219
06037214000,Mid-Wilshire,0.001494235110369385
06037214000,Hancock Park,0.008934278811648799
06037214000,Fairfax,0.9945598203736914
06037214100,Hancock Park,1.0
06037214100,Fairfax,0.00021340831441159897
06037214400,Fairfax,1.0
06037214501,Fairfax,0.5841013911825512
06037214501,Mid-Wilshire,0.4158986088140629
06037214502,Mid-Wilshire,0.9855701819183041
06037214502,Fairfax,0.014429818071271194
06037214503,Mid-Wilshire,1.0
06037214600,Fairfax,0.009581842649243263
06037214600,Mid-Wilshire,0.00538911416809428
06037214600,Beverly Grove,0.9873419824622014
06037214700,Carthay,0.0005205436945002782
06037214700,Beverly Grove,0.9782616377240534
06037214700,Mid-Wilshire,0.019262496475115062
06037214800,Beverly Grove,0.9933720682918932
06037214901,Beverly Grove,0.9987961567738554
06037214902,Beverly Grove,0.9975597511683368
06037215101,Mid-Wilshire,1.0
06037215102,Hancock Park,0.019192477272447026
06037215102,Fairfax,0.0010241780496480384
06037215102,Mid-Wilshire,0.979783093258348
06037216100,Mid-Wilshire,1.0
06037216200,Mid-Wilshire,1.0
06037216300,Carthay,0.4373568884920342
06037216300,Beverly Grove,0.0007019189629771365
06037216300,Mid-Wilshire,0.5596375831281879
06037216401,Carthay,0.016361801747091478
06037216401,Pico-Robertson,0.982625020142022
06037216402,Pico-Robertson,0.999996571180348
06037216700,Carthay,0.004274878157000521
06037216700,Pico-Robertson,0.001366211740015526
06037216700,Mid-Wilshire,0.00015036005498391964
06037216700,Mid-City,0.9946232816173526
06037216800,Mid-Wilshire,0.006630651685209473
06037216800,Carthay,0.9933693483143149
06037216900,Mid-Wilshire,0.4499366830284814
06037216900,Mid-City,0.5501886617009747
06037217001,Pico-Robertson,0.8164784461234904
06037217001,Beverlywood,0.1835215538733337
06037217002,Pico-Robertson,0.9953776340351275
06037217002,Beverlywood,0.002215006426039184
06037217002,Mid-City,0.0029116004459901084
06037217002,Carthay,2.7508144509041257e-05
06037217100,Mid-City,0.43417865962166785
06037217100,Mid-Wilshire,0.5658213403830443
06037217200,Mid-City,0.3089092042595708
06037217200,Mid-Wilshire,0.6929025607485146
06037218110,Mid-City,0.28739443755639926
06037218110,Arlington Heights,0.7093116814456885
06037218120,Arlington Heights,1.0
06037218210,Mid-City,1.0
06037218220,Arlington Heights,0.00022373859722052528
06037218220,Mid-City,0.9984082997681245
06037218300,Mid-City,1.0
06037218400,West Adams,0.050027106350508214
06037218400,Mid-City,0.9520080033963004
06037218500,Mid-City,0.9356554769351504
06037218500,West Adams,0.06434452306460615
06037218600,West Adams,0.03264135815805018
06037218600,Mid-City,0.967358641842065
06037218701,West Adams,0.014189378434078524
06037218701,Mid-City,0.5740146178013706
06037218701,Arlington Heights,0.387786679764863
06037218701,Jefferson Park,0.02354977464203122
06037218702,Jefferson Park,0.5967313765633451
06037218702,West Adams,0.4038378749941792
06037218800,Arlington Heights,0.8825112338434715
06037218800,Jefferson Park,0.11748876615663448
06037218900,Jefferson Park,1.0
06037219010,Exposition Park,0.00010908218427917799
06037219010,Jefferson Park,0.9998902266073985
06037219020,Exposition Park,0.0011859011184551262
06037219020,Leimert Park,0.19748225494353533
06037219020,Jefferson Park,0.7985131895114871
06037219300,Leimert Park,0.01132502250452253
06037219300,Jefferson Park,0.9886749774952794
06037219500,West Adams,0.01699440900950374
06037219500,Leimert Park,0.00015872552601529292
06037219500,Baldwin Hills/Crenshaw,0.982846865464615
06037219700,Baldwin Hills/Crenshaw,0.2679940631237556
06037219700,West Adams,0.732006228748146
06037219800,West Adams,1.0
06037219901,West Adams,1.0
06037219902,Mid-City,0.0032588732701729446
06037219902,Baldwin Hills/Crenshaw,0.0008768632097587543
06037219902,West Adams,0.9849713037218994
06037220000,West Adams,0.998969742850106
06037220000,Leimert Park,3.911461760849169e-06
06037220000,Jefferson Park,0.000985598844341137
06037220000,Baldwin Hills/Crenshaw,4.074684358052122e-05
06037220100,Baldwin Hills/Crenshaw,0.9318826687886352
06037220100,West Adams,0.06620858652317407
06037221110,Pico-Union,1.0
06037221120,Pico-Union,1.0
06037221210,Harvard Heights,0.9689734410666713
06037221210,Pico-Union,0.031026558933175265
06037221220,Pico-Union,0.9994531539762942
06037221220,Harvard Heights,0.0005468460238363216
06037221302,Arlington Heights,0.37655180176120173
06037221302,Harvard Heights,0.6234481982383739
06037221303,Harvard Heights,1.0
06037221304,Arlington Heights,0.7572100397002915
06037221304,Harvard Heights,0.2427899602998512
06037221401,Jefferson Park,0.9946819098719891
06037221401,Adams-Normandie,0.005318090128134246
06037221402,Adams-Normandie,0.06339684029370712
06037221402,Harvard Heights,0.651270933589036
06037221402,Jefferson Park,0.06134868070472534
06037221402,Arlington Heights,0.2192650295467688
06037221402,Pico-Union,0.00471851586514139
06037221500,Adams-Normandie,1.0
06037221601,Adams-Normandie,0.9998396630563681
06037221601,Pico-Union,0.00016033694405378338
06037221602,Pico-Union,0.9662171284293496
06037221602,Adams-Normandie,0.02924083599734213
06037221602,University Park,0.004542035573646764
06037221710,Adams-Normandie,0.006734062225987076
06037221710,Pico-Union,0.0028269438888525703
06037221710,University Park,0.9926150184323228
06037221810,University Park,0.3955074412250156
06037221810,Adams-Normandie,0.6123121352715327
06037221820,University Park,1.0
06037221900,University Park,0.6527415799936669
06037221900,Exposition Park,0.007130438367928991
06037221900,Adams-Normandie,0.34627367336950693
06037222001,Jefferson Park,0.9770330914615567
06037222001,Exposition Park,0.019115451791239278
06037222001,Adams-Normandie,0.010675530947477078
06037222002,Leimert Park,0.0007532752023800593
06037222002,Exposition Park,0.9979389164385737
06037222100,Adams-Normandie,0.9666978266065137
06037222100,Exposition Park,0.03585888062962751
06037222200,Adams-Normandie,1.0
06037222500,Exposition Park,1.0
06037222600,Exposition Park,1.0
06037222700,Historic South-Central,0.021095380110886845
06037222700,Exposition Park,0.11311902244278271
06037222700,University Park,0.8750301858440944
06037224010,Downtown,1.0
06037224020,University Park,0.010049975349926408
06037224020,Downtown,0.2668465253024077
06037224020,Pico-Union,0.000790184538018785
06037224020,Historic South-Central,0.7188554670387404
06037224200,Downtown,0.021347173828841017
06037224200,Pico-Union,0.9786528261711358
06037224310,Pico-Union,1.0
06037224320,Pico-Union,1.0
06037224410,Downtown,0.001372821540434925
06037224410,Pico-Union,0.16732460179131484
06037224410,University Park,0.8313025766681048
06037224420,University Park,0.9996923926345885
06037224420,Historic South-Central,0.0003076073654752787
06037224600,University Park,0.013726893685545858
06037224600,Historic South-Central,0.9870355022279735
06037224700,University Park,0.9991056311334835
06037224700,Historic South-Central,0.0016129035176276172
06037226001,Central-Alameda,0.21703086416837597
06037226001,Historic South-Central,0.2560920526590117
06037226001,Downtown,0.5185913065256997
06037226002,Skid Row,0.0738385231782883
06037226002,Downtown,0.9261614768219232
06037226410,Historic South-Central,1.0
06037226420,Historic South-Central,1.0
06037226700,Historic South-Central,1.0
06037227010,Historic South-Central,0.0020299308176904276
06037227010,Central-Alameda,0.998305923874023
06037227020,Central-Alameda,0.99197136476237
06037227020,Historic South-Central,0.011143739289768926
06037228100,Downtown,0.00033712096958815553
06037228100,Central-Alameda,0.9975045002200499
06037228210,Historic South-Central,0.006546556010545639
06037228210,Central-Alameda,0.996426775744974
06037228220,Historic South-Central,0.005373447135452328
06037228220,Central-Alameda,0.997220217491459
06037228310,Historic South-Central,1.0
06037228320,Historic South-Central,1.0
06037228410,Historic South-Central,1.0
06037228420,Historic South-Central,1.0
06037228500,South Park,0.5816367270556531
06037228500,Historic South-Central,0.4183632729440207
06037228600,Historic South-Central,0.47627068766919917
06037228600,South Park,0.523729312330921
06037228710,Historic South-Central,0.00022300186927678745
06037228710,Central-Alameda,0.9908185223437184
06037228710,South Park,0.006448271857681263
06037228720,Central-Alameda,1.0
06037228800,Central-Alameda,1.0
06037228900,Central-Alameda,1.0000000000002383
06037229100,Central-Alameda,0.9999982927843337
06037229200,South Park,0.9998851641175708
06037229300,South Park,1.0
06037229410,South Park,1.0
06037229420,Central-Alameda,0.003205082180979536
06037229420,South Park,0.9954623338766513
06037231100,Historic South-Central,0.9149876467640233
06037231100,Exposition Park,0.08345710469562281
06037231210,Exposition Park,1.0
06037231220,Exposition Park,1.0
06037231300,Vermont Square,0.0008351991827653402
06037231300,Exposition Park,0.9993267123890932
06037231400,Leimert Park,8.066157835039667e-05
06037231400,Exposition Park,0.9935729300959936
06037231400,Vermont Square,0.006751588521752175
06037231500,Vermont Square,0.995055461658908
06037231500,Leimert Park,0.00657078642224822
06037231600,Vermont Square,0.9979656293172413
06037231600,Exposition Park,0.0021030624384926334
06037231710,Exposition Park,0.015927141377594618
06037231710,Vermont Square,0.9840776997578938
06037231720,Historic South-Central,0.037445327966146205
06037231720,Vermont Square,0.9590963184230773
06037231720,Exposition Park,0.006732951126655475
06037231800,Historic South-Central,1.0
06037231900,South Park,0.9918760353781575
06037231900,Historic South-Central,0.008123964622304284
06037232110,Vermont Square,1.0
06037232120,Vermont Square,0.9819236487922753
06037232120,Historic South-Central,0.0001449289070533485
06037232120,South Park,0.019632013489793525
06037232200,Vermont Square,1.0
06037232300,Vermont Square,1.0
06037232400,Vermont Square,0.9967580810917545
06037232400,Hyde Park,0.006006511923228776
06037232400,Leimert Park,7.294227192325313e-05
06037232500,Hyde Park,0.0030215377571762487
06037232500,Vermont Square,0.3378574852320701
06037232500,Harvard Park,0.23426638508024536
06037232500,Chesterfield Square,0.4298087146277107
06037232600,Vermont Square,0.33557409643105823
06037232600,Vermont-Slauson,0.4529475101963324
06037232600,Harvard Park,0.21617862116189615
06037232700,South Park,0.009113588616364982
06037232700,Vermont-Slauson,0.6216508779287582
06037232700,Vermont Square,0.36592331346315843
06037232800,South Park,1.0
06037234000,Leimert Park,0.9416933524171575
06037234000,Exposition Park,0.05527504662068616
06037234200,Leimert Park,0.9990795492708892
06037234200,Baldwin Hills/Crenshaw,0.0009204507289304614
06037234300,Leimert Park,0.9950610522514716
06037234300,Baldwin Hills/Crenshaw,0.0038547504827272467
06037234501,Hyde Park,0.9999986812815785
06037234502,Hyde Park,0.968696909380978
06037234502,Leimert Park,0.03129549479915804
06037234600,Hyde Park,0.9999917945771787
06037234700,Chesterfield Square,5.538101411481767e-06
06037234700,Hyde Park,0.9999943432013947
06037234800,Hyde Park,1.0
06037234901,Hyde Park,1.0
06037234902,Hyde Park,0.9997744084729643
06037235100,Hyde Park,0.9981379133537379
06037235100,Westchester,0.0013625554338984399
06037235201,Hyde Park,1.0
06037235202,Hyde Park,0.9999098654880882
06037236000,Baldwin Hills/Crenshaw,0.5459822647635083
06037236100,Baldwin Hills/Crenshaw,0.989112507252754
06037236100,Leimert Park,0.009991236814272735
06037236202,Baldwin Hills/Crenshaw,1.0
06037236203,Baldwin Hills/Crenshaw,1.0
06037236204,Baldwin Hills/Crenshaw,1.0
06037236400,Baldwin Hills/Crenshaw,0.9981402519990048
06037237101,Vermont-Slauson,1.0
06037237102,Vermont-Slauson,0.9952317058416635
06037237102,South Park,0.00035931502728180916
06037237102,Florence,0.004960030901310824
06037237201,Harvard Park,0.3394674204589448
06037237201,Vermont-Slauson,0.6605325795412975
06037237202,Chesterfield Square,0.5841479159919142
06037237202,Harvard Park,0.40870104969688165
06037237202,Hyde Park,0.0071521305172826235
06037237300,Harvard Park,0.33820893876809516
06037237300,Hyde Park,0.013833440748146813
06037237300,Chesterfield Square,0.649161585072894
06037237401,Vermont-Slauson,1.0
06037237402,Harvard Park,0.6785798770222246
06037237402,Vermont-Slauson,0.321420122978006
06037237500,Vermont-Slauson,1.0
06037237600,Vermont-Slauson,0.9914036113267313
06037237600,Florence,0.012963975040927557
06037237710,Vermont Knolls,0.9849504856295241
06037237710,Vermont-Slauson,0.014498561353895259
06037237710,Florence,0.008508216310557955
06037237720,Florence,0.008214685406392306
06037237720,Vermont Knolls,0.997666888190871
06037237800,Vermont-Slauson,0.0061461403108776635
06037237800,Harvard Park,0.004196182698646624
06037237800,Vermont Knolls,0.6580223089456683
06037237800,Manchester Square,0.3322392621299914
06037237900,Manchester Square,0.9772190212157421
06037237900,Harvard Park,0.006027208166294342
06037237900,Chesterfield Square,0.015172023189069054
06037237900,Hyde Park,0.006271001818759258
06037238000,Gramercy Park,0.9999991784981633
06037238100,Manchester Square,0.9999735477073928
06037238200,Manchester Square,0.3195187449933341
06037238200,Vermont Knolls,0.6804400575356165
06037238200,Gramercy Park,0.00023818806450728153
06037238310,Florence,0.008433477878955719
06037238310,Vermont Knolls,0.9955241851635973
06037238320,Florence,0.008471597415594063
06037238320,Vermont Knolls,0.9928658615355723
06037238400,Manchester Square,0.017548188009235313
06037238400,Gramercy Park,0.9824517927209275
06037239201,Vermont-Slauson,0.0003837894040408606
06037239201,Florence,0.980476451791262
06037239201,South Park,0.01915087014110811
06037239202,Florence,0.9842044892182599
06037239202,Central-Alameda,9.79301259110179e-06
06037239202,South Park,0.015686533296072294
06037239310,Vermont-Slauson,5.923386962700157e-06
06037239310,Florence,1.0
06037239320,Florence,1.0
06037239330,Florence,0.999282820195438
06037239501,Florence,0.998156767296697
06037239502,Florence,0.9984280858652029
06037239601,Vermont-Slauson,5.514758393572107e-06
06037239601,Vermont Knolls,5.650702097139614e-05
06037239601,Florence,1.0
06037239602,Florence,1.0
06037239701,Florence,1.0
06037239702,Florence,1.0
06037239801,Florence,0.9985995359238287
06037239802,Florence,0.9988573943856139
06037239802,Green Meadows,3.4696578490796484e-07
06037240010,Green Meadows,0.8343304424533925
06037240010,Broadway-Manchester,0.13396234011176103
06037240010,Florence,0.016867626048440776
06037240020,Green Meadows,0.8585128218511023
06037240020,Broadway-Manchester,0.14148021366958055
06037240200,Florence,0.00950350136522778
06037240200,Broadway-Manchester,0.9824843443657151
06037240200,Vermont Vista,0.009821308542581475
06037240300,Broadway-Manchester,0.0022552941152928106
06037240300,Florence,0.00014053050460728335
06037240300,Vermont Vista,0.9809541666027938
06037240300,Vermont Knolls,0.016134626253656678
06037240401,Vermont Vista,0.995236733935606
06037240401,Broadway-Manchester,0.0019780334680388196
06037240402,Vermont Vista,0.99382430747326
06037240402,Broadway-Manchester,0.0021534702192294725
06037240500,Vermont Vista,0.003057501206208937
06037240500,Broadway-Manchester,0.9969424987936785
06037240600,Green Meadows,0.6657243028482317
06037240600,Broadway-Manchester,0.33427569715182276
06037240700,Watts,0.00014251206143706637
06037240700,Green Meadows,0.9998103337654727
06037240800,Broadway-Manchester,0.002281599555543006
06037240800,Green Meadows,0.9977184004444234
06037240900,Broadway-Manchester,0.004025799791975191
06037240900,Green Meadows,0.995974200208001
06037241001,Broadway-Manchester,0.3738848183902223
06037241001,Green Meadows,0.6260917816946422
06037241002,Broadway-Manchester,0.006212540015607764
06037241002,Green Meadows,0.9937861769601471
06037241110,Broadway-Manchester,1.0
06037241120,Broadway-Manchester,1.0
06037241201,Vermont Vista,0.9911826556064107
06037241201,Broadway-Manchester,0.003067494843287307
06037241202,Vermont Vista,0.9835810490984612
06037241202,Broadway-Manchester,0.014176560782792252
06037241300,Vermont Vista,0.9974666201967369
06037241300,Broadway-Manchester,0.0031977360727797567
06037241400,Vermont Vista,0.002532239286260243
06037241400,Harbor Gateway,1.1177698507473967e-06
06037241400,Broadway-Manchester,0.9962188667621589
06037242000,Green Meadows,0.006303228596467684
06037242000,Watts,0.9974231765091711
06037242100,Watts,0.9987580664170097
06037242200,Watts,0.9998470359259625
06037242300,Watts,0.9985410633430706
06037242600,Green Meadows,0.009908610410853464
06037242600,Watts,0.9929299853237157
06037242700,Watts,0.9981478767605227
06037243000,Watts,0.9994913614535839
06037243100,Watts,1.0
06037261101,Studio City,0.006024136418991583
06037261101,Hollywood Hills West,0.2081768750401909
06037261101,Beverly Crest,0.7843099264435911
06037261101,Sherman Oaks,2.6622111192613354e-06
06037261102,Sherman Oaks,0.004720988759912127
06037261102,Beverly Crest,0.9952769000534678
06037261200,Bel-Air,0.014078038498700457
06037261200,Beverly Crest,0.9820229840557414
06037261200,Sherman Oaks,0.0038982330763555114
06037262100,Sherman Oaks,0.0018704508195143685
06037262100,Beverly Crest,0.0776859240809694
06037262100,Westwood,0.0016437855552434587
06037262100,Bel-Air,0.9187947158007809
06037262200,Brentwood,0.03642430876732028
06037262200,Sherman Oaks,0.000739687447226542
06037262200,Bel-Air,0.9604431098158406
06037262200,Westwood,0.001287618929196774
06037262301,Bel-Air,4.185058432760884e-05
06037262301,Encino,0.0025799132038360627
06037262301,Brentwood,0.9974771588189174
06037262302,Brentwood,0.9940252188056956
06037262302,Bel-Air,0.005644310166312162
06037262303,Brentwood,0.9993606156138907
06037262303,Pacific Palisades,0.0006580381026249011
06037262400,Brentwood,0.9945494215612212
06037262400,Pacific Palisades,0.00549922592799581
06037262501,Pacific Palisades,1.0
06037262601,Pacific Palisades,1.0
06037262604,Pacific Palisades,0.9441207071297291
06037262704,Pacific Palisades,0.7924097090594612
06037262706,Pacific Palisades,0.8312008808013667
06037262802,Brentwood,0.005127871004889962
06037262802,Pacific Palisades,0.973822955031724
06037264000,Brentwood,0.9987343554148583
06037264000,Pacific Palisades,0.0012559651702606968
06037264102,Brentwood,0.999999978591634
06037264103,Brentwood,1.0
06037264301,Sawtelle,0.0013117464247004262
06037264301,Brentwood,0.9985326988083941
06037264302,Sawtelle,6.744932125408304e-05
06037264302,Brentwood,0.9994883125236151
06037265100,Bel-Air,0.0021559188852712133
06037265100,Westwood,0.992543045531569
06037265100,Beverly Crest,0.005666819202172412
06037265201,Westwood,1.0
06037265202,Westwood,1.0
06037265301,Westwood,0.9922035903978037
06037265301,Bel-Air,0.007796409602187486
06037265303,Westwood,0.9972908703252946
06037265304,Westwood,1.0
06037265305,Westwood,0.9922639725601413
06037265410,Brentwood,0.9880863133812509
06037265410,Westwood,0.011896979530994464
06037265420,Bel-Air,0.00013669648740179677
06037265420,Westwood,0.9972026690460422
06037265420,Brentwood,0.0003433374399987389
06037265510,Westwood,0.996786171589344
06037265520,West Los Angeles,0.009390572084708605
06037265520,Westwood,0.8549383732423628
06037265520,Sawtelle,0.13542014193266835
06037265601,Westwood,1.0
06037265601,West Los Angeles,0.0022056366435366055
06037265602,Westwood,1.0
06037265700,Century City,0.006039862278797993
06037265700,Westwood,0.9956251369550305
06037267100,Century City,0.33338010446761185
06037267100,Westwood,0.0002414114928912817
06037267100,West Los Angeles,0.6658547164409662
06037267200,Westwood,0.0010472359389744799
06037267200,Sawtelle,0.1899362265325601
06037267200,West Los Angeles,0.809193693864438
06037267300,Sawtelle,0.9999999999741215
06037267402,Sawtelle,0.9997378195074201
06037267403,Sawtelle,0.9999938498777061
06037267404,Sawtelle,1.0
06037267501,Sawtelle,1.0
06037267502,Sawtelle,0.9999713201542488
06037267600,Sawtelle,0.998033285765217
06037267700,Sawtelle,1.0
06037267800,Cheviot Hills,0.007574634718559789
06037267800,West Los Angeles,0.48060999604273635
06037267800,Rancho Park,0.37854793396818937
06037267800,Sawtelle,0.13272729683980786
06037267901,Westwood,5.394502989003393e-05
06037267901,Century City,0.9999994846374755
06037267902,Century City,0.4006063311441028
06037267902,West Los Angeles,0.5993936688559247
06037269000,Beverlywood,0.05750237741353053
06037269000,Palms,0.008030391803293764
06037269000,Pico-Robertson,0.13150840221235854
06037269000,Cheviot Hills,0.8010915809995588
06037269000,Century City,0.0015742792530522018
06037269100,Pico-Robertson,0.6022078143251839
06037269100,Beverlywood,0.3977921856746101
06037269300,Century City,0.002111380462497391
06037269300,Rancho Park,0.04757844592210947
06037269300,West Los Angeles,0.0016825616290230474
06037269300,Cheviot Hills,0.9423848342505743
06037269300,Palms,0.006883859611033636
06037269500,Mid-City,0.0006575765399157419
06037269500,Palms,0.02285199880907761
06037269500,Beverlywood,0.955853645433882
06037269500,Cheviot Hills,0.01957549718052096
06037269601,Mid-City,0.993665388332281
06037269601,Pico-Robertson,0.0063346116678562325
06037269602,Pico-Robertson,0.014872553514985874
06037269602,Beverlywood,0.0026265562341527935
06037269602,Mid-City,0.9849718410638802
06037269700,Palms,0.17501132222133708
06037269700,Beverlywood,0.1768094454249968
06037269700,Mid-City,0.6486417757659464
06037269800,Mid-City,0.0001146091505063175
06037269800,Beverlywood,0.006632960620763493
06037269800,Cheviot Hills,0.06986523069335766
06037269800,Palms,0.9223945934905522
06037269903,Palms,0.9993772466528617
06037269904,Palms,1.0
06037269905,Palms,0.9994835426125808
06037269906,Palms,1.0
06037269907,Palms,1.0
06037270100,Palms,0.9988398517173299
06037270100,Mid-City,0.00018417531109132622
06037270200,Palms,0.0004633644431254445
06037270200,Mid-City,0.9985989915281769
06037270300,Mid-City,0.9999979286111215
06037270300,Pico-Robertson,2.071388754777705e-06
06037271100,Cheviot Hills,0.00022469888589141836
06037271100,Rancho Park,0.8508773935988372
06037271100,Sawtelle,0.14223073226843694
06037271100,Palms,0.006667175246708512
06037271200,Sawtelle,0.998763406620045
06037271300,Rancho Park,0.002080977280641369
06037271300,Palms,0.0002388742452251693
06037271300,Sawtelle,0.9924174646041962
06037271300,Mar Vista,0.00388108384048929
06037271400,Mar Vista,0.9953419778314194
06037271500,Sawtelle,0.0022448218581592834
06037271500,Mar Vista,0.9980226559008338
06037271600,Palms,0.03767826045983689
06037271600,Mar Vista,0.9623981707125809
06037271600,Sawtelle,0.00020232553660316883
06037271701,Rancho Park,0.1390198607750211
06037271701,Palms,0.8609801392246919
06037271702,Palms,0.687041441645262
06037271702,Sawtelle,0.05064744964815133
06037271702,Rancho Park,0.26231110870717844
06037271801,Palms,0.9999981883337294
06037271802,Palms,1.0
06037271901,Mar Vista,0.9612353913757691
06037271901,Palms,0.03866571681019006
06037271902,Mar Vista,1.0
06037272100,Mar Vista,1.0
06037272201,Mar Vista,0.9998979454598658
06037272202,Del Rey,0.0062728945793231565
06037272202,Mar Vista,0.9909813444444296
06037272301,Mar Vista,0.9999222825373477
06037272302,Mar Vista,0.9996964182265544
06037273100,Mar Vista,0.0009025063874404256
06037273100,Venice,0.9989722425606518
06037273200,Venice,1.0
06037273300,Venice,1.0
06037273402,Venice,0.7493181215410541
06037273502,Venice,0.8421004796574666
06037273600,Venice,1.0
06037273700,Venice,0.9986607035092738
06037273700,Mar Vista,0.0013392964904308847
06037273800,Mar Vista,0.18999531356583008
06037273800,Venice,0.810003016185945
06037273902,Venice,0.7976245895105265
06037274100,Venice,0.9313193746807068
06037274100,Del Rey,0.068625091987645
06037274202,Playa del Rey,0.001103466267352432
06037274202,Venice,0.4475726463095623
06037275101,Del Rey,0.9341631636223997
06037275102,Del Rey,0.9908967099829948
06037275200,Del Rey,0.9995512592265271
06037275302,Venice,0.0007793676448441401
06037275302,Playa Vista,0.00047044665902079444
06037275302,Del Rey,0.9982214741207044
06037275311,Del Rey,0.9813855205880677
06037275311,Playa Vista,0.018441480510835294
06037275400,Del Rey,0.9999998071308749
06037275500,Del Rey,0.9999983324913526
06037275602,Playa Vista,0.9957557082937646
06037275602,Playa del Rey,0.0010903687063149002
06037275602,Westchester,0.0005531021608944417
06037275602,Del Rey,0.0026005535338485225
06037275603,Playa Vista,0.7142426830028442
06037275603,Del Rey,0.2826015356215751
06037276000,Westchester,0.9934302968730667
06037276100,Westchester,0.9997472616517122
06037276400,Playa Vista,0.0018672384280711502
06037276400,Westchester,0.9981327615658068
06037276500,Playa Vista,0.02221885359420563
06037276500,Westchester,0.9777681081142277
06037276500,Playa del Rey,1.303825890581986e-05
06037276601,Westchester,0.2563912398583709
06037276601,Del Rey,1.8489386533915043e-06
06037276601,Playa Vista,0.0018877313523500599
06037276601,Playa del Rey,0.7406339796633188
06037276603,Westchester,0.0026795103091761014
06037276603,Playa del Rey,0.9973204896905961
06037276604,Westchester,0.9665288762265184
06037276604,Playa del Rey,0.03347112376516317
06037277000,Playa Vista,0.0003272022289386455
06037277000,Westchester,0.9996727977573282
06037277100,Westchester,0.9999272904284421
06037277200,Westchester,0.9974136889054483
06037277400,Westchester,0.9993001185850682
06037278001,Westchester,1.0
06037278102,Playa del Rey,0.5313503111809382
06037278102,Venice,2.5684302815670342e-05
06037291110,Broadway-Manchester,7.795683357343768e-05
06037291110,Vermont Vista,0.02143119909417485
06037291110,Harbor Gateway,0.9846378513214913
06037291120,Harbor Gateway,1.0
06037291130,Harbor Gateway,1.0
06037291210,Harbor Gateway,0.9983202837231822
06037291220,Harbor Gateway,0.9959987867729143
06037291300,Harbor Gateway,0.9974744162876824
06037292000,Harbor Gateway,0.9999432105392345
06037293201,Harbor Gateway,0.9988020936415363
06037293202,Harbor City,0.0015390929515938228
06037293202,Harbor Gateway,0.9892119895479453
06037293301,Harbor City,0.9783766197704817
06037293301,Harbor Gateway,0.009326538056756581
06037293302,Harbor City,0.9999999906040613
06037293304,Harbor City,1.0
06037293306,Wilmington,0.0002774855682681686
06037293306,Harbor City,0.9356507244519489
06037293306,San Pedro,0.0639773674918917
06037293307,Harbor City,0.9998901589860807
06037294110,Wilmington,0.9926024408589295
06037294120,Wilmington,0.9998269276159907
06037294200,Wilmington,0.9985169133238362
06037294301,Wilmington,0.9987274410855667
06037294302,Harbor City,0.08497806665989796
06037294302,Wilmington,0.9150219333399561
06037294410,Harbor City,0.9737996943559616
06037294410,Wilmington,0.02449264799974796
06037294421,Wilmington,5.3020695669172446e-05
06037294421,San Pedro,2.7771077952964087e-06
06037294421,Harbor City,0.9999438043537248
06037294510,Wilmington,1.0
06037294520,Wilmington,1.0
06037294610,Wilmington,1.0
06037294620,Wilmington,1.0
06037294701,Wilmington,1.0
06037294810,Wilmington,1.0
06037294820,Wilmington,1.0
06037294830,Wilmington,1.0
06037294900,Wilmington,0.9984918749485405
06037294900,Harbor City,0.0015081250515707613
06037295103,Wilmington,0.3886792378693115
06037295103,San Pedro,0.6111477624091504
06037296210,San Pedro,1.0
06037296220,San Pedro,1.0
06037296300,San Pedro,0.9874890833658074
06037296300,Wilmington,0.0018591534544455553
06037296401,San Pedro,0.9964602429797045
06037296402,San Pedro,0.9993504460213692
06037296500,San Pedro,1.0
06037296600,San Pedro,1.0
06037296901,San Pedro,1.0
06037296902,San Pedro,1.0
06037297000,San Pedro,0.9999999880023993
06037297110,San Pedro,1.0
06037297120,San Pedro,1.0
06037297201,San Pedro,1.0
06037297202,San Pedro,1.0
06037297300,San Pedro,0.5042193526849725
06037297400,San Pedro,0.6809433467600047
06037297500,San Pedro,0.4729308957473639
06037297601,San Pedro,0.2912069063389031
06037297602,San Pedro,1.0
06037300301,Tujunga,0.00021218554343862872
06037300400,Tujunga,3.1728574328657154e-06
06037300701,Shadow Hills,3.946248957526415e-05
06037300701,Tujunga,2.2079510583996e-10
06037300902,Eagle Rock,8.174136908649394e-12
06037301000,Eagle Rock,0.0004198567207021764
06037301601,Griffith Park,0.0008723596724555513
06037301601,Atwater Village,0.0009857896001490415
06037301602,Griffith Park,0.011389508419641082
06037302102,Glassell Park,6.220109500170672e-06
06037302102,Eagle Rock,2.8992790718624667e-06
06037302104,Eagle Rock,0.0033183871462375424
06037302301,Atwater Village,4.3690885032968213e-07
06037302302,Atwater Village,3.6483983017622715e-05
06037302401,Atwater Village,0.000523859549220359
06037302505,Glassell Park,0.00037646480154360836
06037302505,Atwater Village,0.00028533223805522274
06037302506,Glassell Park,0.0016863890033075365
06037310100,Sun Valley,1.0723924488765336e-09
06037310100,Shadow Hills,0.00013266266838595961
06037310400,Sun Valley,0.0007806033034342237
06037311100,North Hollywood,0.00030337488266020136
06037311200,North Hollywood,6.0519185626563086e-05
06037311400,North Hollywood,0.0004687795172090178
06037311400,Toluca Lake,1.0240114679459405e-05
06037311600,Toluca Lake,5.106817771763553e-06
06037311600,Hollywood Hills,0.00011838181965085719
06037311600,Griffith Park,0.0005530951714905461
06037311700,Griffith Park,0.00646052415074938
06037311801,Griffith Park,1.5681636167493896e-06
06037320000,Studio City,0.00015376207295315791
06037320000,Hollywood Hills,0.001543623667926431
06037320000,Toluca Lake,0.00011658153418816579
06037320100,Pacoima,2.7893800353431814e-06
06037320100,Sylmar,1.0289505906850469e-05
06037320201,Sylmar,2.0561039219080414e-10
06037320202,Pacoima,3.3958802713192663e-06
06037320202,Sylmar,2.48365751885775e-05
06037320300,Mission Hills,5.547470553412161e-08
06037320300,Sylmar,0.0003238227894853221
06037320300,Pacoima,1.847408178495301e-05
06037460800,Eagle Rock,0.00025063389409146243
06037463800,Highland Park,0.0039308003795271666
06037463800,Eagle Rock,0.0019391087212632296
06037463900,Highland Park,0.0003551290062134877
06037480600,Highland Park,0.00014219781056098952
06037480600,Montecito Heights,7.285947274340076e-05
06037480702,Highland Park,8.240933078333768e-05
06037480702,Montecito Heights,0.0007943836551809968
06037480702,El Sereno,0.0036083190552958244
06037480703,El Sereno,0.002135544768849033
06037480704,El Sereno,7.381087356551781e-05
06037480803,El Sereno,0.0005450818811312524
06037480804,El Sereno,0.003419455907902132
06037481901,El Sereno,0.01947084973694623
06037482001,El Sereno,0.00012824899400990745
06037530700,El Sereno,0.0017057888312054133
06037530901,Boyle Heights,0.0009240862294975403
06037531101,Boyle Heights,0.0009917078873144377
06037531201,Boyle Heights,1.1111987368199777e-07
06037531202,Boyle Heights,1.5347536905900345e-06
06037531302,Boyle Heights,4.7378746015427304e-08
06037532302,Boyle Heights,0.00022102804245999183
06037532400,Boyle Heights,0.0012468971732278915
06037532400,Central-Alameda,0.0001292585016406993
06037532400,Downtown,2.2235054257966058e-06
06037532700,Central-Alameda,0.002882443435286036
06037532800,Florence,0.00046205772226491426
06037532800,Central-Alameda,0.0035811175316411807
06037532900,Florence,0.00013701808985139673
06037535101,Green Meadows,4.1330393333685833e-08
06037535102,Green Meadows,1.9147948479415794e-05
06037535200,Watts,0.0009063812147130673
06037535200,Green Meadows,2.718603029389547e-05
06037535400,Watts,0.000894943986840345
06037540300,Watts,0.00013227244194316453
06037540400,Watts,0.9535694277390707
06037540501,Watts,0.00014574864109671853
06037540600,Watts,0.0005408949869299566
06037540700,Watts,2.6679964603514395e-06
06037540700,Green Meadows,2.284785556137552e-07
06037540800,Green Meadows,4.30985644660213e-12
06037540901,Broadway-Manchester,0.001706267410057799
06037540901,Green Meadows,9.908509898041154e-05
06037540901,Harbor Gateway,0.0015393679975341692
06037540902,Harbor Gateway,0.0022160578533236444
06037541001,Harbor Gateway,0.0001652125785029864
06037541002,Harbor Gateway,1.7995559234925454e-08
06037543400,Harbor Gateway,0.00012612642487892442
06037543501,Harbor Gateway,4.629755236969006e-06
06037543502,Harbor Gateway,7.289142827257713e-05
06037543503,Harbor Gateway,0.00010506020438551112
06037543602,Harbor Gateway,0.0010061463804749216
06037543602,Harbor City,5.407204336199516e-06
06037543603,Harbor City,0.0007520439745372861
06037543604,Wilmington,0.0004764835774171217
06037543604,Harbor City,6.687093915880727e-05
06037543703,Wilmington,0.0009012993144281607
06037543905,Wilmington,0.00023446621700935785
06037544002,Wilmington,7.460649749755327e-05
06037572301,Wilmington,1.4828174901266161e-06
06037572600,Wilmington,6.974772431542552e-06
06037572800,Wilmington,0.006939643219320264
06037575500,Wilmington,1.0630639726329205e-13
06037600100,Gramercy Park,0.003222664095031697
06037600100,Vermont Knolls,0.004908230155185822
06037600201,Gramercy Park,0.00014735999039901989
06037600202,Gramercy Park,6.656371628324822e-07
06037600304,Vermont Vista,0.0010892272830777554
06037600400,Gramercy Park,7.583685062834725e-10
06037600702,Gramercy Park,0.0002527753945705353
06037600704,Manchester Square,5.42267038921404e-07
06037600704,Gramercy Park,0.0006823378684278844
06037600801,Hyde Park,8.033636504756314e-08
06037600802,Hyde Park,4.0196829148720597e-08
06037600912,Hyde Park,4.13419293535611e-12
06037601301,Westchester,6.028242026688862e-08
06037601302,Westchester,0.0007834812974213087
06037601401,Westchester,0.0015874225581526315
06037601402,Westchester,8.895328066672733e-05
06037601600,Westchester,0.00014818354880305335
06037602200,Westchester,0.0028698475066059425
06037602801,Vermont Vista,0.002116157027657156
06037602802,Vermont Vista,5.240231726465444e-05
06037602802,Harbor Gateway,0.0025490953195129364
06037602900,Harbor Gateway,0.0015177592007926224
06037603001,Harbor Gateway,0.003582761721759058
06037603004,Harbor Gateway,0.0006041151353501779
06037603200,Harbor Gateway,0.005309146939134993
06037609900,San Pedro,1.0
06037620001,Westchester,0.001186115105114708
06037620101,Westchester,9.12947928156848e-06
06037620101,Playa del Rey,0.00013236179242175807
06037650101,Harbor Gateway,0.00016851266535576932
06037650200,Harbor Gateway,1.912498248791334e-06
06037650901,Harbor Gateway,0.0018568681230853403
06037651001,Harbor City,3.410060971077147e-05
06037670001,Harbor City,5.909372283885045e-05
06037670002,Harbor City,7.5725090479267e-05
06037670100,Harbor City,4.189148639415819e-09
06037670602,San Pedro,1.0532454914323698e-05
06037670701,Harbor City,3.6613812711114976e-16
06037670701,San Pedro,0.0025816635795092233
06037670702,San Pedro,1.0867784796534777e-05
06037700101,Hollywood,0.00016600506139205785
06037700102,Hollywood,0.00026589199693067536
06037700102,Fairfax,3.640494291382969e-11
06037700200,Hollywood Hills West,3.144734649522327e-05
06037700200,Beverly Grove,1.668395632761779e-10
06037700200,Hollywood,0.0014499960261836803
06037700300,Beverly Grove,0.0005224790905665873
06037700300,Hollywood Hills West,0.0001137024686629612
06037700400,Beverly Grove,0.0031202729377884084
06037700501,Hollywood Hills West,0.0002991493741723751
06037700502,Hollywood Hills West,9.093181481487155e-08
06037700600,Hollywood Hills West,0.0032834799312494497
06037700600,Beverly Crest,0.002020593847925979
06037700700,Beverly Crest,0.001536649686602966
06037700700,Westwood,3.958790869525777e-09
06037700801,Beverly Grove,8.619304415359263e-11
06037700802,Beverly Grove,0.0005723598823361826
06037700901,Pico-Robertson,0.0003864429361780116
06037700901,Carthay,9.078803873568333e-05
06037700901,Beverly Grove,2.444271602538348e-17
06037700902,Pico-Robertson,0.0006442320847561984
06037701000,Pico-Robertson,0.00012540351431839615
06037701000,Century City,0.00112484305989081
06037701100,Brentwood,0.06664545547278612
06037701100,Westwood,3.1860732113611844e-05
06037701100,Sawtelle,4.696237676031553e-06
06037701201,Brentwood,7.498861566040426e-06
06037701201,Pacific Palisades,0.0006935785728086121
06037701304,Pacific Palisades,0.005628992322987256
06037701601,Brentwood,6.422367681398609e-08
06037701602,Sawtelle,4.461977313658827e-10
06037701801,Sawtelle,9.958494738128329e-09
06037702102,Venice,0.0005581659181505035
06037702202,Venice,0.00399934940845327
06037702300,Venice,1.3554918400194449e-05
06037702300,Sawtelle,0.001902271054900989
06037702300,Mar Vista,0.00033445843436418854
06037702400,West Adams,0.0002947230580471948
06037702400,Palms,0.0010241719515099324
06037702400,Baldwin Hills/Crenshaw,0.0045905457560385604
06037702400,Mid-City,7.879036857908403e-08
06037702501,Palms,5.8731858096854936e-08
06037702502,Baldwin Hills/Crenshaw,0.018611094342081122
06037702600,Del Rey,0.002404608195683227
06037702600,Playa Vista,0.00018164247545006447
06037702700,Del Rey,3.011327172422908e-05
06037702801,Palms,2.530293805125272e-07
06037702802,Palms,8.93204132047176e-08
06037702802,Mar Vista,3.843137809120261e-05
06037702803,Del Rey,0.00150903876150299
06037702803,Mar Vista,7.867097197288512e-07
06037702803,Venice,2.464312085722067e-07
06037702901,Del Rey,0.0002660388944410171
06037702901,Playa del Rey,2.4602565499035203e-11
06037702901,Venice,4.732380699609861e-05
06037703001,Playa Vista,4.4354757771933264e-07
06037703001,Westchester,0.00035228599789882486
06037703002,Westchester,8.749300337442422e-05
06037703100,Westchester,2.6858804725951748e-05
06037703100,Baldwin Hills/Crenshaw,0.0006547624451590683
06037703100,Hyde Park,3.659175403231739e-05
06037703200,Leimert Park,5.695062764467321e-05
06037703200,Hyde Park,4.267169180124329e-05
06037703200,Baldwin Hills/Crenshaw,0.0005731941723938188
06037800101,Woodland Hills,0.0012726630068362152
06037800102,Woodland Hills,2.7304446190376073e-06
06037800102,Pacific Palisades,3.889226827310206e-06
06037800203,Woodland Hills,0.001229436236166452
06037800204,Woodland Hills,7.213534126800121e-07
06037800506,Pacific Palisades,2.526997405034362e-07
06037920303,Porter Ranch,2.7370655426760794e-06
06037920303,Granada Hills,1.2423991691506529e-06
06037920303,Chatsworth,4.550876905553431e-10
06037920312,Sylmar,3.404723856274162e-07
06037930101,Tujunga,3.0173260594995407e-06
06037930101,Sunland,1.696006270951918e-18
06037930200,Sylmar,7.738811439353422e-05
06037930200,Sunland,2.7404011876966797e-06
06037930200,Lake View Terrace,1.914039481996923e-05
06037980001,Sun Valley,0.0016886114766428138
06037980001,North Hollywood,3.1200771811923764e-12
06037980002,Wilmington,0.004798822203624767
06037980005,Harbor Gateway,0.005342947155442205
06037980008,North Hills,0.01653609931852798
06037980008,Lake Balboa,0.013958295099724355
06037980008,Northridge,0.0027976145917941015
06037980008,Van Nuys,0.9665327839385317
06037980009,Los Feliz,0.0006251501603485454
06037980009,Atwater Village,0.00572340206812565
06037980009,Hollywood Hills,0.28673533769476717
06037980009,Griffith Park,0.7060094690560542
06037980010,Lincoln Heights,0.0031304519056274214
06037980010,Echo Park,0.056773677135148075
06037980010,Elysian Valley,0.012498053603524243
06037980010,Chinatown,2.1559589282924426e-05
06037980010,Elysian Park,0.9271898028448724
06037980013,Westchester,0.0005291781711156764
06037980014,Wilmington,0.8846480485367485
06037980015,Harbor City,0.30613002387147825
06037980015,San Pedro,0.3397506276515809
06037980015,Wilmington,0.33615102884361625
06037980019,Pacific Palisades,0.9136258159546478
06037980019,Brentwood,0.0816624597462295
06037980019,Tarzana,0.004711683959923237
06037980020,Shadow Hills,0.9787237048249388
06037980020,Tujunga,0.02138063597167413
06037980021,Pacoima,0.020377404079536705
06037980021,Shadow Hills,0.19697141065985546
06037980021,Lake View Terrace,0.060873694072445375
06037980021,Hansen Dam,0.7223377797890637
06037980022,Sylmar,0.036542921030448164
06037980022,Mission Hills,0.008614631885126818
06037980022,Granada Hills,0.955668093985749
06037980023,Chatsworth,0.04723786222150238
06037980023,West Hills,0.08954560879149474
06037980023,Chatsworth Reservoir,0.8631354571621266
06037980024,Sherman Oaks,0.005206394730656712
06037980024,Sepulveda Basin,0.9557114014679112
06037980024,Encino,0.021922753437782622
06037980024,Lake Balboa,0.007089143669052897
06037980024,Van Nuys,0.009643971110506114
06037980024,Reseda,1.5730667047071974e-05
06037980026,Lake View Terrace,0.11565512695316264
06037980026,Sunland,0.1687739763770987
06037980026,Tujunga,0.7155364451434735
06037980028,Playa del Rey,0.16466887961921348
06037980028,Westchester,0.7123887254600992
06037980030,Playa del Rey,5.613080013561815e-05
06037980031,Wilmington,0.10571027363435247
06037980031,San Pedro,0.40373572181764483
06037980033,San Pedro,6.329849498685626e-08
06037980033,Wilmington,5.52187479784489e-13
