Rk,Date,Tm,Opp,Rslt,PA,AB,R,H,2B,3B,HR,RBI,BB,IBB,SO,HBP,SH,SF,ROE,GDP,SB,CS,WPA,RE24,aLI,LOB,#,Attendance,GmLen,Temp,WindDir,WindSpd,Prec,Sky
1,5/14/22,ARI,CHC,L 2-4,39,35,2,8,2,0,0,2,3,0,10,1,0,0,0,0,0,0,-0.47,-2.551,1.442,10,12,"25,169",202,104,,0,none,retractable
2,5/14/22,CHC,ARI,W 4-2,35,31,4,4,0,0,1,4,4,0,13,0,0,0,0,0,0,0,0.028,-0.549,1.229,4,11,"25,169",202,104,,0,none,retractable
3,5/7/22,ARI,COL,L 1-4,37,31,1,6,1,0,0,1,6,1,6,0,0,0,0,1,3,0,-0.258,-3.55,1.436,9,9,"24,133",199,100,,1,none,retractable
4,5/7/22,COL,ARI,W 4-1,38,36,4,8,0,0,0,3,2,0,8,0,0,0,1,0,0,0,0.242,-0.551,1.772,7,11,"24,133",199,100,,1,none,retractable
5,9/22/21,ARI,ATL,L 2-9,33,32,2,6,1,0,1,2,1,0,10,0,0,0,0,1,0,0,-0.196,-2.551,0.515,4,13,"10,631",180,100,torf,3,none,sunny
6,9/22/21,ATL,ARI,W 9-2,39,33,9,11,3,0,3,9,4,0,8,0,0,2,0,1,0,0,0.303,4.448,0.413,3,14,"10,631",180,100,torf,3,none,sunny
7,6/11/21,LAA,ARI,W 6-5,46,38,6,9,3,0,1,5,5,1,9,3,0,0,0,1,0,0,0.296,0.322,1.677,11,19,"18,458",249,102,,9,none,sunny
8,6/11/21,ARI,LAA,L 5-6,45,41,5,10,4,0,1,2,3,0,15,1,0,0,0,1,0,0,-0.205,-0.679,2.057,11,20,"18,458",249,102,,9,none,sunny
9,6/1/21,ARI,NYM,W 6-5,42,40,6,11,2,0,1,6,2,0,9,0,0,0,1,0,0,0,0.528,1.004,1.939,9,18,"9,590",207,102,ltor,7,none,cloudy
10,6/1/21,NYM,ARI,L 5-6,38,33,5,6,2,1,1,5,4,0,5,0,0,1,0,1,1,1,0.027,-0.681,0.957,4,16,"9,590",207,102,ltor,7,none,cloudy
11,2020-09-25 (2),ARI,COL,W 11-5,40,32,11,13,1,0,2,10,6,0,5,2,0,0,0,0,0,0,0.592,7.745,0.604,11,9,,178,102,,6,none,sunny
12,2020-09-25 (2),COL,ARI,L 5-11,31,27,5,8,4,0,1,5,4,0,6,0,0,0,0,1,0,0,0.089,1.201,0.623,5,10,,178,102,,6,none,sunny
13,9/22/20,ARI,TEX,W 7-0,39,35,7,11,1,1,1,7,1,0,6,1,0,2,2,0,0,0,0.156,2.656,0.698,8,11,,176,100,,8,none,sunny
14,9/22/20,TEX,ARI,L 0-7,36,32,0,6,0,0,0,0,3,0,9,0,1,0,0,0,1,0,-0.346,-4.886,0.743,9,9,,176,100,,8,none,sunny
15,9/6/20,LAA,HOU,W 9-5,40,34,9,12,1,1,1,9,4,0,4,1,0,1,0,1,1,0,0.523,4.704,1.024,7,11,,208,106,ltor,9,none,sunny
16,9/6/20,HOU,LAA,L 5-9,36,33,5,6,2,0,3,5,3,0,11,0,0,0,1,0,0,1,0.022,0.168,1.237,4,11,,208,106,ltor,9,none,sunny
17,2020-09-05 (1),LAA,HOU,W 10-9,34,31,10,13,6,0,3,10,3,0,7,0,0,0,0,0,1,0,1.635,6.798,1.742,5,9,,181,109,rtol,9,none,sunny
18,2020-09-05 (1),HOU,LAA,L 9-10,35,33,9,12,2,1,1,9,2,0,6,0,0,0,1,0,0,1,1.137,5.239,1.656,5,9,,181,109,rtol,9,none,sunny
19,9/5/20,LAD,COL,L 2-5,35,32,2,6,3,0,0,2,3,0,8,0,0,0,0,1,0,0,-0.354,-2.884,1.198,6,9,,165,101,ltor,5,none,sunny
20,9/5/20,COL,LAD,W 5-2,35,34,5,7,3,0,1,4,1,1,14,0,0,0,0,0,0,0,0.145,0.117,1.027,3,12,,165,101,ltor,5,none,sunny
21,8/28/20,ARI,SFG,W 7-4,37,30,7,9,3,0,0,6,4,0,6,2,0,1,0,1,0,0,0.218,2.659,0.531,6,9,,169,108,,5,none,sunny
22,8/28/20,SFG,ARI,L 4-7,36,34,4,9,1,1,2,4,1,0,6,1,0,0,0,2,0,0,-0.283,-0.884,0.494,5,11,,169,108,,5,none,sunny
23,8/26/20,ARI,COL,L 7-8,43,35,7,9,2,1,0,7,6,1,6,1,0,1,0,0,1,0,-0.367,2.116,1.534,9,11,,223,107,torf,6,none,cloudy
24,8/26/20,COL,ARI,W 8-7,45,37,8,11,2,0,2,8,8,1,14,0,0,0,0,0,3,0,0.136,3.118,0.88,10,9,,223,107,torf,6,none,cloudy
25,8/24/20,ARI,COL,L 2-3,35,31,2,6,0,0,2,2,3,0,5,1,0,0,0,0,0,0,-0.638,-2.883,1.495,6,9,,199,113,,4,none,cloudy
26,8/24/20,COL,ARI,W 3-2,37,31,3,8,1,0,1,3,4,2,6,1,0,1,0,3,1,0,-0.137,-1.882,1.103,7,10,,199,113,,4,none,cloudy
27,8/18/20,LAD,SEA,W 2-1,31,29,2,6,1,0,0,2,2,0,11,0,0,0,0,1,1,0,-0.055,-2.341,1.244,5,9,,158,102,tocf,3,none,sunny
28,8/18/20,SEA,LAD,L 1-2,33,30,1,3,1,0,0,1,2,0,6,1,0,0,1,0,3,0,-0.554,-3.885,1.453,5,10,,158,102,tocf,3,none,sunny
29,8/14/20,ARI,SDP,W 5-1,35,32,5,8,1,0,1,5,2,1,11,0,0,1,0,0,0,0,-0.098,0.661,0.667,6,10,,183,113,torf,13,none,sunny
30,8/14/20,SDP,ARI,L 1-5,36,34,1,6,2,0,0,1,2,1,9,0,0,0,1,0,2,0,-0.597,-3.882,1.246,8,10,,183,113,torf,13,none,sunny
31,6/25/19,ARI,LAD,L 2-3,35,33,2,6,2,0,0,2,2,0,9,0,0,0,0,0,1,0,-0.6,-2.812,1.402,6,13,"27,927",187,103,torf,12,,cloudy
32,6/25/19,LAD,ARI,W 3-2,36,30,3,5,2,0,2,3,4,1,10,1,1,0,0,0,3,0,-0.097,-1.812,1.137,6,16,"27,927",187,103,torf,12,,cloudy
33,6/24/19,ARI,LAD,W 8-5,37,33,8,11,0,0,2,8,3,0,5,0,0,1,0,1,1,0,0.37,3.724,0.912,5,16,"24,675",192,103,torf,13,,sunny
34,6/24/19,LAD,ARI,L 5-8,42,37,5,10,2,0,0,5,3,2,11,2,0,0,1,1,0,0,-0.131,0.188,1.727,10,16,"24,675",192,103,torf,13,,sunny
35,6/21/19,ARI,SFG,L 5-11,40,35,5,10,2,1,1,5,3,0,9,1,1,0,1,1,1,0,-0.037,0.188,0.798,8,14,"29,312",189,102,torf,17,,sunny
36,6/21/19,SFG,ARI,W 11-5,43,37,11,11,4,1,2,11,5,1,8,1,0,0,0,1,0,0,0.464,6.188,0.808,5,15,"29,312",189,102,torf,17,,sunny
37,6/19/19,ARI,COL,L 4-6,39,36,4,10,0,0,1,4,2,0,7,1,0,0,2,2,2,0,-0.231,-0.813,1.331,8,13,"21,773",175,103,fromrf,3,,sunny
38,6/19/19,COL,ARI,W 6-4,37,37,6,14,2,0,1,6,0,0,4,0,0,0,0,1,0,1,0.269,1.187,0.835,4,15,"21,773",175,103,fromrf,3,,sunny
39,6/18/19,ARI,COL,L 1-8,38,34,1,7,1,0,0,1,4,0,6,0,0,0,1,1,0,0,-0.216,-3.811,0.727,10,14,"22,954",171,103,ltor,10,,sunny
40,6/18/19,COL,ARI,W 8-1,42,38,8,12,4,0,1,7,2,1,7,0,0,1,0,0,0,0,0.282,3.187,0.523,7,13,"22,954",171,103,ltor,10,,sunny
41,7/26/18,OAK,TEX,W 7-6,39,35,7,10,0,4,1,6,2,0,6,1,0,1,0,0,0,0,0.282,1.937,0.918,5,11,"20,533",207,101,fromcf,7,,cloudy
42,7/26/18,TEX,OAK,L 6-7,43,36,6,10,2,1,0,5,5,0,11,1,1,0,1,1,0,0,-0.219,0.938,2.16,10,12,"20,533",207,101,fromcf,7,,cloudy
43,7/25/18,OAK,TEX,W 6-5,41,36,6,12,2,0,2,6,5,0,7,0,0,0,0,2,0,1,0.407,0.936,1.33,8,11,"20,549",228,100,rtol,7,,sunny
44,7/25/18,TEX,OAK,L 5-6,36,33,5,8,2,0,1,5,3,0,12,0,0,0,0,0,1,3,-0.093,-0.061,0.868,4,11,"20,549",228,100,rtol,7,,sunny
45,7/22/18,CLE,TEX,L 0-5,36,30,0,5,2,0,0,0,5,0,4,1,0,0,1,1,0,0,-0.535,-5.062,1.431,9,9,"21,829",153,102,fromlf,4,,sunny
46,7/22/18,TEX,CLE,W 5-0,34,29,5,7,0,0,2,5,4,0,8,0,0,1,0,1,4,0,-0.037,0.499,0.824,5,11,"21,829",153,102,fromlf,4,,sunny
47,7/21/18,CLE,TEX,W 16-3,50,47,16,21,8,1,3,15,2,0,3,1,0,0,0,0,0,0,0.25,10.937,0.488,7,13,"31,532",191,107,rtol,5,,sunny
48,7/21/18,TEX,CLE,L 3-16,35,33,3,8,0,1,1,3,2,0,9,0,0,0,0,2,1,0,-0.251,-2.063,0.382,5,12,"31,532",191,107,rtol,5,,sunny
49,7/20/18,CLE,TEX,W 9-8,51,46,9,17,2,1,2,9,4,0,6,1,0,0,0,1,3,1,0.575,2.813,1.264,9,12,"28,253",288,107,rtol,11,,sunny
50,7/20/18,TEX,CLE,L 8-9,56,48,8,17,1,0,3,8,8,0,15,0,0,0,0,1,2,0,0.074,1.811,1.839,15,13,"28,253",288,107,rtol,11,,sunny
51,7/7/18,LAA,LAD,L 1-3,35,32,1,4,0,0,1,1,1,0,9,2,0,0,1,0,0,0,-0.572,-3.512,1.201,7,10,"44,409",198,100,torf,7,,
52,7/7/18,LAD,LAA,W 3-1,36,30,3,4,0,0,1,3,5,0,14,0,1,0,0,0,0,0,-0.07,-1.51,0.973,6,10,"44,409",198,100,torf,7,,
53,7/6/18,LAA,LAD,W 3-2,35,31,3,5,1,0,0,1,4,1,14,0,0,0,0,0,1,0,0.305,-1.278,1.97,6,10,"44,323",192,108,torf,7,,sunny
54,7/6/18,LAD,LAA,L 2-3,34,31,2,4,1,0,0,2,3,0,12,0,0,0,1,0,0,0,-0.194,-2.511,0.867,5,10,"44,323",192,108,torf,7,,sunny
55,7/3/18,TEX,HOU,L 3-5,38,34,3,7,2,0,0,3,4,0,10,0,0,0,0,0,1,0,-0.37,-2.064,1.44,8,10,"40,165",207,102,,6,,sunny
56,7/3/18,HOU,TEX,W 5-3,39,32,5,9,2,0,2,5,4,0,7,2,1,0,0,0,0,1,0.13,-0.063,0.668,7,11,"40,165",207,102,,6,,sunny
57,6/27/18,SDP,TEX,L 2-5,33,31,2,4,2,0,0,2,2,0,9,0,0,0,0,0,0,0,-0.393,-3.062,1.112,4,9,"21,365",144,101,rtol,12,,sunny
58,6/27/18,TEX,SDP,W 5-2,40,34,5,12,6,0,1,5,2,0,4,3,1,0,0,0,1,0,0.109,0.501,0.687,11,10,"21,365",144,101,rtol,12,,sunny
59,6/10/17,ARI,MIL,W 3-2,35,29,3,6,1,1,1,3,6,1,6,0,0,0,0,1,0,0,0.008,-1.465,1.135,8,13,"40,195",163,100,ltor,9,,sunny
60,6/10/17,MIL,ARI,L 2-3,31,27,2,2,0,0,1,2,2,0,6,1,1,0,0,0,0,1,-0.493,-3.025,1.227,2,13,"40,195",163,100,ltor,9,,sunny
61,6/9/17,ARI,MIL,L 6-8,41,35,6,8,2,1,1,6,4,0,8,1,0,1,1,0,0,0,-0.096,0.975,1.534,8,16,"25,009",218,104,ltor,16,,sunny
62,6/9/17,MIL,ARI,W 8-6,46,37,8,14,6,0,1,7,5,2,10,0,3,1,0,0,2,0,0.405,2.976,0.997,11,18,"25,009",218,104,ltor,16,,sunny
63,5/23/17,ARI,CHW,W 5-4,31,31,5,9,1,1,2,5,0,0,6,0,0,0,0,1,1,0,0.137,0.534,0.658,2,15,"17,865",176,103,torf,9,,cloudy
64,5/23/17,CHW,ARI,L 4-5,39,36,4,10,1,0,3,4,3,1,7,0,0,0,0,1,0,0,-0.361,-1.024,1.715,8,17,"17,865",176,103,torf,9,,cloudy
65,5/22/17,ARI,CHW,W 5-1,33,30,5,7,0,1,2,4,3,0,4,0,0,0,1,2,0,1,0.15,0.535,0.632,4,10,"18,333",159,103,ltor,8,,cloudy
66,5/22/17,CHW,ARI,L 1-5,31,30,1,4,1,0,1,1,1,0,12,0,0,0,0,1,0,0,-0.352,-4.024,0.643,3,14,"18,333",159,103,ltor,8,,cloudy
67,6/11/16,ARI,MIA,W 5-3,31,31,5,7,1,1,2,5,0,0,12,0,0,0,0,0,0,0,0.273,0.758,0.729,2,13,"33,442",153,100,,10,,sunny
68,6/11/16,MIA,ARI,L 3-5,40,36,3,9,0,1,2,3,3,0,6,1,0,0,1,1,0,0,-0.229,-1.771,1.34,10,14,"33,442",153,100,,10,,sunny
69,5/13/16,ARI,SFG,L 1-3,33,33,1,8,1,1,0,1,0,0,5,0,0,0,0,2,0,0,-0.482,-3.771,1.117,5,14,"21,753",180,101,,9,,sunny
70,5/13/16,SFG,ARI,W 3-1,34,30,3,8,1,0,1,3,4,0,3,0,0,0,0,5,0,0,0.019,-1.77,0.945,4,11,"21,753",180,101,,9,,sunny
71,10/1/15,ARI,COL,W 8-6,37,34,8,12,3,1,1,7,2,1,5,0,0,1,0,1,2,0,0.805,4.097,1.253,5,16,"20,826",190,104,ltor,11,,sunny
72,10/1/15,COL,ARI,L 6-8,40,38,6,12,6,0,0,5,2,0,8,0,0,0,0,0,0,0,0.305,1.609,1.215,7,16,"20,826",190,104,ltor,11,,sunny
73,9/30/15,ARI,COL,W 3-1,38,30,3,8,3,1,0,3,6,0,7,0,0,2,0,0,0,0,0.053,-0.9,1.243,11,16,"18,529",178,105,ltor,10,,sunny
74,9/30/15,COL,ARI,L 1-3,36,31,1,5,1,1,0,1,4,1,9,0,0,1,0,0,0,0,-0.449,-3.388,1.098,8,16,"18,529",178,105,ltor,10,,sunny
75,8/5/15,HOU,TEX,L 3-4,39,30,3,4,1,0,0,3,8,0,5,1,0,0,0,1,3,0,-0.42,-1.598,1.83,9,11,"31,782",203,100,tolf,11,,sunny
76,8/5/15,TEX,HOU,W 4-3,34,30,4,7,0,0,1,4,2,0,8,0,1,1,2,1,1,0,0.08,-0.089,0.692,6,10,"31,782",203,100,tolf,11,,sunny
77,7/30/15,NYY,TEX,L 6-7,42,36,6,11,0,1,3,6,4,0,6,1,0,1,0,1,0,0,0.054,1.4,1.485,9,10,"34,407",211,101,ltor,5,,sunny
78,7/30/15,TEX,NYY,W 7-6,41,35,7,12,0,0,3,7,5,0,9,1,0,0,0,2,1,0,0.554,2.843,1.969,8,12,"34,407",211,101,ltor,5,,sunny
79,6/2/15,ARI,ATL,W 7-6,43,32,7,9,1,0,1,7,10,2,4,0,1,0,0,1,2,0,0.646,3.097,1.324,12,15,"17,101",198,100,torf,8,,sunny
80,6/2/15,ATL,ARI,L 6-7,38,36,6,10,4,0,0,6,2,0,5,0,0,0,0,1,1,0,0.147,1.612,1.421,5,15,"17,101",198,100,torf,8,,sunny
81,7/27/14,TEX,OAK,L 3-9,37,34,3,8,1,0,2,3,2,0,5,1,0,0,0,1,0,0,-0.099,-1.35,0.541,7,10,"38,915",206,100,fromcf,3,,sunny
82,7/27/14,OAK,TEX,W 9-3,45,40,9,11,4,0,0,8,5,0,2,0,0,0,2,0,0,0,0.402,4.651,0.53,9,9,"38,915",206,100,fromcf,3,,sunny
83,6/17/14,ARI,MIL,L 5-7,40,35,5,7,1,0,1,5,3,0,7,2,0,0,1,0,0,0,0.057,0.944,1.046,8,13,"18,148",172,100,rtol,16,,sunny
84,6/17/14,MIL,ARI,W 7-5,39,37,7,11,1,2,3,7,0,0,13,1,0,1,0,0,0,0,0.558,2.943,0.922,5,14,"18,148",172,100,rtol,16,,sunny
85,6/16/14,ARI,MIL,L 3-9,36,34,3,11,0,0,0,3,0,0,9,1,1,0,0,3,0,0,-0.122,-1.057,1.03,6,13,"18,262",180,101,torf,11,,sunny
86,6/16/14,MIL,ARI,W 9-3,39,35,9,12,2,2,1,8,3,0,3,1,0,0,0,2,1,1,0.38,4.944,0.977,3,14,"18,262",180,101,torf,11,,sunny
87,5/31/14,ARI,CIN,L 0-5,35,32,0,6,2,0,0,0,2,0,9,1,0,0,0,1,0,0,-0.272,-4.058,0.651,8,16,"23,765",177,105,ltor,12,,sunny
88,5/31/14,CIN,ARI,W 5-0,38,35,5,11,3,0,0,5,1,1,8,1,1,0,0,1,1,0,0.227,0.944,0.628,6,13,"23,765",177,105,ltor,12,,sunny
89,5/30/14,ARI,CIN,L 4-6,36,34,4,7,3,0,0,3,1,0,8,0,1,0,1,0,1,0,-0.221,-0.056,1.516,5,13,"19,826",160,102,ltor,8,,sunny
90,5/30/14,CIN,ARI,W 6-4,36,35,6,11,1,0,2,6,1,0,5,0,0,0,0,2,1,1,0.281,1.944,0.766,3,15,"19,826",160,102,ltor,8,,sunny
91,5/28/14,ARI,SDP,W 12-6,45,40,12,17,4,0,2,12,3,0,9,1,1,0,1,0,0,0,0.437,8.393,0.274,9,15,"22,233",209,100,,8,,dome
92,5/28/14,SDP,ARI,L 6-12,42,39,6,11,1,2,1,6,2,0,8,1,0,0,1,1,0,0,-0.063,1.944,0.186,9,17,"22,233",209,100,,8,,dome
93,5/27/14,ARI,SDP,L 3-4,38,31,3,6,2,0,1,3,5,1,4,0,1,0,0,1,1,0,-0.249,-1.056,1.832,8,14,"17,862",173,103,ltor,10,,sunny
94,5/27/14,SDP,ARI,W 4-3,38,37,4,10,2,0,1,4,1,0,14,0,0,0,0,0,0,0,0.251,-0.057,0.973,7,16,"17,862",173,103,ltor,10,,sunny
95,5/16/14,ARI,LAD,L 0-7,32,29,0,5,0,0,0,0,3,0,8,0,0,0,0,3,0,0,-0.292,-4.058,0.661,5,12,"31,154",174,100,ltor,8,,overcast
96,5/16/14,LAD,ARI,W 7-0,42,37,7,10,4,0,2,7,5,0,8,0,0,0,0,0,0,0,0.209,2.943,0.436,8,10,"31,154",174,100,ltor,8,,overcast
97,9/17/13,ARI,LAD,L 3-9,37,33,3,8,2,0,1,3,4,0,5,0,0,0,0,2,0,0,-0.11,-1.067,0.378,7,23,"26,304",212,102,ltor,5,,cloudy
98,9/17/13,LAD,ARI,W 9-3,45,38,9,12,3,1,2,9,7,0,6,0,0,0,0,0,0,0,0.391,4.934,0.302,9,17,"26,304",212,102,ltor,5,,cloudy
99,9/16/13,ARI,LAD,W 2-1,27,26,2,2,0,0,1,2,1,0,4,0,0,0,0,0,0,0,-0.064,-1.617,0.53,1,14,"24,933",151,101,fromcf,5,,sunny
100,9/16/13,LAD,ARI,L 1-2,36,31,1,4,1,0,0,1,4,0,9,1,0,0,0,0,0,0,-0.564,-3.067,2.13,8,12,"24,933",151,101,fromcf,5,,sunny
101,8/31/13,MIN,TEX,L 1-2,33,29,1,5,0,0,1,1,3,0,11,0,1,0,0,0,0,1,-0.585,-3.489,1.306,5,10,"36,041",182,100,rtol,2,,sunny
102,8/31/13,TEX,MIN,W 2-1,37,34,2,9,1,0,0,2,2,1,9,0,0,1,0,0,0,0,-0.085,-1.719,1.583,9,12,"36,041",182,100,rtol,2,,sunny
103,8/30/13,TEX,MIN,L 2-3,35,32,2,6,1,1,1,2,3,0,4,0,0,0,0,1,2,0,-0.472,-2.492,1.173,6,11,"34,815",165,100,,3,,sunny
104,8/30/13,MIN,TEX,W 3-2,32,30,3,6,1,0,2,3,2,0,13,0,0,0,0,1,0,1,0.029,-1.492,0.878,2,9,"34,815",165,100,,3,,sunny
105,8/1/13,ARI,TEX,L 1-7,34,34,1,8,0,0,0,1,0,0,14,0,0,0,0,1,1,0,-0.275,-3.49,0.535,6,10,"41,569",167,101,tocf,5,,sunny
106,8/1/13,TEX,ARI,W 7-1,37,35,7,11,3,0,3,7,1,0,6,1,0,0,1,0,1,0,0.224,3.009,0.31,6,10,"41,569",167,101,tocf,5,,sunny
107,7/31/13,LAA,TEX,L 1-2,35,30,1,4,0,0,1,1,4,1,7,0,1,0,0,0,0,0,-0.501,-3.491,1.435,7,10,"39,391",150,100,fromrf,3,,cloudy
108,7/31/13,TEX,LAA,W 2-1,31,29,2,9,0,0,2,2,2,0,1,0,0,0,0,1,0,1,-0.003,-1.991,1.188,5,9,"39,391",150,100,fromrf,3,,cloudy
109,6/28/13,CIN,TEX,L 0-4,34,33,0,8,1,0,0,0,1,0,4,0,0,0,0,2,0,0,-0.335,-4.489,0.826,7,9,"41,218",171,100,ltor,11,,sunny
110,6/28/13,TEX,CIN,W 4-0,36,30,4,7,0,0,0,4,6,0,7,0,0,0,0,1,3,0,0.168,0.008,0.683,8,9,"41,218",171,100,ltor,11,,sunny
111,10/2/12,ARI,COL,W 5-3,38,35,5,11,2,0,2,5,3,0,5,0,0,0,0,2,0,0,0.672,0.693,1.798,7,14,"22,466",171,100,tocf,2,,sunny
112,10/2/12,COL,ARI,L 3-5,37,36,3,10,4,1,0,2,1,1,9,0,0,0,0,1,1,0,0.172,-1.409,1.13,7,14,"22,466",171,100,tocf,2,,sunny
113,9/19/12,ARI,SDP,W 6-2,35,32,6,9,4,2,0,4,0,0,7,2,1,0,0,0,0,0,0.273,2.082,0.896,5,14,"21,013",161,104,tolf,6,,sunny
114,9/19/12,SDP,ARI,L 2-6,35,31,2,7,1,0,0,2,4,0,4,0,0,0,0,2,0,0,-0.227,-2.409,1.13,6,13,"21,013",161,104,tolf,6,,sunny
115,8/12/12,TEX,DET,W 8-3,37,34,8,11,2,0,1,5,2,1,4,0,0,1,0,1,3,0,0.275,3.679,0.342,5,9,"45,752",185,100,fromcf,12,,sunny
116,8/12/12,DET,TEX,L 3-8,38,32,3,6,3,0,0,3,6,1,10,0,0,0,0,1,0,0,-0.225,-1.863,0.754,8,10,"45,752",185,100,fromcf,12,,sunny
117,8/2/12,LAA,TEX,L 9-15,45,37,9,13,4,0,3,9,5,0,10,0,2,1,1,0,2,1,0.385,4.139,1.119,9,11,"40,281",241,102,fromrf,14,,sunny
118,8/2/12,TEX,LAA,W 15-9,48,42,15,18,6,0,2,15,5,0,9,1,0,0,1,0,1,0,0.887,10.678,1.106,9,11,"40,281",241,102,fromrf,14,,sunny
119,8/1/12,TEX,LAA,W 11-10,47,42,11,17,4,0,2,11,4,0,4,0,0,1,1,2,2,1,1.133,6.55,1.922,8,10,"42,832",241,105,fromrf,12,,sunny
120,8/1/12,LAA,TEX,L 10-11,49,40,10,10,3,0,3,9,8,1,16,1,0,0,0,0,1,0,0.633,4.598,0.647,9,10,"42,832",241,105,fromrf,12,,sunny
121,7/31/12,LAA,TEX,W 6-2,39,35,6,9,1,0,3,6,4,0,6,0,0,0,0,1,0,0,0.119,1.134,0.496,6,9,"34,918",157,103,torf,7,,sunny
122,7/31/12,TEX,LAA,L 2-6,33,32,2,5,1,0,0,2,1,0,5,0,0,0,0,0,0,0,-0.381,-2.861,0.778,4,9,"34,918",157,103,torf,7,,sunny
123,7/31/12,CLE,KCR,L 3-8,38,33,3,8,3,0,0,2,5,0,9,0,0,0,1,1,0,0,0.069,-1.551,0.728,8,10,"18,569",166,100,fromrf,9,,sunny
124,7/31/12,KCR,CLE,W 8-3,40,37,8,14,4,2,0,7,2,0,4,0,1,0,0,0,1,0,0.569,3.955,0.696,8,9,"18,569",166,100,fromrf,9,,sunny
125,7/30/12,LAA,TEX,W 15-8,46,42,15,16,2,0,4,15,4,2,9,0,0,0,0,0,1,1,0.546,10.138,0.661,4,10,"36,111",186,102,fromlf,11,,sunny
126,7/30/12,TEX,LAA,L 8-15,41,37,8,12,3,0,3,8,2,0,4,0,0,2,0,0,0,0,0.046,3.139,0.516,6,12,"36,111",186,102,fromlf,11,,sunny
127,7/29/12,CHW,TEX,L 0-2,33,33,0,7,1,0,0,0,0,0,6,0,0,0,0,1,0,0,-0.596,-4.863,1.097,6,9,"46,744",158,104,fromcf,8,,sunny
128,7/29/12,TEX,CHW,W 2-0,39,32,2,8,2,0,0,1,5,0,2,2,0,0,1,0,1,0,-0.096,-2.322,0.968,13,9,"46,744",158,104,fromcf,8,,sunny
129,7/28/12,TEX,CHW,L 2-5,35,33,2,5,2,1,1,2,2,0,7,0,0,0,2,1,2,0,-0.348,-2.861,0.999,6,10,"47,580",161,100,rtol,8,,sunny
130,7/28/12,CHW,TEX,W 5-2,37,33,5,7,2,0,2,5,3,0,8,1,0,0,0,0,0,0,0.152,0.136,0.5,5,9,"47,580",161,100,rtol,8,,sunny
131,7/25/12,LAD,STL,L 2-3,44,42,2,8,3,1,0,2,1,0,9,0,0,1,0,1,0,0,-0.767,-3.584,1.498,6,16,"37,841",235,102,rtol,8,,cloudy
132,7/25/12,STL,LAD,W 3-2,46,37,3,6,1,0,0,2,7,0,11,0,1,1,1,1,0,0,-0.267,-2.166,1.73,8,17,"37,841",235,102,rtol,8,,cloudy
133,7/24/12,LAD,STL,L 2-8,35,33,2,7,2,0,0,2,1,0,8,1,0,0,2,3,0,0,-0.067,-2.188,0.85,6,15,"38,195",174,103,torf,5,,cloudy
134,7/24/12,STL,LAD,W 8-2,39,31,8,8,3,0,0,8,6,1,5,1,1,0,0,0,1,0,0.431,4.276,0.918,7,13,"38,195",174,103,torf,5,,cloudy
135,7/23/12,LAD,STL,W 5-3,36,33,5,7,2,0,1,5,3,0,4,0,0,0,1,1,0,1,0.183,0.811,0.712,4,14,"42,806",186,103,rtol,8,,sunny
136,7/23/12,STL,LAD,L 3-5,36,35,3,9,2,0,1,3,1,0,6,0,0,0,0,1,1,0,-0.317,-1.188,1.132,6,15,"42,806",186,103,rtol,8,,sunny
137,7/18/12,KCR,SEA,W 8-7,40,37,8,14,4,0,2,8,3,0,2,0,0,0,0,1,0,0,0.638,3.954,1.105,8,9,"17,312",183,103,rtol,12,,sunny
138,7/18/12,SEA,KCR,L 7-8,42,41,7,14,1,1,2,7,1,0,10,0,0,0,0,0,0,0,0.138,2.451,1.447,8,10,"17,312",183,103,rtol,12,,sunny
139,7/17/12,LAA,DET,W 13-0,48,44,13,18,3,0,5,13,4,0,8,0,0,0,0,2,0,0,0.4,8.319,0.238,8,12,"33,950",189,100,tolf,12,,cloudy
140,7/17/12,DET,LAA,L 0-13,37,30,0,4,0,0,0,0,6,0,3,1,0,0,0,1,0,0,-0.098,-4.682,0.201,10,12,"33,950",189,100,tolf,12,,cloudy
141,7/7/12,WSN,COL,W 4-1,32,29,4,8,1,0,1,2,2,0,9,0,1,0,1,3,0,0,0.162,0.161,0.852,4,14,"28,032",182,101,ltor,2,,cloudy
142,7/7/12,COL,WSN,L 1-4,36,32,1,6,2,0,0,1,3,0,12,0,0,1,0,0,1,0,-0.34,-3.318,1.075,8,15,"28,032",182,101,ltor,2,,cloudy
143,7/7/12,STL,MIA,W 3-2,36,32,3,8,2,1,0,3,2,0,8,2,0,0,0,0,0,0,0.047,-0.725,1.167,9,13,"41,312",149,106,fromrf,4,,cloudy
144,7/7/12,MIA,STL,L 2-3,34,33,2,6,1,0,1,2,1,0,6,0,0,0,1,0,0,0,-0.455,-2.189,1.312,5,13,"41,312",149,106,fromrf,4,,cloudy
145,7/6/12,STL,MIA,L 2-3,40,36,2,12,6,0,0,2,1,0,5,2,1,0,0,2,0,0,-0.452,-2.187,1.703,11,15,"46,721",191,103,fromrf,10,,sunny
146,7/6/12,MIA,STL,W 3-2,36,31,3,6,0,0,1,2,2,0,5,2,1,0,2,3,0,0,0.047,-1.188,1.308,6,15,"46,721",191,103,fromrf,10,,sunny
147,7/5/12,MIA,MIL,W 4-0,37,35,4,9,2,0,1,4,1,0,10,0,1,0,0,0,1,0,-0.097,-0.491,0.968,6,13,"27,443",168,101,tolf,8,,cloudy
148,7/5/12,MIL,MIA,L 0-4,32,30,0,7,2,0,0,0,0,0,10,1,1,0,0,3,0,0,-0.597,-4.492,1.176,5,14,"27,443",168,101,tolf,8,,cloudy
149,7/5/12,COL,STL,L 2-6,39,37,2,9,1,0,1,2,2,0,9,0,0,0,1,0,0,0,-0.309,-2.187,0.665,10,14,"41,751",187,102,ltor,8,,sunny
150,7/5/12,STL,COL,W 6-2,35,30,6,7,1,0,0,6,4,0,7,0,1,0,0,1,0,0,0.19,2.279,0.637,5,16,"41,751",187,102,ltor,8,,sunny
151,7/4/12,MIA,MIL,W 7-6,41,37,7,10,1,0,3,7,4,0,11,0,0,0,0,2,1,0,0.613,2.011,1.186,4,16,"31,910",213,100,tolf,12,,sunny
152,7/4/12,MIL,MIA,L 6-7,44,37,6,11,2,0,0,6,5,1,6,0,2,0,0,2,0,0,0.115,1.01,1.373,8,16,"31,910",213,100,tolf,12,,sunny
153,7/4/12,COL,STL,L 1-4,37,36,1,10,2,1,0,1,1,0,13,0,0,0,0,1,0,0,-0.468,-3.187,1.225,9,15,"42,338",174,103,torf,9,,sunny
154,7/4/12,STL,COL,W 4-1,36,31,4,9,1,0,0,4,3,1,3,1,1,0,1,0,3,0,0.031,0.277,0.855,8,15,"42,338",174,103,torf,9,,sunny
155,7/1/12,ATL,WSN,L 4-8,39,35,4,8,2,0,1,4,4,0,9,0,0,0,0,0,0,0,-0.195,-0.369,1.058,8,14,"18,796",182,101,ltor,4,,cloudy
156,7/1/12,WSN,ATL,W 8-4,41,35,8,8,3,0,1,7,4,0,9,1,0,1,1,0,1,0,0.305,3.632,0.435,6,15,"18,796",182,101,ltor,4,,cloudy
157,6/30/12,ATL,WSN,W 7-5,39,30,7,9,5,0,0,7,6,0,7,0,1,2,0,0,2,0,0.391,3.117,0.78,8,14,"26,491",194,104,ltor,5,,sunny
158,6/30/12,WSN,ATL,L 5-7,41,34,5,9,4,0,0,5,7,1,7,0,0,0,0,2,0,0,-0.108,0.631,1.119,9,15,"26,491",194,104,ltor,5,,sunny
159,6/29/12,ATL,WSN,L 4-5,38,32,4,7,2,0,1,4,2,0,3,2,1,1,1,1,0,0,-0.158,-0.369,1.724,7,16,"32,299",195,101,ltor,4,,sunny
160,6/29/12,WSN,ATL,W 5-4,41,40,5,15,2,0,2,5,1,0,10,0,0,0,1,1,0,0,0.339,0.63,0.835,9,13,"32,299",195,101,ltor,4,,sunny
161,6/29/12,BAL,CLE,W 9-8,41,35,9,10,1,0,2,9,6,0,5,0,0,0,2,1,3,0,0.805,4.956,1.128,8,9,"24,779",208,100,ltor,3,,sunny
162,6/29/12,CLE,BAL,L 8-9,47,42,8,16,2,0,1,7,4,0,6,1,0,0,0,1,0,0,0.306,3.449,1.598,12,11,"24,779",208,100,ltor,3,,sunny
163,6/29/12,PIT,STL,W 14-5,51,46,14,19,2,0,4,14,5,0,8,0,0,0,0,0,0,0,0.753,9.813,0.599,10,14,"45,382",189,101,rtol,11,,sunny
164,6/29/12,STL,PIT,L 5-14,36,34,5,7,1,0,1,5,2,0,8,0,0,0,0,0,0,0,0.253,0.811,0.792,4,16,"45,382",189,101,rtol,11,,sunny
165,6/26/12,DET,TEX,L 5-7,35,32,5,5,2,0,1,5,2,0,12,1,0,0,0,0,0,0,-0.09,0.137,1.095,3,9,"39,561",195,103,torf,2,,sunny
166,6/26/12,TEX,DET,W 7-5,36,32,7,10,1,1,2,6,3,0,6,1,0,0,0,0,1,1,0.41,2.679,0.824,5,11,"39,561",195,103,torf,2,,sunny
167,6/25/12,DET,TEX,W 8-2,42,36,8,10,5,0,0,8,5,0,6,0,0,1,1,1,1,0,0.369,3.138,0.303,7,10,"36,920",195,100,ltor,2,,sunny
168,6/25/12,TEX,DET,L 2-8,41,37,2,10,2,0,1,2,3,0,10,0,0,0,0,0,0,0,-0.132,-2.86,0.332,12,9,"36,920",195,100,ltor,2,,sunny
169,6/25/12,COL,WSN,W 4-2,34,30,4,7,1,1,0,4,2,1,10,1,0,1,0,0,1,0,0.139,-0.458,1.11,6,14,"40,177",161,100,tolf,10,,cloudy
170,6/25/12,WSN,COL,L 2-4,37,33,2,8,3,1,0,2,1,0,10,2,1,0,0,1,0,0,-0.361,-3.013,1.383,8,12,"40,177",161,100,tolf,10,,cloudy
171,6/9/12,ARI,OAK,W 8-3,42,34,8,12,3,0,1,8,7,3,6,0,1,0,0,0,1,1,0.286,4.08,0.74,10,12,"28,061",175,102,tocf,12,,sunny
172,6/9/12,OAK,ARI,L 3-8,39,34,3,10,3,0,0,3,3,0,9,0,1,1,0,1,1,0,-0.214,-1.409,0.813,9,13,"28,061",175,102,tocf,12,,sunny
173,6/8/12,ARI,OAK,W 9-8,44,39,9,15,4,0,3,9,4,0,10,0,1,0,0,0,0,1,0.836,4.692,1.091,9,16,"25,787",222,101,tocf,6,,sunny
174,6/8/12,OAK,ARI,L 8-9,45,43,8,16,5,0,1,8,2,0,11,0,0,0,0,0,0,0,0.337,3.591,0.619,10,15,"25,787",222,101,tocf,6,,sunny
175,6/4/12,ARI,COL,L 0-4,35,31,0,6,3,0,0,0,3,0,6,0,1,0,0,1,0,0,-0.334,-4.41,0.879,8,13,"22,881",158,100,ltor,9,,sunny
176,6/4/12,COL,ARI,W 4-0,39,35,4,12,2,1,1,3,2,0,4,0,1,1,0,1,0,0,0.165,-0.41,0.476,8,12,"22,881",158,100,ltor,9,,sunny
177,5/22/12,ARI,LAD,L 7-8,40,38,7,15,5,0,2,7,0,0,12,0,1,1,0,1,0,1,0.184,2.59,1.164,6,16,"25,738",218,105,tocf,11,,cloudy
178,5/22/12,LAD,ARI,W 8-7,42,35,8,12,2,0,0,8,5,0,9,0,0,2,2,2,0,2,0.682,3.591,1.621,7,17,"25,738",218,105,tocf,11,,cloudy
179,5/21/12,ARI,LAD,L 1-6,33,31,1,6,0,1,0,1,1,0,8,0,1,0,0,0,0,1,-0.363,-3.411,0.98,5,14,"24,768",197,105,fromcf,9,,sunny
180,5/21/12,LAD,ARI,W 6-1,42,38,6,11,0,1,3,6,3,0,8,0,1,0,0,0,0,0,0.136,1.59,0.755,9,15,"24,768",197,105,fromcf,9,,sunny
181,9/13/11,CLE,TEX,L 4-10,38,36,4,9,3,0,2,3,1,0,7,1,0,0,0,0,0,0,-0.03,-0.921,0.822,7,10,"30,107",182,101,rtol,1,,cloudy
182,9/13/11,TEX,CLE,W 10-4,40,36,10,14,2,0,4,10,4,0,4,0,0,0,0,0,1,0,0.469,5.626,0.683,6,10,"30,107",182,101,rtol,1,,cloudy
183,8/31/11,TBR,TEX,W 4-1,37,33,4,6,0,0,1,4,3,0,5,1,0,0,0,0,1,0,0.079,-0.922,0.781,6,9,"28,034",159,102,rtol,3,,sunny
184,8/31/11,TEX,TBR,L 1-4,34,33,1,7,0,1,0,1,1,0,8,0,0,0,0,1,0,0,-0.421,-3.923,0.744,6,9,"28,034",159,102,rtol,3,,sunny
185,8/30/11,TEX,TBR,W 2-0,35,30,2,7,2,0,1,2,5,2,6,0,0,0,1,2,1,0,-0.104,-2.376,1.01,9,9,"23,069",174,102,rtol,3,,sunny
186,8/30/11,TBR,TEX,L 0-2,30,28,0,3,0,0,0,0,2,0,5,0,0,0,0,1,0,2,-0.606,-4.923,1.241,3,11,"23,069",174,102,rtol,3,,sunny
187,8/28/11,LAA,TEX,L 5-9,36,34,5,9,3,1,1,5,1,0,6,1,0,0,0,0,1,2,0.074,0.078,0.83,4,10,"40,018",189,103,fromlf,1,,sunny
188,8/28/11,TEX,LAA,W 9-5,40,33,9,12,3,1,2,9,7,2,3,0,0,0,0,2,1,0,0.574,4.625,1.066,7,11,"40,018",189,103,fromlf,1,,sunny
189,8/27/11,LAA,TEX,W 8-4,42,39,8,13,2,1,5,8,3,0,4,0,0,0,1,0,1,0,0.366,3.077,0.642,7,9,"48,453",185,104,,1,,sunny
190,8/27/11,TEX,LAA,L 4-8,35,30,4,6,0,0,1,4,2,0,4,2,0,1,0,2,0,0,-0.134,-0.922,1.04,4,9,"48,453",185,104,,1,,sunny
191,8/26/11,TEX,LAA,W 11-7,44,42,11,18,5,0,3,11,1,0,8,0,1,0,0,0,1,0,0.224,6.624,0.527,9,9,"38,256",192,102,,0,,sunny
192,8/26/11,LAA,TEX,L 7-11,40,38,7,14,2,0,2,7,2,0,7,0,0,0,0,2,0,1,-0.278,2.079,0.59,6,12,"38,256",192,102,,0,,sunny
193,8/25/11,BOS,TEX,W 6-0,37,35,6,9,1,0,4,6,2,0,9,0,0,0,0,1,0,0,0.264,1.076,0.294,4,9,"29,729",167,101,,0,,sunny
194,8/25/11,TEX,BOS,L 0-6,32,29,0,3,0,0,0,0,3,0,10,0,0,0,1,1,1,1,-0.238,-4.924,0.588,5,11,"29,729",167,101,,0,,sunny
195,8/24/11,BOS,TEX,W 13-2,44,40,13,16,3,0,3,13,2,0,9,0,1,1,0,0,1,0,0.369,8.077,0.391,4,12,"30,724",202,104,fromlf,6,,cloudy
196,8/24/11,TEX,BOS,L 2-13,36,33,2,6,0,0,1,2,3,0,7,0,0,0,0,0,1,0,-0.132,-2.923,0.334,7,10,"30,724",202,104,fromlf,6,,cloudy
197,8/23/11,BOS,TEX,W 11-5,44,38,11,14,5,0,2,11,3,2,3,0,1,2,0,0,1,0,0.367,6.075,0.531,6,9,"25,705",187,103,fromrf,2,,cloudy
198,8/23/11,TEX,BOS,L 5-11,38,32,5,8,0,0,2,5,4,0,8,0,0,2,0,1,1,0,-0.132,0.078,0.818,6,9,"25,705",187,103,fromrf,2,,cloudy
199,8/22/11,BOS,TEX,L 0-4,34,30,0,4,0,0,0,0,4,0,7,0,0,0,0,1,0,0,-0.454,-4.922,0.819,7,9,"33,920",190,102,,1,,sunny
200,8/22/11,TEX,BOS,W 4-0,34,31,4,8,1,0,1,4,3,0,6,0,0,0,0,0,0,1,0.047,-0.376,0.779,6,9,"33,920",190,102,,1,,sunny
201,8/10/11,SEA,TEX,W 4-3,44,38,4,11,2,0,1,3,6,1,10,0,0,0,1,1,1,0,0.017,-0.922,1.288,13,9,"30,087",189,102,fromrf,4,,sunny
202,8/10/11,TEX,SEA,L 3-4,37,32,3,8,1,0,2,3,4,0,4,0,1,0,0,1,1,0,-0.482,-1.923,1.719,7,10,"30,087",189,102,fromrf,4,,sunny
203,8/9/11,TEX,SEA,W 7-6,39,32,7,9,2,0,2,7,6,1,6,0,1,0,0,0,1,0,0.627,3.638,1.498,8,11,"25,214",192,105,rtol,7,,sunny
204,8/9/11,SEA,TEX,L 6-7,40,35,6,11,3,1,0,5,4,0,9,0,0,1,0,1,1,0,0.129,1.076,1.005,7,9,"25,214",192,105,rtol,7,,sunny
205,8/8/11,TEX,SEA,W 9-2,44,37,9,15,1,0,1,9,7,0,2,0,0,0,1,0,0,0,0.385,4.625,0.634,11,12,"27,771",162,104,rtol,4,,sunny
206,8/8/11,SEA,TEX,L 2-9,32,32,2,6,4,0,0,2,0,0,7,0,0,0,1,2,0,0,-0.115,-2.924,0.625,3,9,"27,771",162,104,rtol,4,,sunny
207,8/7/11,CLE,TEX,L 3-5,34,31,3,5,0,1,1,3,2,0,5,0,0,1,0,0,1,0,-0.146,-1.923,0.773,4,10,"37,431",158,102,fromrf,4,,sunny
208,8/7/11,TEX,CLE,W 5-3,32,28,5,7,0,0,0,5,4,0,5,0,0,0,0,2,0,0,0.356,0.625,1.387,3,12,"37,431",158,102,fromrf,4,,sunny
209,8/6/11,TEX,CLE,L 5-7,40,36,5,8,2,0,0,4,2,0,3,1,0,1,2,0,1,0,0.151,0.078,1.294,8,9,"38,210",213,106,rtol,7,,sunny
210,8/6/11,CLE,TEX,W 7-5,40,36,7,10,4,0,1,5,3,0,10,0,1,0,1,0,0,0,0.651,2.079,1.464,6,10,"38,210",213,106,rtol,7,,sunny
211,8/5/11,TEX,CLE,W 8-7,48,43,8,12,3,0,2,7,4,0,11,0,0,1,0,0,1,0,0.483,2.232,1.291,8,9,"37,842",239,105,rtol,9,,sunny
212,8/5/11,CLE,TEX,L 7-8,46,40,7,11,1,0,2,7,4,0,8,2,0,0,1,2,1,3,-0.016,0.984,0.887,6,10,"37,842",239,105,rtol,9,,sunny
213,8/2/11,BAL,KCR,W 8-2,44,39,8,12,2,0,2,8,5,0,6,0,0,0,0,1,0,0,0.203,3.541,0.894,9,10,"17,116",170,107,ltor,9,,sunny
214,8/2/11,KCR,BAL,L 2-8,34,32,2,6,3,0,0,2,1,0,5,0,0,1,1,1,0,0,-0.297,-2.459,0.968,5,9,"17,116",170,107,ltor,9,,sunny
215,7/29/11,NYM,WSN,W 8-5,39,36,8,12,3,0,0,8,1,0,3,0,0,2,1,0,0,0,0.394,3.882,0.485,4,15,"30,114",175,101,tocf,12,,cloudy
216,7/29/11,WSN,NYM,L 5-8,42,35,5,9,1,0,0,4,4,0,9,2,0,1,0,0,0,0,-0.107,0.884,0.821,10,16,"30,114",175,101,tocf,12,,cloudy
217,7/27/11,TEX,MIN,L 2-7,36,35,2,9,2,0,0,2,1,0,6,0,0,0,0,0,0,1,-0.361,-2.923,0.84,7,9,"35,950",186,101,fromrf,9,,sunny
218,7/27/11,MIN,TEX,W 7-2,44,39,7,12,3,0,2,7,5,2,8,0,0,0,1,0,1,0,0.139,2.078,0.56,10,11,"35,950",186,101,fromrf,9,,sunny
219,7/26/11,MIN,TEX,W 9-8,48,40,9,13,4,0,0,9,7,0,6,0,1,0,1,0,3,0,0.689,4.077,1.771,12,12,"30,581",215,101,fromrf,3,,sunny
220,7/26/11,TEX,MIN,L 8-9,43,39,8,13,3,0,1,8,2,0,6,1,1,0,0,0,2,0,0.191,3.079,1.401,8,10,"30,581",215,101,fromrf,3,,sunny
221,7/25/11,TEX,MIN,W 20-6,57,52,20,27,8,1,2,19,4,1,4,0,0,1,2,0,0,0,0.382,15.623,0.174,13,11,"35,573",205,102,fromrf,9,,sunny
222,7/25/11,MIN,TEX,L 6-20,41,39,6,11,3,0,1,4,2,0,4,0,0,0,3,3,0,0,-0.12,1.076,0.228,8,10,"35,573",205,102,fromrf,9,,sunny
223,7/24/11,TOR,TEX,W 3-0,36,34,3,8,3,0,0,3,2,0,8,0,0,0,0,0,0,0,-0.013,-1.923,0.792,6,9,"43,117",138,105,fromcf,2,,sunny
224,7/24/11,TEX,TOR,L 0-3,33,31,0,4,0,0,0,0,2,0,7,0,0,0,0,0,0,0,-0.515,-4.923,0.923,6,9,"43,117",138,105,fromcf,2,,sunny
225,7/23/11,TEX,TOR,W 5-4,40,35,5,12,2,1,0,5,2,1,4,0,3,0,1,0,2,0,0.516,0.539,1.773,9,11,"38,537",188,100,fromrf,9,,sunny
226,7/23/11,LAA,BAL,L 2-3,33,31,2,8,3,0,1,2,2,0,5,0,0,0,0,2,0,2,-0.485,-2.6,1.329,4,12,"20,311",141,102,fromlf,5,,sunny
227,7/23/11,BAL,LAA,W 3-2,32,31,3,13,1,0,1,3,0,0,2,0,0,1,0,2,0,0,0.013,-1.089,1.232,5,9,"20,311",141,102,fromlf,5,,sunny
228,7/23/11,PHI,SDP,W 8-6,38,33,8,11,4,0,4,8,4,1,9,0,1,0,0,0,2,0,0.7,4.304,0.892,6,18,"45,072",194,100,ltor,11,,cloudy
229,7/23/11,SDP,PHI,L 6-8,41,36,6,11,1,1,2,5,5,0,4,0,0,0,0,2,1,0,0.201,1.843,1.157,8,16,"45,072",194,100,ltor,11,,cloudy
230,7/23/11,TOR,TEX,L 4-5,34,33,4,9,3,1,1,4,1,0,11,0,0,0,1,2,0,2,0.018,-0.924,0.952,3,10,"38,537",188,100,fromrf,9,,sunny
231,7/23/11,KCR,TBR,W 5-4,40,37,5,10,4,0,0,5,1,0,9,1,0,1,1,0,1,0,0.43,1.162,1.842,8,12,"27,643",205,101,rtol,8,,sunny
232,7/23/11,TBR,KCR,L 4-5,45,40,4,11,4,2,0,4,5,1,15,0,0,0,0,1,1,0,-0.071,-0.955,1.419,11,12,"27,643",205,101,rtol,8,,sunny
233,7/22/11,LAA,BAL,W 6-1,41,35,6,9,3,0,1,6,3,1,5,1,2,0,2,0,3,1,0.052,1.399,1.263,8,9,"24,823",169,104,torf,7,,cloudy
234,7/22/11,BAL,LAA,L 1-6,32,31,1,3,1,0,0,1,1,0,3,0,0,0,1,0,0,0,-0.451,-3.601,1.214,4,9,"24,823",169,104,torf,7,,cloudy
235,7/22/11,BOS,SEA,W 7-4,37,33,7,13,1,0,1,6,4,0,3,0,0,0,0,4,1,0,0.113,2.784,0.991,6,10,"38,048",173,100,torf,12,,sunny
236,7/22/11,SEA,BOS,L 4-7,39,38,4,11,3,0,1,4,1,0,6,0,0,0,0,0,3,0,-0.386,-0.743,1.057,8,9,"38,048",173,100,torf,12,,sunny
237,7/22/11,NYY,OAK,W 17-7,49,38,17,17,1,0,2,17,9,0,10,1,0,1,0,1,2,0,0.549,12.751,0.473,8,12,"46,921",221,100,ltor,6,,sunny
238,7/22/11,OAK,NYY,L 7-17,46,40,7,13,4,0,1,7,4,0,6,1,1,0,1,0,0,0,0.05,2.217,0.482,12,10,"46,921",221,100,ltor,6,,sunny
239,7/8/11,TEX,OAK,W 8-5,39,35,8,10,2,0,3,7,4,0,8,0,0,0,2,1,2,0,0.366,3.624,0.412,7,10,"37,858",168,106,fromrf,8,,sunny
240,7/8/11,OAK,TEX,L 5-8,36,30,5,6,1,0,1,3,5,0,11,1,0,0,0,3,2,0,-0.133,0.078,0.597,4,9,"37,858",168,106,fromrf,8,,sunny
241,7/7/11,OAK,TEX,L 0-6,33,31,0,4,0,0,0,0,2,0,7,0,0,0,0,0,0,0,-0.303,-4.923,0.483,6,10,"35,041",151,100,fromrf,8,,sunny
242,7/7/11,TEX,OAK,W 6-0,37,31,6,10,2,0,1,6,3,0,3,0,1,2,0,1,1,0,0.197,1.624,0.51,7,9,"35,041",151,100,fromrf,8,,sunny
243,7/4/11,BAL,TEX,L 4-13,36,32,4,6,0,0,3,4,3,0,5,1,0,0,0,1,0,0,0.005,-0.923,0.434,5,12,"42,885",168,102,rtol,10,,cloudy
244,7/4/11,TEX,BAL,W 13-4,43,40,13,18,7,1,2,13,1,0,4,0,0,2,1,1,1,0,0.503,8.625,0.407,6,12,"42,885",168,102,rtol,10,,cloudy
245,7/2/11,FLA,TEX,W 9-5,43,38,9,13,2,0,3,9,3,0,6,0,0,2,1,1,2,0,0.479,4.077,0.496,7,10,"29,728",201,100,fromlf,10,,sunny
246,7/2/11,TEX,FLA,L 5-9,39,35,5,7,0,1,3,4,4,0,5,0,0,0,1,0,3,0,-0.024,0.076,0.716,7,10,"29,728",201,100,fromlf,10,,sunny
247,6/17/11,ARI,CHW,W 4-1,33,32,4,9,4,0,0,4,1,0,11,0,0,0,0,1,1,0,0.139,0.233,0.598,5,9,"26,053",157,103,fromlf,18,,sunny
248,6/17/11,CHW,ARI,L 1-4,32,30,1,3,0,0,1,1,1,0,5,1,0,0,1,1,0,0,-0.36,-3.24,0.893,4,13,"26,053",157,103,fromlf,18,,sunny
249,6/16/11,ARI,SFG,W 3-2,39,37,3,9,2,0,2,3,2,1,12,0,0,0,0,0,0,0,0.132,-1.462,1.081,8,12,"23,468",189,103,torf,12,,sunny
250,6/16/11,SFG,ARI,L 2-3,38,35,2,6,0,0,0,1,2,0,11,0,0,1,0,0,2,0,-0.368,-2.709,1.949,6,14,"23,468",189,103,torf,12,,sunny
251,6/15/11,ARI,SFG,L 2-5,36,34,2,9,2,0,2,2,2,0,8,0,0,0,0,1,0,1,-0.377,-2.237,1.356,7,14,"24,194",175,106,torf,9,,sunny
252,6/15/11,SFG,ARI,W 5-2,37,34,5,10,2,2,0,4,3,0,4,0,0,0,0,1,0,1,0.124,0.761,1.011,5,14,"24,194",175,106,torf,9,,sunny
253,6/14/11,ARI,SFG,L 5-6,40,33,5,8,4,0,1,5,5,0,5,0,1,1,0,0,1,0,-0.289,0.762,1.762,8,16,"23,746",195,104,torf,6,,sunny
254,6/14/11,SFG,ARI,W 6-5,43,34,6,11,3,0,0,5,6,0,7,0,3,0,0,0,0,1,0.212,1.76,0.985,10,14,"23,746",195,104,torf,6,,sunny
255,9/25/10,ARI,LAD,W 5-2,38,29,5,11,3,1,1,5,7,2,7,0,0,2,0,3,0,1,0.2,0.901,1.075,9,12,"41,477",146,103,rtol,3,,sunny
256,9/25/10,LAD,ARI,L 2-5,32,28,2,3,1,0,0,2,2,0,6,1,1,0,0,1,0,0,-0.299,-2.61,0.688,3,13,"41,477",146,103,rtol,3,,sunny
257,8/23/10,MIN,TEX,L 0-4,32,26,0,1,0,0,0,0,6,0,9,0,0,0,0,2,0,0,-0.439,-4.872,0.914,5,9,"22,757",160,100,fromlf,5,,
258,8/23/10,TEX,MIN,W 4-0,31,30,4,10,0,1,0,4,0,0,5,0,0,1,0,2,0,1,0.059,-0.332,0.549,3,9,"22,757",160,100,fromlf,5,,
259,8/14/10,TEX,BOS,L 1-3,32,32,1,7,0,1,1,1,0,0,6,0,0,0,1,1,1,2,-0.696,-3.874,1.382,4,11,"48,030",176,102,fromrf,8,,sunny
260,8/14/10,BOS,TEX,W 3-1,40,36,3,10,1,0,0,3,3,1,9,0,0,1,1,1,1,0,-0.194,-1.872,1.103,10,9,"48,030",176,102,fromrf,8,,sunny
261,6/4/10,ARI,COL,W 7-6,44,35,7,12,1,1,2,7,4,0,9,3,0,2,0,0,0,0,0.759,3.315,2.205,12,17,"25,290",211,102,rtol,15,,sunny
262,6/4/10,COL,ARI,L 6-7,37,32,6,5,0,0,3,6,3,0,14,2,0,0,1,1,1,0,0.257,1.391,1.011,4,17,"25,290",211,102,rtol,15,,sunny
263,9/25/09,ARI,SDP,L 0-4,32,31,0,6,0,0,0,0,1,0,7,0,0,0,0,1,0,0,-0.415,-4.701,0.825,5,14,"29,719",144,101,tolf,10,,sunny
264,9/25/09,SDP,ARI,W 4-0,37,33,4,9,1,0,0,4,4,0,9,0,0,0,0,2,3,1,0.085,-0.701,0.69,6,9,"29,719",144,101,tolf,10,,sunny
265,9/22/09,ARI,SFG,W 10-8,41,37,10,16,4,1,1,9,3,0,10,0,0,1,0,0,0,1,0.655,5.822,0.614,7,10,"25,591",193,100,fromcf,11,,sunny
266,9/22/09,SFG,ARI,L 8-10,42,37,8,13,1,3,0,7,4,0,3,0,0,1,0,1,0,0,0.154,3.296,0.672,7,21,"25,591",193,100,fromcf,11,,sunny
267,9/21/09,ARI,SFG,L 4-5,39,35,4,9,1,0,1,4,4,0,7,0,0,0,0,1,0,0,-0.308,-0.702,1.736,8,19,"25,485",212,105,ltor,13,,sunny
268,9/21/09,SFG,ARI,W 5-4,43,34,5,8,1,0,0,4,6,1,4,1,1,1,2,0,1,0,0.19,0.299,1.436,11,19,"25,485",212,105,ltor,13,,sunny
269,7/4/09,TBR,TEX,L 4-12,35,33,4,8,4,1,2,4,2,0,6,0,0,0,0,2,0,0,-0.039,-1.083,0.505,4,11,"43,809",170,100,fromrf,9,,sunny
270,7/4/09,TEX,TBR,W 12-4,44,37,12,14,4,1,2,12,5,0,5,1,0,1,0,0,1,0,0.461,7.48,0.352,8,11,"43,809",170,100,fromrf,9,,sunny
271,7/3/09,TBR,TEX,L 1-3,35,30,1,3,0,0,0,1,5,0,8,0,0,0,1,0,1,0,-0.501,-4.084,1.159,7,9,"39,123",177,100,fromcf,15,,sunny
272,7/3/09,TEX,TBR,W 3-1,33,30,3,5,2,0,1,3,3,1,10,0,0,0,1,0,1,0,-0.002,-1.519,0.832,6,10,"39,123",177,100,fromcf,15,,sunny
273,6/27/09,SDP,TEX,W 7-3,43,42,7,16,5,0,0,7,1,0,9,0,0,0,0,1,1,0,0.274,1.917,0.591,9,9,"25,410",149,100,fromlf,5,,cloudy
274,6/27/09,TEX,SDP,L 3-7,33,32,3,6,2,0,1,3,1,0,11,0,0,0,0,1,0,0,-0.225,-2.084,0.633,3,9,"25,410",149,100,fromlf,5,,cloudy
275,6/26/09,SDP,TEX,L 2-12,37,32,2,4,0,0,1,2,3,0,5,2,0,0,1,0,0,0,-0.06,-3.084,0.381,8,11,"33,340",166,100,fromcf,10,,sunny
276,6/26/09,TEX,SDP,W 12-2,42,34,12,13,2,1,2,10,6,0,5,0,0,2,1,1,0,0,0.439,7.482,0.403,6,9,"33,340",166,100,fromcf,10,,sunny
277,6/24/09,ARI,TEX,L 1-2,35,32,1,7,2,1,0,1,2,0,5,0,1,0,1,2,0,0,-0.727,-3.702,1.796,7,13,"20,031",160,101,tolf,12,,sunny
278,6/24/09,TEX,ARI,W 2-1,34,30,2,4,1,0,0,2,2,0,9,1,1,0,1,1,1,0,-0.223,-2.703,0.957,5,12,"20,031",160,101,tolf,12,,sunny
279,8/4/08,TEX,NYY,W 9-5,41,35,9,10,1,1,3,9,6,0,10,0,0,0,0,0,0,1,0.477,4.261,1.556,6,11,"33,813",208,101,fromlf,10,,cloudy
280,8/4/08,NYY,TEX,L 5-9,38,37,5,10,1,0,3,4,1,0,8,0,0,0,0,0,0,0,-0.022,0.147,1.324,6,11,"33,813",208,101,fromlf,10,,cloudy
281,8/3/08,TEX,TOR,W 8-4,37,29,8,7,2,0,3,8,5,1,7,2,0,1,0,1,0,0,0.338,3.687,0.821,5,10,"17,488",171,103,fromlf,7,,sunny
282,8/3/08,TOR,TEX,L 4-8,35,33,4,7,2,0,0,4,1,0,4,0,0,1,0,0,1,0,-0.163,-0.853,0.859,4,10,"17,488",171,103,fromlf,7,,sunny
283,8/2/08,TEX,TOR,L 4-6,36,33,4,7,3,0,0,3,2,0,6,1,0,0,1,0,0,0,-0.154,-0.852,1.508,5,10,"32,641",181,102,fromlf,8,,cloudy
284,8/2/08,TOR,TEX,W 6-4,37,32,6,8,2,0,0,6,4,1,7,1,0,0,0,1,2,1,0.345,1.147,1.093,4,10,"32,641",181,102,fromlf,8,,cloudy
285,8/1/08,TEX,TOR,W 9-8,42,36,9,12,4,0,1,9,5,2,4,1,0,0,1,0,0,1,0.908,5.099,1.684,8,12,"23,973",186,100,fromlf,7,,cloudy
286,8/1/08,TOR,TEX,L 8-9,43,38,8,13,2,1,2,8,2,0,5,0,1,0,1,1,0,0,0.408,3.147,1.067,8,12,"23,973",186,100,fromlf,7,,cloudy
287,7/28/08,TEX,SEA,L 5-7,43,35,5,11,2,0,0,5,6,0,9,0,2,0,0,1,0,0,-0.095,0.148,1.871,11,10,"21,742",175,101,fromlf,10,,sunny
288,7/28/08,SEA,TEX,W 7-5,38,34,7,11,1,1,4,7,2,0,7,0,1,1,0,2,1,0,0.405,2.147,0.997,4,12,"21,742",175,101,fromlf,10,,sunny
289,7/12/08,CHW,TEX,W 9-7,50,39,9,16,2,1,2,9,6,0,7,2,1,2,0,0,2,0,0.33,4.147,1.013,14,11,"39,209",209,100,rtol,16,,cloudy
290,7/12/08,TEX,CHW,L 7-9,39,38,7,11,5,1,1,7,1,0,9,0,0,0,0,0,1,0,-0.171,2.148,0.859,5,10,"39,209",209,100,rtol,16,,cloudy
291,6/13/08,ARI,KCR,W 1-0,41,32,1,5,0,0,1,1,8,1,7,0,1,0,0,0,0,0,-0.364,-4.168,1.456,12,13,"33,323",173,101,fromlf,12,,sunny
292,6/13/08,KCR,ARI,L 0-1,39,34,0,7,1,0,0,0,4,0,10,0,1,0,0,2,1,0,-0.863,-5.458,1.514,9,14,"33,323",173,101,fromlf,12,,sunny
293,9/3/07,LAA,OAK,W 9-5,38,34,9,12,3,0,3,8,3,1,5,0,0,1,0,1,0,0,0.203,4.552,0.406,5,11,"39,164",173,106,torf,5,,cloudy
294,9/3/07,OAK,LAA,L 5-9,41,33,5,8,0,0,2,5,7,0,9,0,0,1,1,1,0,0,-0.296,-0.004,0.708,9,13,"39,164",173,106,torf,5,,cloudy
295,9/1/07,LAA,TEX,L 6-7,42,36,6,10,3,0,1,6,4,0,7,1,0,1,0,0,0,0,-0.167,0.996,0.975,9,9,"38,342",208,101,tocf,5,,sunny
296,9/1/07,TEX,LAA,W 7-6,42,35,7,10,4,1,1,7,6,0,14,1,0,0,0,0,0,1,0.333,1.996,0.664,8,9,"38,342",208,101,tocf,5,,sunny
297,8/12/07,KCR,TOR,L 1-4,31,28,1,4,0,0,1,1,3,0,6,0,0,0,0,2,1,0,-0.415,-3.954,0.792,3,11,"18,381",173,100,rtol,3,,sunny
298,8/12/07,TOR,KCR,W 4-1,44,36,4,12,5,1,0,4,5,1,2,0,1,2,0,0,0,0,0.083,-0.954,0.735,13,10,"18,381",173,100,rtol,3,,sunny
299,8/10/07,ARI,WSN,W 11-4,44,33,11,9,1,0,2,11,10,1,7,0,1,0,1,0,2,0,0.496,6.499,0.891,9,13,"31,110",177,100,ltor,6,,sunny
300,8/10/07,WSN,ARI,L 4-11,35,32,4,8,1,0,3,4,2,0,1,0,1,0,0,2,0,0,-0.002,-1.065,0.796,4,15,"31,110",177,100,ltor,6,,sunny